# phase-2 cycle oracle — key	u64 bits	repr
# pypy 3.11.15
ram/0.0	4607182418800017408	1.0
ram/0.5	4607182418800017408	1.0
ram/0.85	4607182418800017408	1.0
ram/1.0	4607182418800017408	1.0
ram/1.5	4606917409851197761	0.9705780963288718
ram/2.0	4606506878855911834	0.925
ram/3.0	4605460385570140568	0.8088159059021107
ram/5.0	4602792747292544526	0.5126485621862586
ram/5.0001	4602794148039147965	0.512804076299339
ram/6.0	4600131287693605421	0.35858359480053786
ram/8.0	4594897107473038142	0.1590141125024846
r1_ideal/st0/Tt	4643741180423569407	286.12499999999994
r1_ideal/st0/pt	4680247092513837086	80190.9380717878
r1_ideal/st0/mdot	4607182418800017408	1.0
r1_ideal/st0/far	0	0.0
r1_ideal/st2/Tt	4643741180423569407	286.12499999999994
r1_ideal/st2/pt	4680247092513837086	80190.9380717878
r1_ideal/st2/mdot	4607182418800017408	1.0
r1_ideal/st2/far	0	0.0
r1_ideal/st3/Tt	4648070361334396520	552.4208876767198
r1_ideal/st3/pt	4695135561221764134	801909.380717878
r1_ideal/st3/mdot	4607182418800017408	1.0
r1_ideal/st3/far	0	0.0
r1_ideal/st4/Tt	4654311885213007872	1500.0
r1_ideal/st4/pt	4695135561221764134	801909.380717878
r1_ideal/st4/mdot	4607286176900586785	1.023038926448699
r1_ideal/st4/far	4582297739844864047	0.023038926448698923
r1_ideal/st5/Tt	4653167078627999916	1239.7011190951262
r1_ideal/st5/pt	4690813869720412466	411543.13687564724
r1_ideal/st5/mdot	4607286176900586785	1.023038926448699
r1_ideal/st5/far	4582297739844864047	0.023038926448698923
r1_ideal/st9/Tt	4653167078627999916	1239.7011190951262
r1_ideal/st9/pt	4690813869720412466	411543.13687564724
r1_ideal/st9/mdot	4607286176900586785	1.023038926448699
r1_ideal/st9/far	4582297739844864047	0.023038926448698923
r1_ideal/V0	4643446910788215985	269.39770785958814
r1_ideal/V9	4652383357064533455	1061.5034666856407
r1_ideal/M9	4611759257861749896	2.0325248425356826
r1_ideal/T9	4649182269696397980	678.8302331888876
r1_ideal/p9	4677104761256804352	50000.0
r1_ideal/F	4650393768130969942	816.5616591200621
r1_ideal/tsfc	4538948692880684820	2.8214558192122296e-05
r1_ideal/eta_brayton	4602355506333243662	0.4820525320768788
r1_ideal/eta_thermal	4603108635010309118	0.547719143932113
r1_ideal/eta_propulsive	4601008961172900311	0.40730426004134074
r1_ideal/eta_overall	4597205624832382030	0.22308834062974586
r2_lossy/st0/Tt	4643741180423569407	286.12499999999994
r2_lossy/st0/pt	4680247092513837086	80190.9380717878
r2_lossy/st0/mdot	4607182418800017408	1.0
r2_lossy/st0/far	0	0.0
r2_lossy/st2/Tt	4643741180423569407	286.12499999999994
r2_lossy/st2/pt	4679971558548673974	76181.3911681984
r2_lossy/st2/mdot	4607182418800017408	1.0
r2_lossy/st2/far	0	0.0
r2_lossy/st3/Tt	4648389774525228686	588.7339632689998
r2_lossy/st3/pt	4694791143765310244	761813.9116819841
r2_lossy/st3/mdot	4607182418800017408	1.0
r2_lossy/st3/far	0	0.0
r2_lossy/st4/Tt	4654311885213007872	1500.0
r2_lossy/st4/pt	4694463947181679048	723723.2160978848
r2_lossy/st4/mdot	4607283245729322722	1.0223880756834025
r2_lossy/st4/far	4582110144883964013	0.022388075683402443
r2_lossy/st5/Tt	4652996991540810173	1201.0277929353608
r2_lossy/st5/pt	4688920561255077567	301338.0797208361
r2_lossy/st5/mdot	4607283245729322722	1.0223880756834025
r2_lossy/st5/far	4582110144883964013	0.022388075683402443
r2_lossy/st9/Tt	4652996991540810173	1201.0277929353608
r2_lossy/st9/pt	4688817022279282332	295311.3181264193
r2_lossy/st9/mdot	4607283245729322722	1.0223880756834025
r2_lossy/st9/far	4582110144883964013	0.022388075683402443
r2_lossy/V0	4643446910788215985	269.39770785958814
r2_lossy/V9	4651830590564295313	979.909457932301
r2_lossy/M9	4610866320518517735	1.817990501667049
r2_lossy/T9	4649571383421339520	723.06734209157
r2_lossy/p9	4677104761256804352	50000.0
r2_lossy/F	4649653914480134458	732.4500371797833
r2_lossy/tsfc	4539635571777951200	3.05660107133112e-05
r2_lossy/eta_brayton	4602804915466503730	0.5139995008759739
r2_lossy/eta_thermal	4602217609681164667	0.4743977301690376
r2_lossy/eta_propulsive	4601491291790921623	0.43407898792178784
r2_lossy/eta_overall	4596587289464986056	0.20592608658416922
r2_unified/st0/Tt	4643741180423569407	286.12499999999994
r2_unified/st0/pt	4680247092513837086	80190.9380717878
r2_unified/st0/mdot	4607182418800017408	1.0
r2_unified/st0/far	0	0.0
r2_unified/st2/Tt	4643741180423569407	286.12499999999994
r2_unified/st2/pt	4680247092513837086	80190.9380717878
r2_unified/st2/mdot	4607182418800017408	1.0
r2_unified/st2/far	0	0.0
r2_unified/st3/Tt	4648070361334396520	552.4208876767198
r2_unified/st3/pt	4695135561221764134	801909.380717878
r2_unified/st3/mdot	4607182418800017408	1.0
r2_unified/st3/far	0	0.0
r2_unified/st4/Tt	4654311885213007872	1500.0
r2_unified/st4/pt	4695135561221764134	801909.380717878
r2_unified/st4/mdot	4607286176900586785	1.023038926448699
r2_unified/st4/far	4582297739844864047	0.023038926448698923
r2_unified/st5/Tt	4653167078627999916	1239.7011190951262
r2_unified/st5/pt	4690813869720412466	411543.13687564724
r2_unified/st5/mdot	4607286176900586785	1.023038926448699
r2_unified/st5/far	4582297739844864047	0.023038926448698923
r2_unified/st9/Tt	4653167078627999916	1239.7011190951262
r2_unified/st9/pt	4690813869720412466	411543.13687564724
r2_unified/st9/mdot	4607286176900586785	1.023038926448699
r2_unified/st9/far	4582297739844864047	0.023038926448698923
r2_unified/V0	4643446910788215985	269.39770785958814
r2_unified/V9	4652383357064533455	1061.5034666856407
r2_unified/M9	4611759257861749896	2.0325248425356826
r2_unified/T9	4649182269696397980	678.8302331888876
r2_unified/p9	4677104761256804352	50000.0
r2_unified/F	4650393768130969942	816.5616591200621
r2_unified/tsfc	4538948692880684820	2.8214558192122296e-05
r2_unified/eta_brayton	4602355506333243662	0.4820525320768788
r2_unified/eta_thermal	4603108635010309118	0.547719143932113
r2_unified/eta_propulsive	4601008961172900311	0.40730426004134074
r2_unified/eta_overall	4597205624832382030	0.22308834062974586
r2_matt_iso/st0/Tt	4645569624280095784	390.05999999999995
r2_matt_iso/st0/pt	4690464763035598364	391222.45334336325
r2_matt_iso/st0/mdot	4607182418800017408	1.0
r2_matt_iso/st0/far	0	0.0
r2_matt_iso/st2/Tt	4645569624280095784	390.05999999999995
r2_matt_iso/st2/pt	4689649823528951608	343786.73087548045
r2_matt_iso/st2/mdot	4607182418800017408	1.0
r2_matt_iso/st2/far	0	0.0
r2_matt_iso/st3/Tt	4650337657511372996	810.1826202154848
r2_matt_iso/st3/pt	4704637175176972038	3437867.3087548045
r2_matt_iso/st3/mdot	4607182418800017408	1.0
r2_matt_iso/st3/far	0	0.0
r2_matt_iso/st4/Tt	4655631299166339072	1800.0
r2_matt_iso/st4/pt	4704194209347199355	3231595.270229516
r2_matt_iso/st4/mdot	4607343083223715748	1.0356746684856057
r2_matt_iso/st4/far	4585302082594141326	0.03567466848560584
r2_matt_iso/st5/Tt	4654171007048114877	1467.968013858582
r2_matt_iso/st5/pt	4697950831851011634	1210724.034103286
r2_matt_iso/st5/mdot	4607343083223715748	1.0356746684856057
r2_matt_iso/st5/far	4585302082594141326	0.03567466848560584
r2_matt_iso/st9/Tt	4654171007048114877	1467.968013858582
r2_matt_iso/st9/pt	4697742831045773442	1162295.0727391546
r2_matt_iso/st9/mdot	4607343083223715748	1.0356746684856057
r2_matt_iso/st9/far	4585302082594141326	0.03567466848560584
r2_matt_iso/V0	4648401349653288266	590.0499029743162
r2_matt_iso/V9	4653229470317489333	1253.8873468514478
r2_matt_iso/M9	4612255506512993084	2.252903513955429
r2_matt_iso/T9	4650542231708622515	833.4400137802207
r2_matt_iso/p9	4681608360884174848	100000.0
r2_matt_iso/F	4650309450537568444	806.9758585619488
r2_matt_iso/tsfc	4541648752064114294	4.420785096245505e-05
r2_matt_iso/eta_brayton	4602845929650978610	0.5185529900699974
r2_matt_iso/eta_thermal	4601223437575375681	0.4192100920546871
r2_matt_iso/eta_propulsive	4604875664006051323	0.7438987715574393
r2_matt_iso/eta_overall	4599289407796323455	0.31184987250396284
r2b_matt_poly/st0/Tt	4645569624280095784	390.05999999999995
r2b_matt_poly/st0/pt	4690464763035598364	391222.45334336325
r2b_matt_poly/st0/mdot	4607182418800017408	1.0
r2b_matt_poly/st0/far	0	0.0
r2b_matt_poly/st2/Tt	4645569624280095784	390.05999999999995
r2b_matt_poly/st2/pt	4689649823528951608	343786.73087548045
r2b_matt_poly/st2/mdot	4607182418800017408	1.0
r2b_matt_poly/st2/far	0	0.0
r2b_matt_poly/st3/Tt	4650337802099324601	810.1990579624754
r2b_matt_poly/st3/pt	4704637175176972038	3437867.3087548045
r2b_matt_poly/st3/mdot	4607182418800017408	1.0
r2b_matt_poly/st3/far	0	0.0
r2b_matt_poly/st4/Tt	4655631299166339072	1800.0
r2b_matt_poly/st4/pt	4704194209347199355	3231595.270229516
r2b_matt_poly/st4/mdot	4607343081352196343	1.0356742529248189
r2b_matt_poly/st4/far	4585302022705520366	0.03567425292481895
r2b_matt_poly/st5/Tt	4654170949326663242	1467.9548895199719
r2b_matt_poly/st5/pt	4697950506014119032	1210648.1692898553
r2b_matt_poly/st5/mdot	4607343081352196343	1.0356742529248189
r2b_matt_poly/st5/far	4585302022705520366	0.03567425292481895
r2b_matt_poly/st9/Tt	4654170949326663242	1467.9548895199719
r2b_matt_poly/st9/pt	4697742518242356544	1162222.242518261
r2b_matt_poly/st9/mdot	4607343081352196343	1.0356742529248189
r2b_matt_poly/st9/far	4585302022705520366	0.03567425292481895
r2b_matt_poly/V0	4648401349653288266	590.0499029743162
r2b_matt_poly/V9	4653229393293273162	1253.8698335723188
r2b_matt_poly/M9	4612255421654481665	2.252865829206144
r2b_matt_poly/T9	4650542272176633098	833.4446144603728
r2b_matt_poly/p9	4681608360884174848	100000.0
r2b_matt_poly/F	4650309302931182847	806.9590776587428
r2b_matt_poly/tsfc	4541648811734357865	4.420825530375325e-05
r2b_matt_poly/eta_brayton	4602846017631963974	0.5185627579215655
r2b_matt_poly/eta_thermal	4601223253361633215	0.4191998661377702
r2b_matt_poly/eta_propulsive	4604875766170311342	0.743910114068816
r2b_matt_poly/eta_overall	4599289356414434978	0.31184702023618105
r3_ideal/st0/Tt	4643745586963694955	286.3754828060834
r3_ideal/st0/pt	4680252283798733269	80266.48120952335
r3_ideal/st0/mdot	4607182418800017408	1.0
r3_ideal/st0/far	0	0.0
r3_ideal/st2/Tt	4643745586963694955	286.3754828060834
r3_ideal/st2/pt	4680252283798733269	80266.48120952335
r3_ideal/st2/mdot	4607182418800017408	1.0
r3_ideal/st2/far	0	0.0
r3_ideal/st3/Tt	4648036624022756137	548.585399403096
r3_ideal/st3/pt	4695142050327884362	802664.8120952335
r3_ideal/st3/mdot	4607182418800017408	1.0
r3_ideal/st3/far	0	0.0
r3_ideal/st4/Tt	4654311885213007872	1500.0
r3_ideal/st4/pt	4695142050327884362	802664.8120952335
r3_ideal/st4/mdot	4607307923964471987	1.027867744657368
r3_ideal/st4/far	4583689551933516988	0.027867744657368063
r3_ideal/st5/Tt	4653407898319236436	1294.457177410678
r3_ideal/st5/pt	4690949061551278909	419412.337124992
r3_ideal/st5/mdot	4607307923964471987	1.027867744657368
r3_ideal/st5/far	4583689551933516988	0.027867744657368063
r3_ideal/st9/Tt	4653407898319236436	1294.457177410678
r3_ideal/st9/pt	4690949061551278909	419412.337124992
r3_ideal/st9/mdot	4607307923964471987	1.027867744657368
r3_ideal/st9/far	4583689551933516988	0.027867744657368063
r3_ideal/V0	4643453651052699634	269.7808475368648
r3_ideal/V9	4652617977039371596	1114.8498726969874
r3_ideal/M9	4611779639919446462	2.041576294433269
r3_ideal/T9	4650047423416099157	777.1868237248078
r3_ideal/p9	4677104761256804352	50000.0
r3_ideal/F	4650917801685052623	876.1373767437416
r3_ideal/tsfc	4539818784109118345	3.18075057600459e-05
r3_ideal/eta_brayton	4602282045816692538	0.47797465423308305
r3_ideal/eta_thermal	4602724150495574243	0.5050327878450641
r3_ideal/eta_propulsive	4600740293425546489	0.39239020408702135
r3_ideal/eta_overall	4596307844066395954	0.19816991869316208
r3_lossy/st0/Tt	4643745586963694955	286.3754828060834
r3_lossy/st0/pt	4680252283798733269	80266.48120952335
r3_lossy/st0/mdot	4607182418800017408	1.0
r3_lossy/st0/far	0	0.0
r3_lossy/st2/Tt	4643745586963694955	286.3754828060834
r3_lossy/st2/pt	4679976490269325348	76253.15714904718
r3_lossy/st2/mdot	4607182418800017408	1.0
r3_lossy/st2/far	0	0.0
r3_lossy/st3/Tt	4648343779432381832	583.5049266125288
r3_lossy/st3/pt	4694797308416124461	762531.5714904718
r3_lossy/st3/mdot	4607182418800017408	1.0
r3_lossy/st3/far	0	0.0
r3_lossy/st4/Tt	4654311885213007872	1500.0
r3_lossy/st4/pt	4694469803599952554	724404.9929159482
r3_lossy/st4/mdot	4607305210570929501	1.0272652502602206
r3_lossy/st4/far	4583515894746797889	0.027265250260220645
r3_lossy/st5/Tt	4653271803104159988	1263.5127081485089
r3_lossy/st5/pt	4689080597442973699	310653.4118797781
r3_lossy/st5/mdot	4607305210570929501	1.0272652502602206
r3_lossy/st5/far	4583515894746797889	0.027265250260220645
r3_lossy/st9/Tt	4653271803104159988	1263.5127081485089
r3_lossy/st9/pt	4688973857743420542	304440.34364218253
r3_lossy/st9/mdot	4607305210570929501	1.0272652502602206
r3_lossy/st9/far	4583515894746797889	0.027265250260220645
r3_lossy/V0	4643453651052699634	269.7808475368648
r3_lossy/V9	4652257818148464565	1032.9592219278977
r3_lossy/M9	4610985902930284044	1.8445431310436815
r3_lossy/T9	4650426132694284158	820.2410839774964
r3_lossy/p9	4677104761256804352	50000.0
r3_lossy/F	4650171936003874307	791.3422660854998
r3_lossy/tsfc	4540209401842941026	3.445443448268287e-05
r3_lossy/eta_brayton	4602761820245208802	0.5092149701826794
r3_lossy/eta_thermal	4601570143842578132	0.43845615608618727
r3_lossy/eta_propulsive	4601188122541949140	0.4172497138934095
r3_lossy/eta_overall	4595759333986034885	0.18294570568176574
r3_flat/st0/Tt	4645570262220698070	390.096262724864
r3_flat/st0/pt	4690464884072994217	391229.4986470589
r3_flat/st0/mdot	4607182418800017408	1.0
r3_flat/st0/far	0	0.0
r3_flat/st2/Tt	4645570262220698070	390.096262724864
r3_flat/st2/pt	4689649929890563214	343792.921936103
r3_flat/st2/mdot	4607182418800017408	1.0
r3_flat/st2/far	0	0.0
r3_flat/st3/Tt	4650339073631295980	810.3436144113634
r3_flat/st3/pt	4704637308128986546	3437929.2193610305
r3_flat/st3/mdot	4607182418800017408	1.0
r3_flat/st3/far	0	0.0
r3_flat/st4/Tt	4655631299166339072	1800.0
r3_flat/st4/pt	4704194334322092993	3231653.4661993687
r3_flat/st4/mdot	4607343064893724305	1.0356705984098975
r3_flat/st4/far	4585301496034415148	0.035670598409897586
r3_flat/st5/Tt	4654170567757089311	1467.8681306435099
r3_flat/st5/pt	4697948789976921847	1210248.6232447007
r3_flat/st5/mdot	4607343064893724305	1.0356705984098975
r3_flat/st5/far	4585301496034415148	0.035670598409897586
r3_flat/st9/Tt	4654170567757089311	1467.8681306435099
r3_flat/st9/pt	4697740870846647246	1161838.6783149126
r3_flat/st9/mdot	4607343064893724305	1.0356705984098975
r3_flat/st9/far	4585301496034415148	0.035670598409897586
r3_flat/V0	4648401504743919882	590.0675347377849
r3_flat/V9	4653229011505591268	1253.7830251038476
r3_flat/M9	4612254972697411960	2.252666452215802
r3_flat/T9	4650542732211102838	833.4969143244805
r3_flat/p9	4681608360884174848	100000.0
r3_flat/F	4650308427921241011	806.8596005454805
r3_flat/tsfc	4541648947664052628	4.4209176399193046e-05
r3_flat/eta_brayton	4602846388128084505	0.5186038912539203
r3_flat/eta_thermal	4601222540274446928	0.41916028184713117
r3_flat/eta_propulsive	4604876459571241300	0.7439870970365896
r3_flat/eta_overall	4599289407233923354	0.3118498412844858
r4_ideal/st0/Tt	4643745586963694955	286.3754828060834
r4_ideal/st0/pt	4680252283798733269	80266.48120952335
r4_ideal/st0/mdot	4607182418800017408	1.0
r4_ideal/st0/far	0	0.0
r4_ideal/st2/Tt	4643745586963694955	286.3754828060834
r4_ideal/st2/pt	4680252283798733269	80266.48120952335
r4_ideal/st2/mdot	4607182418800017408	1.0
r4_ideal/st2/far	0	0.0
r4_ideal/st3/Tt	4648036624022756137	548.585399403096
r4_ideal/st3/pt	4695142050327884362	802664.8120952335
r4_ideal/st3/mdot	4607182418800017408	1.0
r4_ideal/st3/far	0	0.0
r4_ideal/st4/Tt	4654311885213007872	1500.0
r4_ideal/st4/pt	4695142050327884362	802664.8120952335
r4_ideal/st4/mdot	4607307671193281228	1.0278116181781796
r4_ideal/st4/far	4583673374577308395	0.027811618178179492
r4_ideal/st5/Tt	4653405795174776148	1293.9789777247543
r4_ideal/st5/pt	4690952748385992312	419626.93914983375
r4_ideal/st5/mdot	4607307671193281228	1.0278116181781796
r4_ideal/st5/far	4583673374577308395	0.027811618178179492
r4_ideal/st9/Tt	4653405795174776148	1293.9789777247543
r4_ideal/st9/pt	4690952748385992312	419626.93914983375
r4_ideal/st9/mdot	4607307671193281228	1.0278116181781796
r4_ideal/st9/far	4583673374577308395	0.027811618178179492
r4_ideal/V0	4643453651052699634	269.7808475368648
r4_ideal/V9	4652618211227827744	1114.9031209870082
r4_ideal/M9	4611779960540237477	2.0417186786670123
r4_ideal/T9	4650032828721497804	775.5275990480673
r4_ideal/p9	4677104761256804352	50000.0
r4_ideal/F	4650917732693890549	876.1295333566947
r4_ideal/tsfc	4539809372270429075	3.1743728660333464e-05
r4_ideal/eta_brayton	4602282045816692538	0.47797465423308305
r4_ideal/eta_thermal	4602733528444238358	0.5060739492981294
r4_ideal/eta_propulsive	4600739923453311201	0.3923696665023169
r4_ideal/eta_overall	4596322188860536387	0.1985680667116175
r4_cold/st0/Tt	4643745586963694955	286.3754828060834
r4_cold/st0/pt	4680252283798733269	80266.48120952335
r4_cold/st0/mdot	4607182418800017408	1.0
r4_cold/st0/far	0	0.0
r4_cold/st2/Tt	4643745586963694955	286.3754828060834
r4_cold/st2/pt	4680252283798733269	80266.48120952335
r4_cold/st2/mdot	4607182418800017408	1.0
r4_cold/st2/far	0	0.0
r4_cold/st3/Tt	4648036624022756137	548.585399403096
r4_cold/st3/pt	4695142050327884362	802664.8120952335
r4_cold/st3/mdot	4607182418800017408	1.0
r4_cold/st3/far	0	0.0
r4_cold/st4/Tt	4653872080561897472	1400.0
r4_cold/st4/pt	4695142050327884362	802664.8120952335
r4_cold/st4/mdot	4607292714233916942	1.024490506045257
r4_cold/st4/far	4582716129177994125	0.024490506045256977
r4_cold/st5/Tt	4652947027850902827	1189.6673651224216
r4_cold/st5/pt	4690575594236925795	397673.6783288626
r4_cold/st5/mdot	4607292714233916942	1.024490506045257
r4_cold/st5/far	4582716129177994125	0.024490506045256977
r4_cold/st9/Tt	4652947027850902827	1189.6673651224216
r4_cold/st9/pt	4690575594236925795	397673.6783288626
r4_cold/st9/mdot	4607292714233916942	1.024490506045257
r4_cold/st9/far	4582716129177994125	0.024490506045256977
r4_cold/V0	4643453651052699634	269.7808475368648
r4_cold/V9	4652359667299126281	1056.1170376546236
r4_cold/M9	4611703157514318022	2.0076112835723476
r4_cold/T9	4649501089206415040	715.0758150866823
r4_cold/p9	4677104761256804352	50000.0
r4_cold/F	4650355411638745207	812.2010308129383
r4_cold/tsfc	4539520895637236057	3.0153256541356813e-05
r4_cold/eta_brayton	4602282045816692538	0.47797465423308305
r4_cold/eta_thermal	4602772157641852463	0.5103626517595269
r4_cold/eta_propulsive	4601050220530770222	0.40959461449576196
r4_cold/eta_overall	4596699544640647214	0.2090417936004782
r4_hot/st0/Tt	4643745586963694955	286.3754828060834
r4_hot/st0/pt	4680252283798733269	80266.48120952335
r4_hot/st0/mdot	4607182418800017408	1.0
r4_hot/st0/far	0	0.0
r4_hot/st2/Tt	4643745586963694955	286.3754828060834
r4_hot/st2/pt	4680252283798733269	80266.48120952335
r4_hot/st2/mdot	4607182418800017408	1.0
r4_hot/st2/far	0	0.0
r4_hot/st3/Tt	4648036624022756137	548.585399403096
r4_hot/st3/pt	4695142050327884362	802664.8120952335
r4_hot/st3/mdot	4607182418800017408	1.0
r4_hot/st3/far	0	0.0
r4_hot/st4/Tt	4655191494515228672	1700.0
r4_hot/st4/pt	4695142050327884362	802664.8120952335
r4_hot/st4/mdot	4607338881396555017	1.034741675433738
r4_hot/st4/far	4585167624124997932	0.034741675433738045
r4_hot/st5/Tt	4654320144284127816	1501.8778953562887
r4_hot/st5/pt	4691606322406183119	457669.95409895194
r4_hot/st5/mdot	4607338881396555017	1.034741675433738
r4_hot/st5/far	4585167624124997932	0.034741675433738045
r4_hot/st9/Tt	4654320144284127816	1501.8778953562887
r4_hot/st9/pt	4691606322406183119	457669.95409895194
r4_hot/st9/mdot	4607338881396555017	1.034741675433738
r4_hot/st9/far	4585167624124997932	0.034741675433738045
r4_hot/V0	4643453651052699634	269.7808475368648
r4_hot/V9	4653102022863758117	1224.9091508707
r4_hot/M9	4611904797615609523	2.097157476828977
r4_hot/T9	4651115383210654393	898.5997955816193
r4_hot/p9	4677104761256804352	50000.0
r4_hot/F	4651986934446428995	997.6836994892004
r4_hot/tsfc	4540263694291549878	3.482233442475334e-05
r4_hot/eta_brayton	4602282045816692538	0.47797465423308305
r4_hot/eta_thermal	4602635226238459258	0.49758010603769487
r4_hot/eta_propulsive	4600225013042553166	0.36378639682017855
r4_hot/eta_overall	4595689696382272778	0.18101287390485538
r4_forkA_fb/st0/Tt	4645582630261764678	390.7993044637009
r4_forkA_fb/st0/pt	4684299337516103233	147245.727658676
r4_forkA_fb/st0/mdot	4632233691727265792	50.0
r4_forkA_fb/st0/far	0	0.0
r4_forkA_fb/st2/Tt	4645582630261764678	390.7993044637009
r4_forkA_fb/st2/pt	4684046371282195338	139883.4412757422
r4_forkA_fb/st2/mdot	4632233691727265792	50.0
r4_forkA_fb/st2/far	0	0.0
r4_forkA_fb/st3/Tt	4650022958462015248	774.4054804600037
r4_forkA_fb/st3/pt	4698758759775369324	1398834.4127574218
r4_forkA_fb/st3/mdot	4632233691727265792	50.0
r4_forkA_fb/st3/far	0	0.0
r4_forkA_fb/st4/Tt	4655631299166339072	1800.0
r4_forkA_fb/st4/pt	4698458362372603699	1328892.6921195507
r4_forkA_fb/st4/mdot	4632464043829339434	51.636750127954954
r4_forkA_fb/st4/far	4584878432086262639	0.03273500255909922
r4_forkA_fb/st5/Tt	4654303890212003176	1498.18214723639
r4_forkA_fb/st5/pt	4692706281896166240	521696.02311044
r4_forkA_fb/st5/mdot	4632464043829339434	51.636750127954954
r4_forkA_fb/st5/far	4584878432086262639	0.03273500255909922
r4_forkA_fb/st9/Tt	4654303890212003176	1498.18214723639
r4_forkA_fb/st9/pt	4692437401813240728	506045.1424171268
r4_forkA_fb/st9/mdot	4632464043829339434	51.636750127954954
r4_forkA_fb/st9/far	4584878432086262639	0.03273500255909922
r4_forkA_fb/V0	4648412827703214617	591.3548061736539
r4_forkA_fb/V9	4653908134029019334	1408.1976093319695
r4_forkA_fb/M9	4613355181410059609	2.7412572700856512
r4_forkA_fb/T9	4649213933010507956	682.429935241837
r4_forkA_fb/p9	4670883174711033856	18750.0
r4_forkA_fb/F	4650801717699388929	862.9401555035148
r4_forkA_fb/tsfc	4540722934532355885	3.793426734209483e-05
r4_forkA_fb/eta_brayton	4602595155067723070	0.4953557092189448
r4_forkA_fb/eta_thermal	4603634070091894239	0.6060541564842729
r4_forkA_fb/eta_propulsive	4603588381207813520	0.6009816713766885
r4_forkA_fb/eta_overall	4600232958168509778	0.36422743990870743
r5_forkb/st0/Tt	4645582630261764678	390.7993044637009
r5_forkb/st0/pt	4684299337516103233	147245.727658676
r5_forkb/st0/mdot	4632233691727265792	50.0
r5_forkb/st0/far	0	0.0
r5_forkb/st2/Tt	4645582630261764678	390.7993044637009
r5_forkb/st2/pt	4684046371282195338	139883.4412757422
r5_forkb/st2/mdot	4632233691727265792	50.0
r5_forkb/st2/far	0	0.0
r5_forkb/st3/Tt	4650022958462015248	774.4054804600037
r5_forkb/st3/pt	4698758759775369324	1398834.4127574218
r5_forkb/st3/mdot	4632233691727265792	50.0
r5_forkb/st3/far	0	0.0
r5_forkb/st4/Tt	4655631299166339072	1800.0
r5_forkb/st4/pt	4698458362372603699	1328892.6921195507
r5_forkb/st4/mdot	4632464043829339434	51.636750127954954
r5_forkb/st4/far	4584878432086262639	0.03273500255909922
r5_forkb/st5/Tt	4654303890212003176	1498.18214723639
r5_forkb/st5/pt	4692706281896166240	521696.02311044
r5_forkb/st5/mdot	4632464043829339434	51.636750127954954
r5_forkb/st5/far	4584878432086262639	0.03273500255909922
r5_forkb/st9/Tt	4654303890212003176	1498.18214723639
r5_forkb/st9/pt	4692437401813240728	506045.1424171268
r5_forkb/st9/mdot	4632464043829339434	51.636750127954954
r5_forkb/st9/far	4584878432086262639	0.03273500255909922
r5_forkb/V0	4648412827703214617	591.3548061736539
r5_forkb/V9	4653908134029019334	1408.1976093319695
r5_forkb/M9	4613355181410059609	2.7412572700856512
r5_forkb/T9	4649213933010507956	682.429935241837
r5_forkb/p9	4670883174711033856	18750.0
r5_forkb/F	4650801717699388929	862.9401555035148
r5_forkb/tsfc	4540722934532355885	3.793426734209483e-05
r5_forkb/eta_brayton	4602595155067723070	0.4953557092189448
r5_forkb/eta_thermal	4603634070091894239	0.6060541564842729
r5_forkb/eta_propulsive	4603588381207813520	0.6009816713766885
r5_forkb/eta_overall	4600232958168509778	0.36422743990870743
r5_lean_fuel/st0/Tt	4645582630261764678	390.7993044637009
r5_lean_fuel/st0/pt	4684299337516103233	147245.727658676
r5_lean_fuel/st0/mdot	4632233691727265792	50.0
r5_lean_fuel/st0/far	0	0.0
r5_lean_fuel/st2/Tt	4645582630261764678	390.7993044637009
r5_lean_fuel/st2/pt	4684046371282195338	139883.4412757422
r5_lean_fuel/st2/mdot	4632233691727265792	50.0
r5_lean_fuel/st2/far	0	0.0
r5_lean_fuel/st3/Tt	4650022958462015248	774.4054804600037
r5_lean_fuel/st3/pt	4698758759775369324	1398834.4127574218
r5_lean_fuel/st3/mdot	4632233691727265792	50.0
r5_lean_fuel/st3/far	0	0.0
r5_lean_fuel/st4/Tt	4655631299166339072	1800.0
r5_lean_fuel/st4/pt	4698458362372603699	1328892.6921195507
r5_lean_fuel/st4/mdot	4632470774222345436	51.68457244654721
r5_lean_fuel/st4/far	4585016270535025538	0.033691448930944126
r5_lean_fuel/st5/Tt	4654307452471911144	1498.9921113645487
r5_lean_fuel/st5/pt	4692716760067848360	522305.93297470594
r5_lean_fuel/st5/mdot	4632470774222345436	51.68457244654721
r5_lean_fuel/st5/far	4585016270535025538	0.033691448930944126
r5_lean_fuel/st9/Tt	4654307452471911144	1498.9921113645487
r5_lean_fuel/st9/pt	4692447565639772384	506636.75498546474
r5_lean_fuel/st9/mdot	4632470774222345436	51.68457244654721
r5_lean_fuel/st9/far	4585016270535025538	0.033691448930944126
r5_lean_fuel/V0	4648412827703214617	591.3548061736539
r5_lean_fuel/V9	4653912345567832481	1409.1552023911865
r5_lean_fuel/M9	4613356139454040354	2.741682727080062
r5_lean_fuel/T9	4649223169325865042	683.4799827269837
r5_lean_fuel/p9	4670883174711033856	18750.0
r5_lean_fuel/F	4650822271716881057	865.2768767546696
r5_lean_fuel/tsfc	4540870939584735252	3.893718858789821e-05
r5_lean_fuel/eta_brayton	4602595155067723070	0.4953557092189448
r5_lean_fuel/eta_thermal	4603630114275685418	0.605614972660651
r5_lean_fuel/eta_propulsive	4603588105148906128	0.6009510226811745
r5_lean_fuel/eta_overall	4600227869051620799	0.36394493717144977
r6_design/st0/Tt	4645582630261764678	390.7993044637009
r6_design/st0/pt	4684299337516103233	147245.727658676
r6_design/st0/mdot	4632233691727265792	50.0
r6_design/st0/far	0	0.0
r6_design/st2/Tt	4645582630261764678	390.7993044637009
r6_design/st2/pt	4684046371282195338	139883.4412757422
r6_design/st2/mdot	4632233691727265792	50.0
r6_design/st2/far	0	0.0
r6_design/st3/Tt	4650022958462015248	774.4054804600037
r6_design/st3/pt	4698758759775369324	1398834.4127574218
r6_design/st3/mdot	4632233691727265792	50.0
r6_design/st3/far	0	0.0
r6_design/st4/Tt	4655631299166339072	1800.0
r6_design/st4/pt	4698458362372603699	1328892.6921195507
r6_design/st4/mdot	4632464369531125373	51.639064378335185
r6_design/st4/far	4584885102458838666	0.0327812875667038
r6_design/st5/Tt	4654304061411589814	1498.2210735156382
r6_design/st5/pt	4692707418250514291	521762.1676390089
r6_design/st5/mdot	4632464369531125373	51.639064378335185
r6_design/st5/far	4584885102458838666	0.0327812875667038
r6_design/st9/Tt	4654304061411589814	1498.2210735156382
r6_design/st9/pt	4692438504076958337	506109.3026098386
r6_design/st9/mdot	4632464369531125373	51.639064378335185
r6_design/st9/far	4584885102458838666	0.0327812875667038
r6_design/V0	4648412827703214617	591.3548061736539
r6_design/V9	4653908538840247758	1408.289652748837
r6_design/M9	4613355353591976616	2.7413337342171253
r6_design/T9	4649213940500730250	682.4307867815235
r6_design/p9	4670883174711033856	18750.0
r6_design/F	4650803127177907749	863.100394659156
r6_design/tsfc	4540729809080405907	3.7980851091661643e-05
r6_design/eta_brayton	4602595155067723070	0.4953557092189448
r6_design/eta_thermal	4603627516580165968	0.6053265705229851
r6_design/eta_propulsive	4603588240423295245	0.6009660411553185
r6_design/eta_overall	4600224910646426830	0.363780712693324
r6_cold1000/st0/Tt	4645582630261764678	390.7993044637009
r6_cold1000/st0/pt	4684299337516103233	147245.727658676
r6_cold1000/st0/mdot	4632233691727265792	50.0
r6_cold1000/st0/far	0	0.0
r6_cold1000/st2/Tt	4645582630261764678	390.7993044637009
r6_cold1000/st2/pt	4684046371282195338	139883.4412757422
r6_cold1000/st2/mdot	4632233691727265792	50.0
r6_cold1000/st2/far	0	0.0
r6_cold1000/st3/Tt	4650022958462015248	774.4054804600037
r6_cold1000/st3/pt	4698758759775369324	1398834.4127574218
r6_cold1000/st3/mdot	4632233691727265792	50.0
r6_cold1000/st3/far	0	0.0
r6_cold1000/st4/Tt	4652007308841189376	1000.0
r6_cold1000/st4/pt	4698458362372603699	1328892.6921195507
r6_cold1000/st4/mdot	4632278357116453284	50.3173666782707
r6_cold1000/st4/far	4573967999518161642	0.00634733356541404
r6_cold1000/st5/Tt	4648815174368186333	637.0963261821267
r6_cold1000/st5/pt	4685447251752845061	180654.42898368105
r6_cold1000/st5/mdot	4632278357116453284	50.3173666782707
r6_cold1000/st5/far	4573967999518161642	0.00634733356541404
r6_cold1000/st9/Tt	4648815174368186333	637.0963261821267
r6_cold1000/st9/pt	4685261034585398069	175234.7961141706
r6_cold1000/st9/mdot	4632278357116453284	50.3173666782707
r6_cold1000/st9/far	4573967999518161642	0.00634733356541404
r6_cold1000/V0	4648412827703214617	591.3548061736539
r6_cold1000/V9	4650087941423962956	781.7931879096227
r6_cold1000/M9	4611932624365210410	2.1095150360719304
r6_cold1000/T9	4644740595074224953	342.93514560284126
r6_cold1000/p9	4670883174711033856	18750.0
r6_cold1000/F	4641079066932244308	195.40068387879967
r6_cold1000/tsfc	4539918570024691914	3.248368142534789e-05
r6_cold1000/eta_brayton	4602595155067723070	0.4953557092189448
r6_cold1000/eta_thermal	4602470394162531694	0.4884300877431177
r6_cold1000/eta_propulsive	4606019018981854861	0.870836673503122
r6_cold1000/eta_overall	4601333915212000774	0.4253428328490546
r6_cold1400/st0/Tt	4645582630261764678	390.7993044637009
r6_cold1400/st0/pt	4684299337516103233	147245.727658676
r6_cold1400/st0/mdot	4632233691727265792	50.0
r6_cold1400/st0/far	0	0.0
r6_cold1400/st2/Tt	4645582630261764678	390.7993044637009
r6_cold1400/st2/pt	4684046371282195338	139883.4412757422
r6_cold1400/st2/mdot	4632233691727265792	50.0
r6_cold1400/st2/far	0	0.0
r6_cold1400/st3/Tt	4650022958462015248	774.4054804600037
r6_cold1400/st3/pt	4698758759775369324	1398834.4127574218
r6_cold1400/st3/mdot	4632233691727265792	50.0
r6_cold1400/st3/far	0	0.0
r6_cold1400/st4/Tt	4653872080561897472	1400.0
r6_cold1400/st4/pt	4698458362372603699	1328892.6921195507
r6_cold1400/st4/mdot	4632365846140799669	50.939013585351326
r6_cold1400/st4/far	4581070266186771506	0.018780271707026404
r6_cold1400/st5/Tt	4652432364166519617	1072.6463915870556
r6_cold1400/st5/pt	4690122187868018583	371281.9541515051
r6_cold1400/st5/mdot	4632365846140799669	50.939013585351326
r6_cold1400/st5/far	4581070266186771506	0.018780271707026404
r6_cold1400/st9/Tt	4652432364166519617	1072.6463915870556
r6_cold1400/st9/pt	4689930830605937501	360143.49552695994
r6_cold1400/st9/mdot	4632365846140799669	50.939013585351326
r6_cold1400/st9/far	4581070266186771506	0.018780271707026404
r6_cold1400/V0	4648412827703214617	591.3548061736539
r6_cold1400/V9	4652701818628571947	1133.9132429884728
r6_cold1400/M9	4612922237855511517	2.5489917090367116
r6_cold1400/T9	4647528998388248919	501.43752313477074
r6_cold1400/p9	4670883174711033856	18750.0
r6_cold1400/F	4648170924848720083	563.8536356103381
r6_cold1400/tsfc	4540040070051789510	3.3306997633699524e-05
r6_cold1400/eta_brayton	4602595155067723070	0.4953557092189448
r6_cold1400/eta_thermal	4603555171392635966	0.5972946412313218
r6_cold1400/eta_propulsive	4604430834762670283	0.6945128047546175
r6_cold1400/eta_overall	4601144510811814854	0.4148287765464683
r5_cold1000/st0/Tt	4645582630261764678	390.7993044637009
r5_cold1000/st0/pt	4684299337516103233	147245.727658676
r5_cold1000/st0/mdot	4632233691727265792	50.0
r5_cold1000/st0/far	0	0.0
r5_cold1000/st2/Tt	4645582630261764678	390.7993044637009
r5_cold1000/st2/pt	4684046371282195338	139883.4412757422
r5_cold1000/st2/mdot	4632233691727265792	50.0
r5_cold1000/st2/far	0	0.0
r5_cold1000/st3/Tt	4650022958462015248	774.4054804600037
r5_cold1000/st3/pt	4698758759775369324	1398834.4127574218
r5_cold1000/st3/mdot	4632233691727265792	50.0
r5_cold1000/st3/far	0	0.0
r5_cold1000/st4/Tt	4652007308841189376	1000.0
r5_cold1000/st4/pt	4698458362372603699	1328892.6921195507
r5_cold1000/st4/mdot	4632278357129544225	50.31736677128743
r5_cold1000/st4/far	4573968001662981492	0.006347335425748713
r5_cold1000/st5/Tt	4648815174379153600	637.0963274289606
r5_cold1000/st5/pt	4685447251721836562	180654.42808121495
r5_cold1000/st5/mdot	4632278357129544225	50.31736677128743
r5_cold1000/st5/far	4573968001662981492	0.006347335425748713
r5_cold1000/st9/Tt	4648815174379153600	637.0963274289606
r5_cold1000/st9/pt	4685261034555319825	175234.7952387785
r5_cold1000/st9/mdot	4632278357129544225	50.31736677128743
r5_cold1000/st9/far	4573968001662981492	0.006347335425748713
r5_cold1000/V0	4648412827703214617	591.3548061736539
r5_cold1000/V9	4650087941411451787	781.7931864872675
r5_cold1000/M9	4611932624357750706	2.1095150327591563
r5_cold1000/T9	4644740595112523543	342.93514777986405
r5_cold1000/p9	4670883174711033856	18750.0
r5_cold1000/F	4641079066933054024	195.40068390181318
r5_cold1000/tsfc	4539918571429122106	3.248369094213705e-05
r5_cold1000/eta_brayton	4602595155067723070	0.4953557092189448
r5_cold1000/eta_thermal	4602470391547201173	0.4884299425631096
r5_cold1000/eta_propulsive	4606019019015322423	0.8708366772187678
r5_cold1000/eta_overall	4601333912967168162	0.425342708235812
r5_cold1400/st0/Tt	4645582630261764678	390.7993044637009
r5_cold1400/st0/pt	4684299337516103233	147245.727658676
r5_cold1400/st0/mdot	4632233691727265792	50.0
r5_cold1400/st0/far	0	0.0
r5_cold1400/st2/Tt	4645582630261764678	390.7993044637009
r5_cold1400/st2/pt	4684046371282195338	139883.4412757422
r5_cold1400/st2/mdot	4632233691727265792	50.0
r5_cold1400/st2/far	0	0.0
r5_cold1400/st3/Tt	4650022958462015248	774.4054804600037
r5_cold1400/st3/pt	4698758759775369324	1398834.4127574218
r5_cold1400/st3/mdot	4632233691727265792	50.0
r5_cold1400/st3/far	0	0.0
r5_cold1400/st4/Tt	4653872080561897472	1400.0
r5_cold1400/st4/pt	4698458362372603699	1328892.6921195507
r5_cold1400/st4/mdot	4632365836134430597	50.93894248582277
r5_cold1400/st4/far	4581069856325894311	0.018778849716455295
r5_cold1400/st5/Tt	4652432358204431858	1072.6450359652486
r5_cold1400/st5/pt	4690122150989547095	371279.8075419417
r5_cold1400/st5/mdot	4632365836134430597	50.93894248582277
r5_cold1400/st5/far	4581069856325894311	0.018778849716455295
r5_cold1400/st9/Tt	4652432358204431858	1072.6450359652486
r5_cold1400/st9/pt	4689930794833820157	360141.4133156834
r5_cold1400/st9/mdot	4632365836134430597	50.93894248582277
r5_cold1400/st9/far	4581069856325894311	0.018778849716455295
r5_cold1400/V0	4648412827703214617	591.3548061736539
r5_cold1400/V9	4652701805732839195	1133.9103108383194
r5_cold1400/M9	4612922229777202374	2.5489881215467873
r5_cold1400/T9	4647528997365868814	501.4374650191902
r5_cold1400/p9	4670883174711033856	18750.0
r5_cold1400/F	4648170884389977517	563.8490359838376
r5_cold1400/tsfc	4540039737976243250	3.3304747402270246e-05
r5_cold1400/eta_brayton	4602595155067723070	0.4953557092189448
r5_cold1400/eta_thermal	4603555530574187538	0.5973345183941794
r5_cold1400/eta_propulsive	4604430839778821474	0.6945133616592722
r5_cold1400/eta_overall	4601145015716828963	0.41485680440506395
sweep5_a/st0/Tt	4643817494117465238	290.46293126693615
sweep5_a/st0/pt	4681896530996638082	104193.42704791392
sweep5_a/st0/mdot	4613937818241073152	3.0
sweep5_a/st0/far	0	0.0
sweep5_a/st2/Tt	4643817494117465238	290.46293126693615
sweep5_a/st2/pt	4681538525107334920	98983.75569551822
sweep5_a/st2/mdot	4613937818241073152	3.0
sweep5_a/st2/far	0	0.0
sweep5_a/st3/Tt	4647567673849068505	503.63596855377324
sweep5_a/st3/pt	4693348796015256390	593902.5341731093
sweep5_a/st3/mdot	4613937818241073152	3.0
sweep5_a/st3/far	0	0.0
sweep5_a/st4/Tt	4654091982887452672	1450.0
sweep5_a/st4/pt	4693093716819127887	564207.4074644538
sweep5_a/st4/mdot	4614124486671974618	3.082897435982983
sweep5_a/st4/far	4583621741126886462	0.027632478660994268
sweep5_a/st5/Tt	4653347329008819184	1280.6853106820454
sweep5_a/st5/pt	4689021767281531243	307229.04579105106
sweep5_a/st5/mdot	4614124486671974618	3.082897435982983
sweep5_a/st5/far	4583621741126886462	0.027632478660994268
sweep5_a/st9/Tt	4653347329008819184	1280.6853106820454
sweep5_a/st9/pt	4688863422637044781	298012.17441731953
sweep5_a/st9/mdot	4614124486671974618	3.082897435982983
sweep5_a/st9/far	4583621741126886462	0.027632478660994268
sweep5_a/V0	4634492433842232600	68.09865603490141
sweep5_a/V9	4650579712043600047	837.7010345405632
sweep5_a/M9	4608832298757516482	1.3663469433366093
sweep5_a/T9	4651947317824769680	993.1798110515392
sweep5_a/p9	4681699414190850048	101325.0
sweep5_a/F	4650184319745120100	792.7501344668967
sweep5_a/tsfc	4540268733187403140	3.4856479311197306e-05
sweep5_a/eta_brayton	4601296540068444630	0.4232680956028195
sweep5_a/eta_thermal	4599128447457819457	0.30291477881103296
sweep5_a/eta_propulsive	4594597279191308621	0.15069220595723679
sweep5_a/eta_overall	4586739232071936612	0.04564689623608301
sweep6_a/st0/Tt	4643817494117465238	290.46293126693615
sweep6_a/st0/pt	4681896530996638082	104193.42704791392
sweep6_a/st0/mdot	4613937818241073152	3.0
sweep6_a/st0/far	0	0.0
sweep6_a/st2/Tt	4643817494117465238	290.46293126693615
sweep6_a/st2/pt	4681538525107334920	98983.75569551822
sweep6_a/st2/mdot	4613937818241073152	3.0
sweep6_a/st2/far	0	0.0
sweep6_a/st3/Tt	4647567673849068505	503.63596855377324
sweep6_a/st3/pt	4693348796015256390	593902.5341731093
sweep6_a/st3/mdot	4613937818241073152	3.0
sweep6_a/st3/far	0	0.0
sweep6_a/st4/Tt	4654091982887452672	1450.0
sweep6_a/st4/pt	4693093716819127887	564207.4074644538
sweep6_a/st4/mdot	4614124509236259927	3.0829074565386168
sweep6_a/st4/far	4583622703869726340	0.027635818846205598
sweep6_a/st5/Tt	4653347336010890087	1280.6869027686423
sweep6_a/st5/pt	4689021798297580707	307230.85116274114
sweep6_a/st5/mdot	4614124509236259927	3.0829074565386168
sweep6_a/st5/far	4583622703869726340	0.027635818846205598
sweep6_a/st9/Tt	4653347336010890087	1280.6869027686423
sweep6_a/st9/pt	4688863452722612761	298013.9256278589
sweep6_a/st9/mdot	4614124509236259927	3.0829074565386168
sweep6_a/st9/far	4583622703869726340	0.027635818846205598
sweep6_a/V0	4634492433842232600	68.09865603490141
sweep6_a/V9	4650579755587315598	837.7059848878869
sweep6_a/M9	4608832317856022328	1.3663511840567946
sweep6_a/T9	4651947317428126012	993.1797659583749
sweep6_a/p9	4681699414190850048	101325.0
sweep6_a/F	4650184389104344005	792.7580196977293
sweep6_a/tsfc	4540269303807210777	3.48603459814167e-05
sweep6_a/eta_brayton	4601296540068444630	0.4232680956028195
sweep6_a/eta_thermal	4599127870674882786	0.3028827609262078
sweep6_a/eta_propulsive	4594597250849995631	0.15069141932778105
sweep6_a/eta_overall	4586738502402011421	0.045641833133887234
sweep5_b/st0/Tt	4643745586963694955	286.3754828060834
sweep5_b/st0/pt	4680252283798733269	80266.48120952335
sweep5_b/st0/mdot	4607182418800017408	1.0
sweep5_b/st0/far	0	0.0
sweep5_b/st2/Tt	4643745586963694955	286.3754828060834
sweep5_b/st2/pt	4679976490269325348	76253.15714904718
sweep5_b/st2/mdot	4607182418800017408	1.0
sweep5_b/st2/far	0	0.0
sweep5_b/st3/Tt	4647967365961845376	540.7116694714205
sweep5_b/st3/pt	4693487289151436836	610025.2571923775
sweep5_b/st3/mdot	4607182418800017408	1.0
sweep5_b/st3/far	0	0.0
sweep5_b/st4/Tt	4654311885213007872	1500.0
sweep5_b/st4/pt	4693225285298499311	579523.9943327586
sweep5_b/st4/mdot	4607308618063438612	1.0280218655881912
sweep5_b/st4/far	4583733974267380980	0.028021865588191155
sweep5_b/st5/Tt	4653425400357184631	1298.436680106706
sweep5_b/st5/pt	4688636904889555718	284827.1061805937
sweep5_b/st5/mdot	4607308618063438612	1.0280218655881912
sweep5_b/st5/far	4583733974267380980	0.028021865588191155
sweep5_b/st9/Tt	4653425400357184631	1298.436680106706
sweep5_b/st9/pt	4688490106116828522	276282.2929951759
sweep5_b/st9/mdot	4607308618063438612	1.0280218655881912
sweep5_b/st9/far	4583733974267380980	0.028021865588191155
sweep5_b/V0	4643453651052699634	269.7808475368648
sweep5_b/V9	4652222346156391775	1024.8938247150143
sweep5_b/M9	4610714759706550063	1.7843372410515703
sweep5_b/T9	4650813434470043804	864.272198107577
sweep5_b/p9	4677104761256804352	50000.0
sweep5_b/F	4650105878647899569	783.8324141764807
sweep5_b/tsfc	4540400566603067919	3.574981728413442e-05
sweep5_b/eta_brayton	4602145107139756136	0.4703730306282581
sweep5_b/eta_thermal	4601234797723207866	0.419840706939009
sweep5_b/eta_propulsive	4601236964963645166	0.41996101295067845
sweep5_b/eta_overall	4595520499915016813	0.17631672856403516
sweep6_b/st0/Tt	4643745586963694955	286.3754828060834
sweep6_b/st0/pt	4680252283798733269	80266.48120952335
sweep6_b/st0/mdot	4607182418800017408	1.0
sweep6_b/st0/far	0	0.0
sweep6_b/st2/Tt	4643745586963694955	286.3754828060834
sweep6_b/st2/pt	4679976490269325348	76253.15714904718
sweep6_b/st2/mdot	4607182418800017408	1.0
sweep6_b/st2/far	0	0.0
sweep6_b/st3/Tt	4647967365961845376	540.7116694714205
sweep6_b/st3/pt	4693487289151436836	610025.2571923775
sweep6_b/st3/mdot	4607182418800017408	1.0
sweep6_b/st3/far	0	0.0
sweep6_b/st4/Tt	4654311885213007872	1500.0
sweep6_b/st4/pt	4693225285298499311	579523.9943327586
sweep6_b/st4/mdot	4607308641790322917	1.0280271340148428
sweep6_b/st4/far	4583735492787976518	0.028027134014842824
sweep6_b/st5/Tt	4653425413517549460	1298.4396724272274
sweep6_b/st5/pt	4688636958684693714	284830.237469745
sweep6_b/st5/mdot	4607308641790322917	1.0280271340148428
sweep6_b/st5/far	4583735492787976518	0.028027134014842824
sweep6_b/st9/Tt	4653425413517549460	1298.4396724272274
sweep6_b/st9/pt	4688490158298112378	276285.33034565265
sweep6_b/st9/mdot	4607308641790322917	1.0280271340148428
sweep6_b/st9/far	4583735492787976518	0.028027134014842824
sweep6_b/V0	4643453651052699634	269.7808475368648
sweep6_b/V9	4652222383889834687	1024.9024043066163
sweep6_b/M9	4610714791366185418	1.7843442709027948
sweep6_b/T9	4650813433856124371	864.272128313018
sweep6_b/p9	4677104761256804352	50000.0
sweep6_b/F	4650106003725095767	783.8466338073875
sweep6_b/tsfc	4540401462777667489	3.5755889999433044e-05
sweep6_b/eta_brayton	4602145107139756136	0.4703730306282581
sweep6_b/eta_thermal	4601233553334077837	0.4197716294658214
sweep6_b/eta_propulsive	4601236924818314429	0.4199587844371527
sweep6_b/eta_overall	4595519421021435911	0.17628678325166922
sweep5_c/st0/Tt	4643928590560766095	296.7780329274328
sweep5_c/st0/pt	4681414768885544277	97182.86564703782
sweep5_c/st0/mdot	4626322717216342016	20.0
sweep5_c/st0/far	0	0.0
sweep5_c/st2/Tt	4643928590560766095	296.7780329274328
sweep5_c/st2/pt	4681026670364860920	91535.28887379903
sweep5_c/st2/mdot	4626322717216342016	20.0
sweep5_c/st2/far	0	0.0
sweep5_c/st3/Tt	4648746407841734816	629.2784772487539
sweep5_c/st3/pt	4697468504585771386	1098423.4664855883
sweep5_c/st3/mdot	4626322717216342016	20.0
sweep5_c/st3/far	0	0.0
sweep5_c/st4/Tt	4654751689864118272	1600.0
sweep5_c/st4/pt	4697210828537543988	1043502.2931613089
sweep5_c/st4/mdot	4626491796644372205	20.600690796766617
sweep5_c/st4/far	4584314088123569626	0.03003453983833091
sweep5_c/st5/Tt	4653598143748687118	1337.7139799411557
sweep5_c/st5/pt	4691086305152391479	427400.96612109564
sweep5_c/st5/mdot	4626491796644372205	20.600690796766617
sweep5_c/st5/far	4584314088123569626	0.03003453983833091
sweep5_c/st9/Tt	4653598143748687118	1337.7139799411557
sweep5_c/st9/pt	4690866024371779210	414578.9371374628
sweep5_c/st9/mdot	4626491796644372205	20.600690796766617
sweep5_c/st9/far	4584314088123569626	0.03003453983833091
sweep5_c/V0	4645136691370186589	365.4506132634031
sweep5_c/V9	4652887103749567075	1176.042201954079
sweep5_c/M9	4612068143957438457	2.1696978247036864
sweep5_c/T9	4649932591602034761	764.13195791399
sweep5_c/p9	4675730371722084352	40000.0
sweep5_c/F	4650651949434320428	845.9134750568242
sweep5_c/tsfc	4540364504574326596	3.550545147222456e-05
sweep5_c/eta_brayton	4602934476158319879	0.5283836271900392
sweep5_c/eta_thermal	4602698378311791757	0.5021715006620454
sweep5_c/eta_propulsive	4602298576068991521	0.47889226756834274
sweep5_c/eta_overall	4597832443323608062	0.24048604866024442
sweep6_c/st0/Tt	4643928590560766095	296.7780329274328
sweep6_c/st0/pt	4681414768885544277	97182.86564703782
sweep6_c/st0/mdot	4626322717216342016	20.0
sweep6_c/st0/far	0	0.0
sweep6_c/st2/Tt	4643928590560766095	296.7780329274328
sweep6_c/st2/pt	4681026670364860920	91535.28887379903
sweep6_c/st2/mdot	4626322717216342016	20.0
sweep6_c/st2/far	0	0.0
sweep6_c/st3/Tt	4648746407841734816	629.2784772487539
sweep6_c/st3/pt	4697468504585771386	1098423.4664855883
sweep6_c/st3/mdot	4626322717216342016	20.0
sweep6_c/st3/far	0	0.0
sweep6_c/st4/Tt	4654751689864118272	1600.0
sweep6_c/st4/pt	4697210828537543988	1043502.2931613089
sweep6_c/st4/mdot	4626491859867221057	20.600915409446547
sweep6_c/st4/far	4584317325133430824	0.030045770472327288
sweep6_c/st5/Tt	4653598180135153568	1337.7222532657688
sweep6_c/st5/pt	4691086520354280392	427413.4925196734
sweep6_c/st5/mdot	4626491859867221057	20.600915409446547
sweep6_c/st5/far	4584317325133430824	0.030045770472327288
sweep6_c/st9/Tt	4653598180135153568	1337.7222532657688
sweep6_c/st9/pt	4690866233117611455	414591.0877440832
sweep6_c/st9/mdot	4626491859867221057	20.600915409446547
sweep6_c/st9/far	4584317325133430824	0.030045770472327288
sweep6_c/V0	4645136691370186589	365.4506132634031
sweep6_c/V9	4652887193434359479	1176.0625939149593
sweep6_c/M9	4612068184320232582	2.1697157493850368
sweep6_c/T9	4649932593498625694	764.1321735314157
sweep6_c/p9	4675730371722084352	40000.0
sweep6_c/F	4650652250369356326	845.947687409415
sweep6_c/tsfc	4540366251830448615	3.5517291340245696e-05
sweep6_c/eta_brayton	4602934476158319879	0.5283836271900392
sweep6_c/eta_thermal	4602696915047929459	0.5020090457389429
sweep6_c/eta_propulsive	4602298491064470206	0.4788875488695047
sweep6_c/eta_overall	4597829554994534539	0.24040588142424144
sweep5_d/st0/Tt	4644486617367654594	328.49818444695495
sweep5_d/st0/pt	4683523746771718459	127872.53306514483
sweep5_d/st0/mdot	4634978072750194688	75.0
sweep5_d/st0/far	0	0.0
sweep5_d/st2/Tt	4644486617367654594	328.49818444695495
sweep5_d/st2/pt	4682770223507512028	116907.32640181057
sweep5_d/st2/mdot	4634978072750194688	75.0
sweep5_d/st2/far	0	0.0
sweep5_d/st3/Tt	4649816272140918757	750.9079662142291
sweep5_d/st3/pt	4700784622016994012	1870517.222428969
sweep5_d/st3/mdot	4634978072750194688	75.0
sweep5_d/st3/far	0	0.0
sweep5_d/st4/Tt	4655191494515228672	1700.0
sweep5_d/st4/pt	4700382931502147153	1776991.3613075207
sweep5_d/st4/mdot	4635133471386464540	77.20834744297139
sweep5_d/st4/far	4584144058930574805	0.029444632572951896
sweep5_d/st5/Tt	4653711978032445119	1363.5968994306602
sweep5_d/st5/pt	4693289840683288239	587039.2302286233
sweep5_d/st5/mdot	4635133471386464540	77.20834744297139
sweep5_d/st5/far	4584144058930574805	0.029444632572951896
sweep5_d/st9/Tt	4653711978032445119	1363.5968994306602
sweep5_d/st9/pt	4693138561825570182	569428.0533217646
sweep5_d/st9/mdot	4635133471386464540	77.20834744297139
sweep5_d/st9/far	4584144058930574805	0.029444632572951896
sweep5_d/V0	4647030195206384066	473.0838449389231
sweep5_d/V9	4653384868752303709	1289.220860133318
sweep5_d/M9	4612885291407494557	2.5325841901300934
sweep5_d/T9	4649090594218614264	668.4079380230387
sweep5_d/p9	4673975551164153856	30000.0
sweep5_d/F	4650723938196024063	854.0976497264054
sweep5_d/tsfc	4540212370445809794	3.447455051818015e-05
sweep5_d/eta_brayton	4603242057616939692	0.5625320289207898
sweep5_d/eta_thermal	4603490003222961111	0.5900595209867515
sweep5_d/eta_propulsive	4603069509378606789	0.54337532621522
sweep5_d/eta_overall	4599447464547156415	0.3206237847025725
sweep6_d/st0/Tt	4644486617367654594	328.49818444695495
sweep6_d/st0/pt	4683523746771718459	127872.53306514483
sweep6_d/st0/mdot	4634978072750194688	75.0
sweep6_d/st0/far	0	0.0
sweep6_d/st2/Tt	4644486617367654594	328.49818444695495
sweep6_d/st2/pt	4682770223507512028	116907.32640181057
sweep6_d/st2/mdot	4634978072750194688	75.0
sweep6_d/st2/far	0	0.0
sweep6_d/st3/Tt	4649816272140918757	750.9079662142291
sweep6_d/st3/pt	4700784622016994012	1870517.222428969
sweep6_d/st3/mdot	4634978072750194688	75.0
sweep6_d/st3/far	0	0.0
sweep6_d/st4/Tt	4655191494515228672	1700.0
sweep6_d/st4/pt	4700382931502147153	1776991.3613075207
sweep6_d/st4/mdot	4635133578575383307	77.20987068912306
sweep6_d/st4/far	4584149912874725072	0.029464942521640947
sweep6_d/st5/Tt	4653712062874633879	1363.6161903109512
sweep6_d/st5/pt	4693290184381447869	587079.2419604879
sweep6_d/st5/mdot	4635133578575383307	77.20987068912306
sweep6_d/st5/far	4584149912874725072	0.029464942521640947
sweep6_d/st9/Tt	4653712062874633879	1363.6161903109512
sweep6_d/st9/pt	4693138895212785023	569466.8647016733
sweep6_d/st9/mdot	4635133578575383307	77.20987068912306
sweep6_d/st9/far	4584149912874725072	0.029464942521640947
sweep6_d/V0	4647030195206384066	473.0838449389231
sweep6_d/V9	4653385054329225284	1289.263055440054
sweep6_d/M9	4612885384465026742	2.532625515976032
sweep6_d/T9	4649090595521698019	668.4080861665101
sweep6_d/p9	4673975551164153856	30000.0
sweep6_d/F	4650724550602877283	854.167272324947
sweep6_d/tsfc	4540215464700693902	3.449551800485249e-05
sweep6_d/eta_brayton	4603242057616939692	0.5625320289207898
sweep6_d/eta_thermal	4603486860328324676	0.5897105895878174
sweep6_d/eta_propulsive	4603069428659720995	0.5433663646186669
sweep6_d/eta_overall	4599443953802796284	0.320428899241463
sweep5_e/st0/Tt	4645582630261764678	390.7993044637009
sweep5_e/st0/pt	4684299337516103233	147245.727658676
sweep5_e/st0/mdot	4632233691727265792	50.0
sweep5_e/st0/far	0	0.0
sweep5_e/st2/Tt	4645582630261764678	390.7993044637009
sweep5_e/st2/pt	4683628176332437338	129392.18318006155
sweep5_e/st2/mdot	4632233691727265792	50.0
sweep5_e/st2/far	0	0.0
sweep5_e/st3/Tt	4651438682078248066	935.3546214773235
sweep5_e/st3/pt	4702811763298591384	2587843.663601231
sweep5_e/st3/mdot	4632233691727265792	50.0
sweep5_e/st3/far	0	0.0
sweep5_e/st4/Tt	4656071103817449472	1900.0
sweep5_e/st4/pt	4702533895701033181	2458451.480421169
sweep5_e/st4/mdot	4632461271916901514	51.61705450548568
sweep5_e/st4/far	4584821663319534026	0.03234109010971371
sweep5_e/st5/Tt	4654156216979899245	1464.6051416883377
sweep5_e/st5/pt	4693807197441763872	647267.4837659039
sweep5_e/st5/mdot	4632461271916901514	51.61705450548568
sweep5_e/st5/far	4584821663319534026	0.03234109010971371
sweep5_e/st9/Tt	4654156216979899245	1464.6051416883377
sweep5_e/st9/pt	4693640397881291546	627849.4592529268
sweep5_e/st9/mdot	4632461271916901514	51.61705450548568
sweep5_e/st9/far	4584821663319534026	0.03234109010971371
sweep5_e/V0	4648412827703214617	591.3548061736539
sweep5_e/V9	4653958921682438249	1419.7453847569652
sweep5_e/M9	4613652535569751806	2.8733090439089883
sweep5_e/T9	4648738802215454673	628.413817648072
sweep5_e/p9	4670883174711033856	18750.0
sweep5_e/F	4650901698811792677	874.3066920045864
sweep5_e/tsfc	4540583667228005663	3.699055538001539e-05
sweep5_e/eta_brayton	4603419132530731484	0.582191293558306
sweep5_e/eta_thermal	4603807703652542670	0.6253313541722265
sweep5_e/eta_propulsive	4603555353332088444	0.5973148405682447
sweep5_e/eta_overall	4600400352610975748	0.373519698119708
sweep6_e/st0/Tt	4645582630261764678	390.7993044637009
sweep6_e/st0/pt	4684299337516103233	147245.727658676
sweep6_e/st0/mdot	4632233691727265792	50.0
sweep6_e/st0/far	0	0.0
sweep6_e/st2/Tt	4645582630261764678	390.7993044637009
sweep6_e/st2/pt	4683628176332437338	129392.18318006155
sweep6_e/st2/mdot	4632233691727265792	50.0
sweep6_e/st2/far	0	0.0
sweep6_e/st3/Tt	4651438682078248066	935.3546214773235
sweep6_e/st3/pt	4702811763298591384	2587843.663601231
sweep6_e/st3/mdot	4632233691727265792	50.0
sweep6_e/st3/far	0	0.0
sweep6_e/st4/Tt	4656071103817449472	1900.0
sweep6_e/st4/pt	4702533895701033181	2458451.480421169
sweep6_e/st4/mdot	4632461798539519176	51.62079638424035
sweep6_e/st4/far	4584832448550743742	0.03241592768480704
sweep6_e/st5/Tt	4654156618818164378	1464.6965091316147
sweep6_e/st5/pt	4693808880146009324	647463.3763221777
sweep6_e/st5/mdot	4632461798539519176	51.62079638424035
sweep6_e/st5/far	4584832448550743742	0.03241592768480704
sweep6_e/st9/Tt	4654156618818164378	1464.6965091316147
sweep6_e/st9/pt	4693642030104409634	628039.4750325123
sweep6_e/st9/mdot	4632461798539519176	51.62079638424035
sweep6_e/st9/far	4584832448550743742	0.03241592768480704
sweep6_e/V0	4648412827703214617	591.3548061736539
sweep6_e/V9	4653959685544735250	1419.9190669349668
sweep6_e/M9	4613652947113326399	2.873491805969848
sweep6_e/T9	4648738820088530449	628.4158495815374
sweep6_e/p9	4670883174711033856	18750.0
sweep6_e/F	4650904210646535311	874.5922545533557
sweep6_e/tsfc	4540594512551345162	3.7064046149552844e-05
sweep6_e/eta_brayton	4603419132530731484	0.582191293558306
sweep6_e/eta_thermal	4603796842641794144	0.624125539751855
sweep6_e/eta_propulsive	4603555059418589548	0.5972822096148724
sweep6_e/eta_overall	4600387010847326140	0.3727790814600629
sweep5_f/st0/Tt	4647031630719623196	473.1654444192552
sweep5_f/st0/pt	4690310131436505601	382221.70965686446
sweep5_f/st0/mdot	4638144666238189568	120.0
sweep5_f/st0/far	0	0.0
sweep5_f/st2/Tt	4647031630719623196	473.1654444192552
sweep5_f/st2/pt	4689244932018860060	320218.94314932986
sweep5_f/st2/mdot	4638144666238189568	120.0
sweep5_f/st2/far	0	0.0
sweep5_f/st3/Tt	4652884681153892017	1175.4913674713282
sweep5_f/st3/pt	4710353822777210668	8005473.578733247
sweep5_f/st3/mdot	4638144666238189568	120.0
sweep5_f/st3/far	0	0.0
sweep5_f/st4/Tt	4656510908468559872	2000.0
sweep5_f/st4/pt	4709924032187090025	7605199.899796584
sweep5_f/st4/mdot	4638378824374702909	123.32758725837353
sweep5_f/st4/far	4583649819134745991	0.02772989381977944
sweep5_f/st5/Tt	4653932267630885380	1413.684955089936
sweep5_f/st5/pt	4698276858458914809	1286633.01906967
sweep5_f/st5/mdot	4638378824374702909	123.32758725837353
sweep5_f/st5/far	4583649819134745991	0.02772989381977944
sweep5_f/st9/Tt	4653932267630885380	1413.684955089936
sweep5_f/st9/pt	4698111077056749070	1248034.02849758
sweep5_f/st9/mdot	4638378824374702909	123.32758725837353
sweep5_f/st9/far	4583649819134745991	0.02772989381977944
sweep5_f/V0	4649500121993011683	714.9658556534526
sweep5_f/V9	4654018092120154033	1433.1991846579879
sweep5_f/M9	4614166984379240752	3.1017702092232398
sweep5_f/T9	4648003062020978534	544.769841553393
sweep5_f/p9	4672876039536377856	26000.0
sweep5_f/F	4649878441378317843	757.9757902176956
sweep5_f/tsfc	4540523691175357873	3.65841418389039e-05
sweep5_f/eta_brayton	4603556789930015299	0.597474334977797
sweep5_f/eta_thermal	4604246007354104826	0.6739928402975004
sweep5_f/eta_propulsive	4604277373320752396	0.6774751621336761
sweep5_f/eta_overall	4601897235828036263	0.45661340875748596
sweep6_f/st0/Tt	4647031630719623196	473.1654444192552
sweep6_f/st0/pt	4690310131436505601	382221.70965686446
sweep6_f/st0/mdot	4638144666238189568	120.0
sweep6_f/st0/far	0	0.0
sweep6_f/st2/Tt	4647031630719623196	473.1654444192552
sweep6_f/st2/pt	4689244932018860060	320218.94314932986
sweep6_f/st2/mdot	4638144666238189568	120.0
sweep6_f/st2/far	0	0.0
sweep6_f/st3/Tt	4652884681153892017	1175.4913674713282
sweep6_f/st3/pt	4710353822777210668	8005473.578733247
sweep6_f/st3/mdot	4638144666238189568	120.0
sweep6_f/st3/far	0	0.0
sweep6_f/st4/Tt	4656510908468559872	2000.0
sweep6_f/st4/pt	4709924032187090025	7605199.899796584
sweep6_f/st4/mdot	4638379573328493840	123.33823053188485
sweep6_f/st4/far	4583675383424143094	0.02781858776570708
sweep6_f/st5/Tt	4653932922589436150	1413.8338754228876
sweep6_f/st5/pt	4698279690218439151	1287292.3394623955
sweep6_f/st5/mdot	4638379573328493840	123.33823053188485
sweep6_f/st5/far	4583675383424143094	0.02781858776570708
sweep6_f/st9/Tt	4653932922589436150	1413.8338754228876
sweep6_f/st9/pt	4698113823863487681	1248673.5692785236
sweep6_f/st9/mdot	4638379573328493840	123.33823053188485
sweep6_f/st9/far	4583675383424143094	0.02781858776570708
sweep6_f/V0	4649500121993011683	714.9658556534526
sweep6_f/V9	4654019167267259217	1433.4436448069357
sweep6_f/M9	4614167694739352616	3.1020856724840264
sweep6_f/T9	4648003070578111077	544.7708143867318
sweep6_f/p9	4672876039536377856	26000.0
sweep6_f/F	4649881769615637371	758.3541669937398
sweep6_f/tsfc	4540538257074754668	3.668284421246771e-05
sweep6_f/eta_brayton	4603556789930015299	0.597474334977797
sweep6_f/eta_thermal	4604230065434320567	0.6722229316573792
sweep6_f/eta_propulsive	4604276977529054294	0.6774312204280573
sweep6_f/eta_overall	4601875103198143889	0.45538480099238493
sweep6_g/st0/Tt	4643868342606865164	293.3533332483355
sweep6_g/st0/pt	4682148487754528779	107859.8804299535
sweep6_g/st0/mdot	4617315517961601024	5.0
sweep6_g/st0/far	0	0.0
sweep6_g/st2/Tt	4643868342606865164	293.3533332483355
sweep6_g/st2/pt	4681777884027331082	102466.88640845582
sweep6_g/st2/mdot	4617315517961601024	5.0
sweep6_g/st2/far	0	0.0
sweep6_g/st3/Tt	4648405566137653337	590.5292617480837
sweep6_g/st3/pt	4697049050613631628	1024668.8640845581
sweep6_g/st3/mdot	4617315517961601024	5.0
sweep6_g/st3/far	0	0.0
sweep6_g/st4/Tt	4656836363910381568	2100.0
sweep6_g/st4/pt	4696608958687584363	973435.4208803301
sweep6_g/st4/mdot	4617608462156162169	5.260186711785644
sweep6_g/st4/far	4587660192416559756	0.05203734235712884
sweep6_g/st5/Tt	4656023045117105648	1889.0727166657998
sweep6_g/st5/pt	4692980734027601047	551054.4794279513
sweep6_g/st5/mdot	4617608462156162169	5.260186711785644
sweep6_g/st5/far	4587660192416559756	0.05203734235712884
sweep6_g/st9/Tt	4656023045117105648	1889.0727166657998
sweep6_g/st9/pt	4692838728369553606	534522.8450451128
sweep6_g/st9/mdot	4617608462156162169	5.260186711785644
sweep6_g/st9/far	4587660192416559756	0.05203734235712884
sweep6_g/V0	4636888442294913956	102.14798405235211
sweep6_g/V9	4653141998236216319	1233.9984982337335
sweep6_g/M9	4610632832115946758	1.7661456615635998
sweep6_g/T9	4653527384899024928	1321.6252802233284
sweep6_g/p9	4681699414190850048	101325.0
sweep6_g/F	4652975162820209458	1196.0645165021529
sweep6_g/tsfc	4541545344882828184	4.350713664619878e-05
sweep6_g/eta_brayton	4602707971730640210	0.503236584111088
sweep6_g/eta_thermal	4600108173377938914	0.35730049252796736
sweep6_g/eta_propulsive	4594699504485491305	0.15352952783975418
sweep6_g/eta_overall	4588066429144868046	0.05485617591473045
sweep5_h/st0/Tt	4643619291917621277	279.1964406020723
sweep5_h/st0/pt	4679390875172815352	67731.33590818185
sweep5_h/st0/mdot	4641240890982006784	200.0
sweep5_h/st0/far	0	0.0
sweep5_h/st2/Tt	4643619291917621277	279.1964406020723
sweep5_h/st2/pt	4679076291311461309	64344.76911277275
sweep5_h/st2/mdot	4641240890982006784	200.0
sweep5_h/st2/far	0	0.0
sweep5_h/st3/Tt	4649971510710003494	768.5565482259015
sweep5_h/st3/pt	4701041572090297729	1930343.0733831825
sweep5_h/st3/mdot	4641240890982006784	200.0
sweep5_h/st3/far	0	0.0
sweep5_h/st4/Tt	4654971592189673472	1650.0
sweep5_h/st4/pt	4700627034071785684	1833825.9197140234
sweep5_h/st4/mdot	4641429990848442945	205.37454145717678
sweep5_h/st4/far	4583402751937649094	0.02687270728588389
sweep5_h/st5/Tt	4653234952075890039	1255.133754406908
sweep5_h/st5/pt	4691818463240318272	470018.17583819106
sweep5_h/st5/mdot	4641429990848442945	205.37454145717678
sweep5_h/st5/far	4583402751937649094	0.02687270728588389
sweep5_h/st9/Tt	4653234952075890039	1255.133754406908
sweep5_h/st9/pt	4691576217717068199	455917.6305630453
sweep5_h/st9/mdot	4641429990848442945	205.37454145717678
sweep5_h/st9/far	4583402751937649094	0.02687270728588389
sweep5_h/V0	4643632220621419510	279.9313523274026
sweep5_h/V9	4652787932080748704	1153.493175115007
sweep5_h/M9	4612196354187022056	2.226634604254162
sweep5_h/T9	4649305896729915173	692.8849996863615
sweep5_h/p9	4675730371722084352	40000.0
sweep5_h/F	4651167803629557313	904.5593072387347
sweep5_h/tsfc	4539389498478937931	2.9708065652340407e-05
sweep5_h/eta_brayton	4603910339500813837	0.6367262223624849
sweep5_h/eta_thermal	4603218351440562166	0.5599001146367744
sweep5_h/eta_propulsive	4600755033626586680	0.39320844961614254
sweep5_h/eta_overall	4597100028585555537	0.22015745601622652
sweep6_h/st0/Tt	4643619291917621277	279.1964406020723
sweep6_h/st0/pt	4679390875172815352	67731.33590818185
sweep6_h/st0/mdot	4641240890982006784	200.0
sweep6_h/st0/far	0	0.0
sweep6_h/st2/Tt	4643619291917621277	279.1964406020723
sweep6_h/st2/pt	4679076291311461309	64344.76911277275
sweep6_h/st2/mdot	4641240890982006784	200.0
sweep6_h/st2/far	0	0.0
sweep6_h/st3/Tt	4649971510710003494	768.5565482259015
sweep6_h/st3/pt	4701041572090297729	1930343.0733831825
sweep6_h/st3/mdot	4641240890982006784	200.0
sweep6_h/st3/far	0	0.0
sweep6_h/st4/Tt	4654971592189673472	1650.0
sweep6_h/st4/pt	4700627034071785684	1833825.9197140234
sweep6_h/st4/mdot	4641430084493716543	205.3772030159325
sweep6_h/st4/far	4583406587648055684	0.02688601507966261
sweep6_h/st5/Tt	4653235018085456260	1255.1487632445942
sweep6_h/st5/pt	4691818926410871965	470045.1359127255
sweep6_h/st5/mdot	4641430084493716543	205.3772030159325
sweep6_h/st5/far	4583406587648055684	0.02688601507966261
sweep6_h/st9/Tt	4653235018085456260	1255.1487632445942
sweep6_h/st9/pt	4691576666992505281	455943.78183534375
sweep6_h/st9/mdot	4641430084493716543	205.3772030159325
sweep6_h/st9/far	4583406587648055684	0.02688601507966261
sweep6_h/V0	4643632220621419510	279.9313523274026
sweep6_h/V9	4652788065864158690	1153.5235939406489
sweep6_h/M9	4612196433137277191	2.2266696652105824
sweep6_h/T9	4649305893287763100	692.8846083589774
sweep6_h/p9	4675730371722084352	40000.0
sweep6_h/F	4651168213414162815	904.6058943546813
sweep6_h/tsfc	4539393388879068389	2.972124684069441e-05
sweep6_h/eta_brayton	4603910339500813837	0.6367262223624849
sweep6_h/eta_thermal	4603216206572364968	0.5596619864310428
sweep6_h/eta_propulsive	4600754904731631174	0.3932012945087745
sweep6_h/eta_overall	4597096510789148053	0.2200598175520382
sweep5_i/st0/Tt	4645005202267110363	357.97632310160924
sweep5_i/st0/pt	4683450745082016444	126810.21866507357
sweep5_i/st0/mdot	4636033603912859648	90.0
sweep5_i/st0/far	0	0.0
sweep5_i/st2/Tt	4645005202267110363	357.97632310160924
sweep5_i/st2/pt	4682555629064326548	113784.56625609688
sweep5_i/st2/mdot	4636033603912859648	90.0
sweep5_i/st2/far	0	0.0
sweep5_i/st3/Tt	4650596434185622028	839.602121986974
sweep5_i/st3/pt	4701547429555527494	2048122.1926097437
sweep5_i/st3/mdot	4636033603912859648	90.0
sweep5_i/st3/far	0	0.0
sweep5_i/st4/Tt	4655411396840783872	1750.0
sweep5_i/st4/pt	4701107598663753961	1945716.0829792565
sweep5_i/st4/mdot	4636225963457594723	92.73359354331255
sweep5_i/st4/far	4584411718022144711	0.03037326159236178
sweep5_i/st5/Tt	4653712778357940755	1363.7788723801539
sweep5_i/st5/pt	4692989977588325553	552130.5715245215
sweep5_i/st5/mdot	4636225963457594723	92.73359354331255
sweep5_i/st5/far	4584411718022144711	0.03037326159236178
sweep5_i/st9/Tt	4653712778357940755	1363.7788723801539
sweep5_i/st9/pt	4692847694623456376	535566.6543787858
sweep5_i/st9/mdot	4636225963457594723	92.73359354331255
sweep5_i/st9/far	4584411718022144711	0.03037326159236178
sweep5_i/V0	4647892666514791293	532.2193255562885
sweep5_i/V9	4653542573043576530	1325.0786644731893
sweep5_i/M9	4613223587779477313	2.6828179586590584
sweep5_i/T9	4648729265046730294	627.3295670949799
sweep5_i/p9	4671776527908601856	22000.0
sweep5_i/F	4650539296329615531	833.1062998234023
sweep5_i/tsfc	4540505053272154962	3.645784649425908e-05
sweep5_i/eta_brayton	4603342071108869291	0.5736357570721301
sweep5_i/eta_thermal	4603461527781241705	0.5868981118834259
sweep5_i/eta_propulsive	4603409812509627423	0.5811565633563339
sweep5_i/eta_overall	4599815965372417662	0.3410796897424929
sweep6_i/st0/Tt	4645005202267110363	357.97632310160924
sweep6_i/st0/pt	4683450745082016444	126810.21866507357
sweep6_i/st0/mdot	4636033603912859648	90.0
sweep6_i/st0/far	0	0.0
sweep6_i/st2/Tt	4645005202267110363	357.97632310160924
sweep6_i/st2/pt	4682555629064326548	113784.56625609688
sweep6_i/st2/mdot	4636033603912859648	90.0
sweep6_i/st2/far	0	0.0
sweep6_i/st3/Tt	4650596434185622028	839.602121986974
sweep6_i/st3/pt	4701547429555527494	2048122.1926097437
sweep6_i/st3/mdot	4636033603912859648	90.0
sweep6_i/st3/far	0	0.0
sweep6_i/st4/Tt	4655411396840783872	1750.0
sweep6_i/st4/pt	4701107598663753961	1945716.0829792565
sweep6_i/st4/mdot	4636226155064900353	92.73631644689523
sweep6_i/st4/far	4584420438283520908	0.030403516076613665
sweep6_i/st5/Tt	4653712923323969265	1363.8118338388706
sweep6_i/st5/pt	4692990517158407813	552193.3857492959
sweep6_i/st5/mdot	4636226155064900353	92.73631644689523
sweep6_i/st5/far	4584420438283520908	0.030403516076613665
sweep6_i/st9/Tt	4653712923323969265	1363.8118338388706
sweep6_i/st9/pt	4692848218006436169	535627.5841768171
sweep6_i/st9/mdot	4636226155064900353	92.73631644689523
sweep6_i/st9/far	4584420438283520908	0.030403516076613665
sweep6_i/V0	4647892666514791293	532.2193255562885
sweep6_i/V9	4653542860647541135	1325.1440580436936
sweep6_i/M9	4613223742355127520	2.682886604037421
sweep6_i/T9	4648729281241228229	627.3314081962386
sweep6_i/p9	4671776527908601856	22000.0
sweep6_i/F	4650540241657489163	833.2137711599656
sweep6_i/tsfc	4540509717805567809	3.648945460213308e-05
sweep6_i/eta_brayton	4603342071108869291	0.5736357570721301
sweep6_i/eta_thermal	4603457069276622486	0.5864031184350604
sweep6_i/eta_propulsive	4603409692956836500	0.5811432903302198
sweep6_i/eta_overall	4599810642981714405	0.3407842377072526
sweep5_j/st0/Tt	4643613030952527961	278.84054594080004
sweep5_j/st0/pt	4679997925196707717	76565.07639524162
sweep5_j/st0/mdot	4622945017495814144	12.0
sweep5_j/st0/far	0	0.0
sweep5_j/st2/Tt	4643613030952527961	278.84054594080004
sweep5_j/st2/pt	4679734849597401073	72736.82257547953
sweep5_j/st2/mdot	4622945017495814144	12.0
sweep5_j/st2/far	0	0.0
sweep5_j/st3/Tt	4648663171595998109	619.8156116871284
sweep5_j/st3/pt	4696994475769632230	1018315.5160567134
sweep5_j/st3/mdot	4622945017495814144	12.0
sweep5_j/st3/far	0	0.0
sweep5_j/st4/Tt	4654531787538563072	1550.0
sweep5_j/st4/pt	4696557112585784935	967399.7402538777
sweep5_j/st4/mdot	4623134486871040732	12.336565220540642
sweep5_j/st4/far	4583741248084758367	0.028047101711720198
sweep5_j/st5/Tt	4653338018314455153	1278.568303883567
sweep5_j/st5/pt	4690159522963252045	373455.14271502645
sweep5_j/st5/mdot	4623134486871040732	12.336565220540642
sweep5_j/st5/far	4583741248084758367	0.028047101711720198
sweep5_j/st9/Tt	4653338018314455153	1278.568303883567
sweep5_j/st9/pt	4689967045648313959	362251.48843357567
sweep5_j/st9/mdot	4623134486871040732	12.336565220540642
sweep5_j/st9/far	4583741248084758367	0.028047101711720198
sweep5_j/V0	4641035694898784967	194.16797654641252
sweep5_j/V9	4652278288112236642	1037.6135528269447
sweep5_j/M9	4610962376774542221	1.8393192750865837
sweep5_j/T9	4650525770850097120	831.5686308282857
sweep5_j/p9	4678479150791524352	60000.0
sweep5_j/F	4650886225931152220	872.5476291341288
sweep5_j/tsfc	4539868430176948693	3.214392060127731e-05
sweep5_j/eta_brayton	4603130290537624848	0.5501233904357452
sweep5_j/eta_thermal	4601693783621444030	0.4453195425490114
sweep5_j/eta_propulsive	4599380921715358131	0.3169299155032618
sweep5_j/eta_overall	4594252947619966759	0.1411350849920094
sweep6_j/st0/Tt	4643613030952527961	278.84054594080004
sweep6_j/st0/pt	4679997925196707717	76565.07639524162
sweep6_j/st0/mdot	4622945017495814144	12.0
sweep6_j/st0/far	0	0.0
sweep6_j/st2/Tt	4643613030952527961	278.84054594080004
sweep6_j/st2/pt	4679734849597401073	72736.82257547953
sweep6_j/st2/mdot	4622945017495814144	12.0
sweep6_j/st2/far	0	0.0
sweep6_j/st3/Tt	4648663171595998109	619.8156116871284
sweep6_j/st3/pt	4696994475769632230	1018315.5160567134
sweep6_j/st3/mdot	4622945017495814144	12.0
sweep6_j/st3/far	0	0.0
sweep6_j/st4/Tt	4654531787538563072	1550.0
sweep6_j/st4/pt	4696557112585784935	967399.7402538777
sweep6_j/st4/mdot	4623134535990586812	12.33665247438227
sweep6_j/st4/far	4583743343852057814	0.02805437286518927
sweep6_j/st5/Tt	4653338042855975207	1278.5738839791827
sweep6_j/st5/pt	4690159655681949990	373462.8679599933
sweep6_j/st5/mdot	4623134535990586812	12.33665247438227
sweep6_j/st5/far	4583743343852057814	0.02805437286518927
sweep6_j/st9/Tt	4653338042855975207	1278.5738839791827
sweep6_j/st9/pt	4689967174385450965	362258.9819211935
sweep6_j/st9/mdot	4623134535990586812	12.33665247438227
sweep6_j/st9/far	4583743343852057814	0.02805437286518927
sweep6_j/V0	4641035694898784967	194.16797654641252
sweep6_j/V9	4652278347735980749	1037.627109696786
sweep6_j/M9	4610962435808117348	1.83933238317345
sweep6_j/T9	4650525770098915925	831.5685454288711
sweep6_j/p9	4678479150791524352	60000.0
sweep6_j/F	4650886414887474142	872.5691109808356
sweep6_j/tsfc	4539869543133436306	3.215146228778826e-05
sweep6_j/eta_brayton	4603130290537624848	0.5501233904357452
sweep6_j/eta_thermal	4601691980120480162	0.4452194281342604
sweep6_j/eta_propulsive	4599380866021900093	0.3169268238952901
sweep6_j/eta_overall	4594251754861531503	0.14110197929506849
sweep5_k/st0/Tt	4645990609895746114	413.9902616847868
sweep5_k/st0/pt	4684774160511829062	161064.89562323893
sweep5_k/st0/mdot	4634274385308418048	65.0
sweep5_k/st0/far	0	0.0
sweep5_k/st2/Tt	4645990609895746114	413.9902616847868
sweep5_k/st2/pt	4683993105137882561	138333.19244257922
sweep5_k/st2/mdot	4634274385308418048	65.0
sweep5_k/st2/far	0	0.0
sweep5_k/st3/Tt	4652096385423871734	1010.1268350002053
sweep5_k/st3/pt	4703789913259841001	3043330.2337367428
sweep5_k/st3/mdot	4634274385308418048	65.0
sweep5_k/st3/far	0	0.0
sweep5_k/st4/Tt	4655851201491894272	1850.0
sweep5_k/st4/pt	4703463138164220317	2891163.7220499055
sweep5_k/st4/mdot	4634400498864039931	66.79218141656013
sweep5_k/st4/far	4583604315621150595	0.027572021793232714
sweep5_k/st5/Tt	4653690750253296558	1358.7702612641547
sweep5_k/st5/pt	4693449376471036619	605611.6403022645
sweep5_k/st5/mdot	4634400498864039931	66.79218141656013
sweep5_k/st5/far	4583604315621150595	0.027572021793232714
sweep5_k/st9/Tt	4653690750253296558	1358.7702612641547
sweep5_k/st9/pt	4693293311539686110	587443.2910931965
sweep5_k/st9/mdot	4634400498864039931	66.79218141656013
sweep5_k/st9/far	4583604315621150595	0.027572021793232714
sweep5_k/V0	4648844521357729966	640.4326926199917
sweep5_k/V9	4653786827593363583	1380.6157192020034
sweep5_k/M9	4613885751842862292	2.9768778743588005
sweep5_k/T9	4648040116421144848	548.9824391319726
sweep5_k/p9	4669471951536783360	15000.0
sweep5_k/F	4650056769876748570	778.2493932799291
sweep5_k/tsfc	4540353113112906726	3.542825992710451e-05
sweep5_k/eta_brayton	4603490909330796662	0.5901601191649337
sweep5_k/eta_thermal	4604084829447728179	0.6560984980254773
sweep5_k/eta_propulsive	4603973518839965274	0.6437405380631376
sweep5_k/eta_overall	4601280130834601007	0.4223572001413371
sweep6_k/st0/Tt	4645990609895746114	413.9902616847868
sweep6_k/st0/pt	4684774160511829062	161064.89562323893
sweep6_k/st0/mdot	4634274385308418048	65.0
sweep6_k/st0/far	0	0.0
sweep6_k/st2/Tt	4645990609895746114	413.9902616847868
sweep6_k/st2/pt	4683993105137882561	138333.19244257922
sweep6_k/st2/mdot	4634274385308418048	65.0
sweep6_k/st2/far	0	0.0
sweep6_k/st3/Tt	4652096385423871734	1010.1268350002053
sweep6_k/st3/pt	4703789913259841001	3043330.2337367428
sweep6_k/st3/mdot	4634274385308418048	65.0
sweep6_k/st3/far	0	0.0
sweep6_k/st4/Tt	4655851201491894272	1850.0
sweep6_k/st4/pt	4703463138164220317	2891163.7220499055
sweep6_k/st4/mdot	4634400721188240478	66.79534083347377
sweep6_k/st4/far	4583618325466157370	0.027620628207288812
sweep6_k/st5/Tt	4653691050335977058	1358.8384921661568
sweep6_k/st5/pt	4693450631533791256	605757.7488367585
sweep6_k/st5/mdot	4634400721188240478	66.79534083347377
sweep6_k/st5/far	4583618325466157370	0.027620628207288812
sweep6_k/st9/Tt	4653691050335977058	1358.8384921661568
sweep6_k/st9/pt	4693294528950558108	587585.0163716557
sweep6_k/st9/mdot	4634400721188240478	66.79534083347377
sweep6_k/st9/far	4583618325466157370	0.027620628207288812
sweep6_k/V0	4648844521357729966	640.4326926199917
sweep6_k/V9	4653787362465432340	1380.7373350301687
sweep6_k/M9	4613886085028474852	2.9770258384942156
sweep6_k/T9	4648040127569148047	548.9837065132032
sweep6_k/p9	4669471951536783360	15000.0
sweep6_k/F	4650058459445364326	778.4414749929681
sweep6_k/tsfc	4540361037641929076	3.548195862449174e-05
sweep6_k/eta_brayton	4603490909330796662	0.5901601191649337
sweep6_k/eta_thermal	4604076097453678349	0.6551290519409761
sweep6_k/eta_propulsive	4603973310859634636	0.6437174476079632
sweep6_k/eta_overall	4601268616049591339	0.42171800116927
sweep5_l/st0/Tt	4643650926720188712	280.994670934992
sweep5_l/st0/pt	4680265098914469102	80452.9656873529
sweep5_l/st0/mdot	4620693217682128896	8.0
sweep5_l/st0/far	0	0.0
sweep5_l/st2/Tt	4643650926720188712	280.994670934992
sweep5_l/st2/pt	4679988664629274389	76430.31740298525
sweep5_l/st2/mdot	4620693217682128896	8.0
sweep5_l/st2/far	0	0.0
sweep5_l/st3/Tt	4648044785441684748	549.5132453124111
sweep5_l/st3/pt	4694155994938723320	687872.8566268673
sweep5_l/st3/mdot	4620693217682128896	8.0
sweep5_l/st3/far	0	0.0
sweep5_l/st4/Tt	4653652178236342272	1350.0
sweep5_l/st4/pt	4693860555796421471	653479.213795524
sweep5_l/st4/mdot	4620804537515430939	8.19774374724698
sweep5_l/st4/far	4582781690739754689	0.024717968405872485
sweep5_l/st5/Tt	4652689657218197905	1131.1480584131534
sweep5_l/st5/pt	4688535740364654840	278938.5558186914
sweep5_l/st5/mdot	4620804537515430939	8.19774374724698
sweep5_l/st5/far	4582781690739754689	0.024717968405872485
sweep5_l/st9/Tt	4652689657218197905	1131.1480584131534
sweep5_l/st9/pt	4688391976527674670	270570.39914413064
sweep5_l/st9/mdot	4620804537515430939	8.19774374724698
sweep5_l/st9/far	4582781690739754689	0.024717968405872485
sweep5_l/V0	4639424370397013385	148.3713797589701
sweep5_l/V9	4650829165573436480	866.0606175061621
sweep5_l/M9	4609657776665053862	1.5496398591900884
sweep5_l/T9	4650369512917297588	813.8041605793901
sweep5_l/p9	4679546776582094848	70000.0
sweep5_l/F	4649712377356591375	739.0964967282797
sweep5_l/tsfc	4540060213190783906	3.3443492852814534e-05
sweep5_l/eta_brayton	4602474320575799516	0.4886480474638242
sweep5_l/eta_thermal	4600028054766430093	0.3528530161680628
sweep5_l/eta_propulsive	4598963630074875533	0.29376557614089266
sweep5_l/eta_overall	4592133627645079935	0.1036560695876627
sweep6_l/st0/Tt	4643650926720188712	280.994670934992
sweep6_l/st0/pt	4680265098914469102	80452.9656873529
sweep6_l/st0/mdot	4620693217682128896	8.0
sweep6_l/st0/far	0	0.0
sweep6_l/st2/Tt	4643650926720188712	280.994670934992
sweep6_l/st2/pt	4679988664629274389	76430.31740298525
sweep6_l/st2/mdot	4620693217682128896	8.0
sweep6_l/st2/far	0	0.0
sweep6_l/st3/Tt	4648044785441684748	549.5132453124111
sweep6_l/st3/pt	4694155994938723320	687872.8566268673
sweep6_l/st3/mdot	4620693217682128896	8.0
sweep6_l/st3/far	0	0.0
sweep6_l/st4/Tt	4653652178236342272	1350.0
sweep6_l/st4/pt	4693860555796421471	653479.213795524
sweep6_l/st4/mdot	4620804542790692625	8.197753117994155
sweep6_l/st4/far	4582782028356502594	0.024719139749269432
sweep6_l/st5/Tt	4652689660418849883	1131.1487861571575
sweep6_l/st5/pt	4688535754315014927	278939.36783652095
sweep6_l/st5/mdot	4620804542790692625	8.197753117994155
sweep6_l/st5/far	4582782028356502594	0.024719139749269432
sweep6_l/st9/Tt	4652689660418849883	1131.1487861571575
sweep6_l/st9/pt	4688391990059523954	270571.1868014253
sweep6_l/st9/mdot	4620804542790692625	8.197753117994155
sweep6_l/st9/far	4582782028356502594	0.024719139749269432
sweep6_l/V0	4639424370397013385	148.3713797589701
sweep6_l/V9	4650829182453862745	866.0625365884435
sweep6_l/M9	4609657785622454068	1.5496418481324783
sweep6_l/T9	4650369513049499093	813.8041756089611
sweep6_l/p9	4679546776582094848	70000.0
sweep6_l/F	4649712403577522399	739.0994777030099
sweep6_l/tsfc	4540060427164019592	3.344494279185819e-05
sweep6_l/eta_brayton	4602474320575799516	0.4886480474638242
sweep6_l/eta_thermal	4600027790039148586	0.35283832085190403
sweep6_l/eta_propulsive	4598963621046959601	0.29376507499088605
sweep6_l/eta_overall	4592133303832451653	0.10365157578471791
