kernel	n_values	n_differ	max_rel	max_abs	tol	abs_tol	max_used
A	18	5	6.599e-12	8.332e-9	1e-10	0e0	0.0660
B	32	31	1.045e-12	4.116e-13	1e-11	0e0	0.1045
C	18	6	2.359e-15	1.998e-15	1e-13	0e0	0.0236
D	10	9	1.015e-8	1.034e-5	1e-7	0e0	0.1015
E	42	33	6.632e-11	1.133e-5	1e-9	0e0	0.0663
F	13	11	3.676e-6	1.057e-7	1e-4	0e0	0.0368
cpg	96	0	0.000e0	0.000e0	0e0	0e0	0.0000
prop	884	455	8.914e-12	2.051e-2	1e-10	0e0	0.0891
r10	36	12	1.618e-15	2.665e-15	1e-13	0e0	0.0162
r11	54	18	1.314e-15	1.776e-15	1e-13	0e0	0.0131
r12	66	24	1.351e-15	3.109e-15	1e-13	0e0	0.0135
r13	42	14	1.851e-15	1.776e-15	1e-13	0e0	0.0185
r14	10	10	9.649e-11	5.789e-9	1e-9	0e0	0.0965
r15	44	16	1.746e-15	1.776e-15	1e-13	0e0	0.0175
r16	66	23	1.684e-15	1.776e-15	1e-13	0e0	0.0168
r17	14	12	9.649e-11	5.788e-9	1e-9	0e0	0.0965
r18	46	14	1.314e-15	1.776e-15	1e-13	0e0	0.0131
r22	46	18	1.344e-15	1.776e-15	1e-13	0e0	0.0134
r23	54	26	1.573e-15	3.109e-15	1e-13	0e0	0.0157
r24	56	25	3.259e-14	1.293e-14	1e-12	0e0	0.0326
r25	48	42	1.976e-6	1.057e-7	1e-4	0e0	0.0198
r27	10	9	1.814e-10	5.788e-9	1e-8	0e0	0.0181
r28	48	40	6.839e-7	5.788e-9	1e-5	0e0	0.0684
r66	6152	0	0.000e0	0.000e0	0e0	0e0	0.0000
r67	148	6	1.741e-16	7.105e-15	1e-15	0e0	0.1741
r68	1663	0	0.000e0	0.000e0	0e0	0e0	0.0000
r69	3346	46	3.979e-16	1.819e-12	1e-14	0e0	0.0398
r7	77	16	2.142e-15	2.274e-12	1e-13	0e0	0.0214
r70	1346	48	8.655e-5	9.095e-13	1e-14	1e-15	0.2220
r71	309	6	1.391e-15	1.819e-12	1e-14	0e0	0.1391
r72	708	22	1.016e1	8.907e-11	1e-15	1e-9	0.0891
r73	794	16	5.619e0	3.143e-11	1e-15	1e-9	0.0314
r74	196	28	1.022e-4	8.110e-11	1e-14	1e-9	0.0811
r75	1207	152	3.550e0	1.566e-9	1e-9	1e-9	0.1759
r76	223	25	6.262e-3	1.020e-10	1e-11	1e-9	0.0522
r77	591	0	0.000e0	0.000e0	0e0	0e0	0.0000
r78	2393	0	0.000e0	0.000e0	0e0	0e0	0.0000
r79	331	0	0.000e0	0.000e0	0e0	0e0	0.0000
r8	60	15	2.363e-15	2.501e-12	1e-13	0e0	0.0236
r80	1092	37	3.099e0	8.457e-11	1e-15	1e-9	0.0846
r81	11462	0	0.000e0	0.000e0	0e0	0e0	0.0000
r81m	784	155	3.230e-3	8.952e-11	1e-15	1e-9	0.0895
r82	153	0	0.000e0	0.000e0	0e0	0e0	0.0000
r82r	111	0	0.000e0	0.000e0	0e0	0e0	0.0000
r82t	176	0	0.000e0	0.000e0	0e0	0e0	0.0000
