# slice S oracle (gas) — rungs 43+45 TwoSpoolFuelTransient — key	u64 bits (or an integer)	repr
T/tpg/equilibrium_flag	0	0
T/tpg/0/mf	4580215399233031282	0.015814356160046512
T/tpg/0/eqf/M9	4607182418800016700	0.9999999999999214
T/tpg/0/eqf/Pc_hp	4688278998947104627	263994.23844348564
T/tpg/0/eqf/Pc_lp	4681709237205112584	101467.94367083546
T/tpg/0/eqf/Phi_hp	4426059980885623601	8.106962151213864e-13
T/tpg/0/eqf/Phi_lp	4410404423874666544	7.426637346615347e-14
T/tpg/0/eqf/Pt_hp	4688278998947109437	263994.2384437656
T/tpg/0/eqf/Pt_lp	4681709237205113248	101467.94367084512
T/tpg/0/eqf/Tt2	4643745586963694955	286.3754828060834
T/tpg/0/eqf/Tt25	4645516945561475906	387.0655615324396
T/tpg/0/eqf/Tt3	4648860275383683466	642.2237180120294
T/tpg/0/eqf/Tt4	4653432275910797211	1300.0000000023053
T/tpg/0/eqf/Tt45	4652499583543183853	1087.930308320206
T/tpg/0/eqf/Tt5	4652047986325338146	1004.6244945393448
T/tpg/0/eqf/branch_choked	1	1
T/tpg/0/eqf/eta_hpc	4606096090337847235	0.8793933128993036
T/tpg/0/eqf/eta_hpt	4606461842859638129	0.92
T/tpg/0/eqf/eta_lpc	4606261253788517351	0.897730139475354
T/tpg/0/eqf/eta_lpt	4606281698874543309	0.9
T/tpg/0/eqf/f	4581250064392256837	0.019404072043014215
T/tpg/0/eqf/m_hp	4606415412310681006	0.9148451735501817
T/tpg/0/eqf/m_imp	4605516104319548729	0.8150019297517367
T/tpg/0/eqf/m_lp	4605516104319524686	0.8150019297490674
T/tpg/0/eqf/mdot4	4605658547376568175	0.830816285911835
T/tpg/0/eqf/mdot_air	4605516104319548729	0.8150019297517367
T/tpg/0/eqf/mdot_air_face	4605516104319524686	0.8150019297490674
T/tpg/0/eqf/n_hp	4606635819806196364	0.9393153211822933
T/tpg/0/eqf/n_lp	4606277176935125503	0.8994979638742392
T/tpg/0/eqf/nu_hp	4606464385204718439	0.9202822570044703
T/tpg/0/eqf/nu_hpt	4607079211778423496	0.9885417188323453
T/tpg/0/eqf/nu_lp	4606277176935125503	0.8994979638742392
T/tpg/0/eqf/nu_lpt	4606898040696077135	0.9684276881306263
T/tpg/0/eqf/phi_hp	4606947771828393506	0.9739489529444578
T/tpg/0/eqf/phi_lp	4606336310586139089	0.9060631179627824
T/tpg/0/eqf/pi_hpc	4617516175115520999	5.178219353870168
T/tpg/0/eqf/pi_hpt	4601461323899592801	0.4324154357741517
T/tpg/0/eqf/pi_lpc	4613078612089805097	2.618435819185056
T/tpg/0/eqf/pi_lpt	4604373089077522098	0.6881017458321905
T/tpg/0/eqf/pt4	4696952626012925838	1013443.5631613599
T/tpg/0/eqf/slip	4606978993961422452	0.9774153060411224
T/tpg/0/eqf/sp_thrust	4648651378051444598	618.4748409013107
T/tpg/0/eqf/tau_hpc	4610151244478779625	1.6592117249320444
T/tpg/0/eqf/tau_hpt	4605713069593195277	0.8368694679371359
T/tpg/0/eqf/tau_lpc	4608765891646884628	1.3516016026921465
T/tpg/0/eqf/tau_lpt	4606492712797653039	0.9234272515952905
T/tpg/0/eqf/passes	6	6
T/tpg/1/mf	4581348797629897987	0.019746621773404815
T/tpg/1/eqf/M9	4607182418800017895	1.0000000000001081
T/tpg/1/eqf/Pc_hp	4688637588950982436	284866.9237961641
T/tpg/1/eqf/Pc_lp	4682270833880352380	109640.25088145764
T/tpg/1/eqf/Phi_hp	13642798969680474181	-2.978384360005914e-13
T/tpg/1/eqf/Phi_lp	4423116579807886917	5.13488658179068e-13
T/tpg/1/eqf/Pt_hp	4688637588950980774	284866.92379606736
T/tpg/1/eqf/Pt_lp	4682270833880356746	109640.25088152118
T/tpg/1/eqf/Tt2	4643745586963694955	286.3754828060834
T/tpg/1/eqf/Tt25	4645658688491957561	395.1227143003667
T/tpg/1/eqf/Tt3	4649100677194320475	669.5542396459017
T/tpg/1/eqf/Tt4	4653872080561897742	1400.0000000000614
T/tpg/1/eqf/Tt45	4652880137063048078	1174.4581608345939
T/tpg/1/eqf/Tt5	4652490261776811354	1085.8107840384678
T/tpg/1/eqf/branch_choked	1	1
T/tpg/1/eqf/eta_hpc	4606100230689822158	0.8798529843085647
T/tpg/1/eqf/eta_hpt	4606461842859638129	0.92
T/tpg/1/eqf/eta_lpc	4606276514657474880	0.8994244362845976
T/tpg/1/eqf/eta_lpt	4606281698874543309	0.9
T/tpg/1/eqf/f	4581950897409780634	0.021835575019490606
T/tpg/1/eqf/m_hp	4606798605600053654	0.9573881748245181
T/tpg/1/eqf/m_imp	4606320723236491342	0.9043325745156012
T/tpg/1/eqf/m_lp	4606320723236491476	0.9043325745156161
T/tpg/1/eqf/mdot4	4606498584993412402	0.9240791962890056
T/tpg/1/eqf/mdot_air	4606320723236491342	0.9043325745156012
T/tpg/1/eqf/mdot_air_face	4606320723236491476	0.9043325745156161
T/tpg/1/eqf/n_hp	4606914191140622081	0.9702207476697994
T/tpg/1/eqf/n_lp	4606724636657790752	0.9491759725437738
T/tpg/1/eqf/nu_hp	4606825769183927861	0.9604039384493662
T/tpg/1/eqf/nu_hpt	4607129389107798434	0.994112521470971
T/tpg/1/eqf/nu_lp	4606724636657790752	0.9491759725437738
T/tpg/1/eqf/nu_lpt	4607034231387425310	0.9835478922580625
T/tpg/1/eqf/phi_hp	4607063285560653035	0.9867735534659493
T/tpg/1/eqf/phi_lp	4606756877664355497	0.9527554433263009
T/tpg/1/eqf/pi_hpc	4617975710341697420	5.586368624852081
T/tpg/1/eqf/pi_hpt	4601472230132098302	0.43302085329612783
T/tpg/1/eqf/pi_lpc	4613498890053974890	2.8050767282106124
T/tpg/1/eqf/pi_lpt	4604377953127444546	0.6886417638538733
T/tpg/1/eqf/pt4	4697781314438346767	1171255.1858019864
T/tpg/1/eqf/slip	4607077116726495725	0.9883091213435456
T/tpg/1/eqf/sp_thrust	4649160782319084996	676.3874012112433
T/tpg/1/eqf/tau_hpc	4610310383026202927	1.6945475808229948
T/tpg/1/eqf/tau_hpt	4605731347167414535	0.8388986863103874
T/tpg/1/eqf/tau_lpc	4608892600085217928	1.3797365278225318
T/tpg/1/eqf/tau_lpt	4606502560961875770	0.924520617462327
T/tpg/1/eqf/passes	3	3
T/tpg/2/mf	4581983078020450352	0.021947223941090666
T/tpg/2/eqf/M9	4607182418800016903	0.9999999999999439
T/tpg/2/eqf/Pc_hp	4688817591241054325	295344.4360603162
T/tpg/2/eqf/Pc_lp	4682553496797180736	113753.53768534679
T/tpg/2/eqf/Phi_hp	4422348442727650114	4.4533699253600257e-13
T/tpg/2/eqf/Phi_lp	4409829589564244206	6.701094443460368e-14
T/tpg/2/eqf/Pt_hp	4688817591241056736	295344.43606045656
T/tpg/2/eqf/Pt_lp	4682553496797181292	113753.53768535488
T/tpg/2/eqf/Tt2	4643745586963694955	286.3754828060834
T/tpg/2/eqf/Tt25	4645729973763861126	399.1748128697876
T/tpg/2/eqf/Tt3	4649220906152730291	683.2226897300774
T/tpg/2/eqf/Tt4	4654091982887318395	1449.999999969469
T/tpg/2/eqf/Tt45	4653070536586619531	1217.7500003116754
T/tpg/2/eqf/Tt5	4652668950466378084	1126.43988814539
T/tpg/2/eqf/branch_choked	1	1
T/tpg/2/eqf/eta_hpc	4606101229051328557	0.8799638247016951
T/tpg/2/eqf/eta_hpt	4606461842859638129	0.92
T/tpg/2/eqf/eta_lpc	4606280397032081833	0.8998554664524835
T/tpg/2/eqf/eta_lpt	4606281698874543309	0.9
T/tpg/2/eqf/f	4582306255644331772	0.02306847156320567
T/tpg/2/eqf/m_hp	4606990566047832104	0.9787000657186171
T/tpg/2/eqf/m_imp	4606744622099068984	0.9513948022502126
T/tpg/2/eqf/m_lp	4606744622099068968	0.9513948022502108
T/tpg/2/eqf/mdot4	4606942305118194810	0.9733420261913033
T/tpg/2/eqf/mdot_air	4606744622099068984	0.9513948022502126
T/tpg/2/eqf/mdot_air_face	4606744622099068967	0.9513948022502107
T/tpg/2/eqf/n_hp	4607049548482576533	0.9852484314287887
T/tpg/2/eqf/n_lp	4606952203062244453	0.9744409187293398
T/tpg/2/eqf/nu_hp	4607004686063200095	0.9802677023355776
T/tpg/2/eqf/nu_hpt	4607155628048739911	0.9970256291084717
T/tpg/2/eqf/nu_lp	4606952203062244453	0.9744409187293398
T/tpg/2/eqf/nu_lpt	4607106912083861439	0.9916170705209807
T/tpg/2/eqf/phi_hp	4607122553254574322	0.9933535893067342
T/tpg/2/eqf/phi_lp	4606969393095548667	0.976349395806181
T/tpg/2/eqf/pi_hpc	4618207900640701240	5.792595037690994
T/tpg/2/eqf/pi_hpt	4601477184103456338	0.4332958539493791
T/tpg/2/eqf/pi_lpc	4613716148025327060	2.901558649042025
T/tpg/2/eqf/pi_lpt	4604379963835191530	0.6888649972575227
T/tpg/2/eqf/pt4	4698146434433605196	1256266.3093089042
T/tpg/2/eqf/slip	4607128879342550232	0.9940559261594002
T/tpg/2/eqf/sp_thrust	4649405243677726811	704.1794400203611
T/tpg/2/eqf/tau_hpc	4610387124786315882	1.7115876746285275
T/tpg/2/eqf/tau_hpt	4605739713955965463	0.8398275864395285
T/tpg/2/eqf/tau_lpc	4608956324219101518	1.3938861279549033
T/tpg/2/eqf/tau_lpt	4606507035204005104	0.9250173581253005
T/tpg/2/eqf/passes	7	7
T/tpg/3/mf	4582664797507450333	0.02431241353735013
T/tpg/3/eqf/M9	4607182418800017687	1.000000000000062
T/tpg/3/eqf/Pc_hp	4688998029257807006	305847.3109553548
T/tpg/3/eqf/Pc_lp	4682837332673780548	117883.89330039645
T/tpg/3/eqf/Phi_hp	13638653605234691880	-1.5796234534844536e-13
T/tpg/3/eqf/Phi_lp	4421843202639652274	4.198288867329997e-13
T/tpg/3/eqf/Pt_hp	4688998029257806176	305847.3109553065
T/tpg/3/eqf/Pt_lp	4682837332673783949	117883.89330044594
T/tpg/3/eqf/Tt2	4643745586963694955	286.3754828060834
T/tpg/3/eqf/Tt25	4645801516094567903	403.2415235404314
T/tpg/3/eqf/Tt3	4649341121304698858	696.8895702036073
T/tpg/3/eqf/Tt4	4654311885213007557	1499.9999999999284
T/tpg/3/eqf/Tt45	4653261007701499227	1261.058117767642
T/tpg/3/eqf/Tt5	4652847730654192218	1167.0897965451209
T/tpg/3/eqf/branch_choked	1	1
T/tpg/3/eqf/eta_hpc	4606101554889448489	0.88
T/tpg/3/eqf/eta_hpt	4606461842859638129	0.92
T/tpg/3/eqf/eta_lpc	4606281698874543309	0.9
T/tpg/3/eqf/eta_lpt	4606281698874543309	0.9
T/tpg/3/eqf/f	4582664797507589324	0.024312413537832353
T/tpg/3/eqf/m_hp	4607182418800119178	1.0000000000225975
T/tpg/3/eqf/m_imp	4607182418799838762	0.9999999999801663
T/tpg/3/eqf/m_lp	4607182418799838757	0.9999999999801658
T/tpg/3/eqf/mdot4	4607291912176475372	1.0243124135175163
T/tpg/3/eqf/mdot_air	4607182418799838761	0.9999999999801662
T/tpg/3/eqf/mdot_air_face	4607182418799838756	0.9999999999801656
T/tpg/3/eqf/n_hp	4607182418800093423	1.0000000000168787
T/tpg/3/eqf/n_lp	4607182418799665024	0.9999999999608775
T/tpg/3/eqf/nu_hp	4607182418800033548	1.0000000000035838
T/tpg/3/eqf/nu_hpt	4607182418800033655	1.0000000000036076
T/tpg/3/eqf/nu_lp	4607182418799665024	0.9999999999608775
T/tpg/3/eqf/nu_lpt	4607182418799664502	0.9999999999608196
T/tpg/3/eqf/phi_hp	4607182418800043163	1.0000000000057188
T/tpg/3/eqf/phi_lp	4607182418800104275	1.0000000000192883
T/tpg/3/eqf/pi_hpc	4618441417868687701	6.000000000216763
T/tpg/3/eqf/pi_hpt	4601481895579678495	0.4335573934184697
T/tpg/3/eqf/pi_lpc	4613937818240696696	2.99999999983282
T/tpg/3/eqf/pi_lpt	4604381750106741525	0.6890633132378264
T/tpg/3/eqf/pt4	4698529237748098338	1345394.6514151772
T/tpg/3/eqf/slip	4607182418799632744	0.9999999999572937
T/tpg/3/eqf/sp_thrust	4649643485346719000	731.264381981603
T/tpg/3/eqf/tau_hpc	4610462024585451244	1.7282187709365031
T/tpg/3/eqf/tau_hpt	4605747620704304633	0.8407054118451348
T/tpg/3/eqf/tau_lpc	4609020278145888388	1.4080867523616982
T/tpg/3/eqf/tau_lpt	4606511243236449364	0.9254845435760992
T/tpg/3/eqf/passes	5	5
census/T/tpg/eqf/close_calls	71	71
census/T/tpg/eqf/eq_calls	4	4
census/T/tpg/eqf/eq_passes	21	21
census/T/tpg/eqf/hi_wall_hi0	0	0
census/T/tpg/eqf/hi_wall_literal	0	0
census/T/tpg/eqf/hi_wall_map	71	71
census/T/tpg/eqf/illinois_calls	115	115
census/T/tpg/eqf/illinois_evals	836	836
census/T/tpg/eqf/illinois_exhausted	0	0
census/T/tpg/eqf/instant_calls	71	71
census/T/tpg/eqf/interp_high	0	0
census/T/tpg/eqf/interp_low	0	0
census/T/tpg/eqf/interp_mid	0	0
census/T/tpg/eqf/lo_floor_hits	0	0
census/T/tpg/eqf/march_calls	0	0
census/T/tpg/eqf/march_points	0	0
census/T/tpg/eqf/rw_calls	0	0
census/T/tpg/eqf/rw_interior	0	0
census/T/tpg/eqf/rw_one	0	0
census/T/tpg/eqf/rw_zero	0	0
census/T/tpg/eqf/sched_calls	0	0
census/T/tpg/eqf/sched_dormant	0	0
census/T/tpg/eqf/surge_calls	0	0
census/T/tpg/eqf/surge_dormant	0	0
census/T/tpg/eqf/topping_calls	0	0
T/tpg/npts	51	51
T/tpg/at/0/Tt4	4653432275910787058	1299.9999999999968
T/tpg/at/0/branch_choked	1	1
T/tpg/at/0/f	4581250064392237531	0.019404072042947234
T/tpg/at/0/mdot_air	4605516104319549897	0.8150019297518664
T/tpg/at/0/mf	4580215399233031282	0.015814356160046512
T/tpg/at/0/mf_sched	4580215399233031282	0.015814356160046512
T/tpg/at/0/nu_hp	4606464385204731659	0.920282257005938
T/tpg/at/0/nu_lp	4606277176935124192	0.8994979638740936
T/tpg/at/0/phi_hp	4606947771828421232	0.973948952947536
T/tpg/at/0/phi_lp	4606336310586168580	0.9060631179660565
T/tpg/at/0/pi_hpc	4617516175115527462	5.1782193538759085
T/tpg/at/0/pi_lpc	4613078612089793701	2.6184358191799952
T/tpg/at/0/s	0	0.0
T/tpg/at/0/sp_thrust	4648651378051438081	618.4748409005698
T/tpg/at/10/Tt4	4653884934084667256	1402.922552714559
T/tpg/at/10/branch_choked	1	1
T/tpg/at/10/f	4582123536787435407	0.022434538182082128
T/tpg/at/10/mdot_air	4605509404030211874	0.814258048202394
T/tpg/at/10/mf	4580922470747998910	0.018267503272464174
T/tpg/at/10/mf_sched	4580922470747998910	0.018267503272464174
T/tpg/at/10/nu_hp	4606505683942617713	0.9248673379748437
T/tpg/at/10/nu_lp	4606327054434463074	0.9050354786917689
T/tpg/at/10/phi_hp	4606814158534866391	0.9591148974574776
T/tpg/at/10/phi_lp	4606278973108105797	0.8996973791341324
T/tpg/at/10/pi_hpc	4617680083206327827	5.323798982939041
T/tpg/at/10/pi_lpc	4613160185105438765	2.6546615152428985
T/tpg/at/10/s	4596373779694328217	0.19999999999999998
T/tpg/at/10/sp_thrust	4649055819730447537	664.4545364299757
T/tpg/at/20/Tt4	4654257752566949987	1487.691661304351
T/tpg/at/20/branch_choked	1	1
T/tpg/at/20/f	4582824190363760005	0.024865418596836903
T/tpg/at/20/mdot_air	4605681026293617100	0.8333119470394705
T/tpg/at/20/mf	4581629542262966538	0.020720650384881835
T/tpg/at/20/mf_sched	4581629542262966538	0.020720650384881835
T/tpg/at/20/nu_hp	4606610026065207572	0.9364516406685959
T/tpg/at/20/nu_lp	4606452774727733168	0.9189932351168775
T/tpg/at/20/phi_hp	4606767875549287716	0.9539764538336937
T/tpg/at/20/phi_lp	4606342642831462167	0.906766138418308
T/tpg/at/20/pi_hpc	4617880037876371605	5.501394405790184
T/tpg/at/20/pi_lpc	4613299224915599848	2.7164075946750366
T/tpg/at/20/s	4600877379321698715	0.4000000000000001
T/tpg/at/20/sp_thrust	4649407790152789960	704.4689407176274
T/tpg/at/30/Tt4	4654348101237504591	1508.2345705997611
T/tpg/at/30/branch_choked	1	1
T/tpg/at/30/f	4582945900728777154	0.025287686251766812
T/tpg/at/30/mdot_air	4605992582397601964	0.8679016230501211
T/tpg/at/30/mf	4581983078020450352	0.021947223941090666
T/tpg/at/30/mf_sched	4581983078020450352	0.021947223941090666
T/tpg/at/30/nu_hp	4606742911600605119	0.9512048987723957
T/tpg/at/30/nu_lp	4606613343126786950	0.9368199084825484
T/tpg/at/30/phi_hp	4606841212010561790	0.9621184366187945
T/tpg/at/30/phi_lp	4606519793333196915	0.9264337950032896
T/tpg/at/30/pi_hpc	4618034630810291491	5.638700513535954
T/tpg/at/30/pi_lpc	4613444720327116298	2.7810205370121865
T/tpg/at/30/s	4603579539098121013	0.6000000000000002
T/tpg/at/30/sp_thrust	4649530945551012117	718.4700884898508
T/tpg/at/40/Tt4	4654253062985343694	1486.6253738982373
T/tpg/at/40/branch_choked	1	1
T/tpg/at/40/f	4582709977900667723	0.02446916451488627
T/tpg/at/40/mdot_air	4606254082189138262	0.8969339319999488
T/tpg/at/40/mf	4581983078020450352	0.021947223941090666
T/tpg/at/40/mf_sched	4581983078020450352	0.021947223941090666
T/tpg/at/40/nu_hp	4606837194277036354	0.9616723785921197
T/tpg/at/40/nu_lp	4606729049153990421	0.9496658580314682
T/tpg/at/40/phi_hp	4606944394224587397	0.9735739635930974
T/tpg/at/40/phi_lp	4606682277660020373	0.9444731790813018
T/tpg/at/40/pi_hpc	4618100400646295844	5.697115862542237
T/tpg/at/40/pi_lpc	4613535239766741483	2.8212192434314054
T/tpg/at/40/s	4605380978949069213	0.8000000000000004
T/tpg/at/40/sp_thrust	4649484499796402622	713.1898175227032
T/tpg/at/50/Tt4	4654194194464935211	1473.2402220450556
T/tpg/at/50/branch_choked	1	1
T/tpg/at/50/f	4582563052520603805	0.023959414702858884
T/tpg/at/50/mdot_air	4606425964464443301	0.9160166979568102
T/tpg/at/50/mf	4581983078020450352	0.021947223941090666
T/tpg/at/50/mf_sched	4581983078020450352	0.021947223941090666
T/tpg/at/50/nu_hp	4606898089460442867	0.968433102062788
T/tpg/at/50/nu_lp	4606805441195507030	0.9581470783704542
T/tpg/at/50/phi_hp	4607009782706421009	0.9808335434007934
T/tpg/at/50/phi_lp	4606786366106615569	0.956029318082047
T/tpg/at/50/pi_hpc	4618142048286250235	5.734106397581168
T/tpg/at/50/pi_lpc	4613595326887948626	2.8479032856104505
T/tpg/at/50/s	4607182418800017410	1.0000000000000004
T/tpg/at/50/sp_thrust	4649455609477176066	709.905368489068
T/tpg/last/Tt4	4654194194464935211	1473.2402220450556
T/tpg/last/branch_choked	1	1
T/tpg/last/f	4582563052520603805	0.023959414702858884
T/tpg/last/mdot_air	4606425964464443301	0.9160166979568102
T/tpg/last/mf	4581983078020450352	0.021947223941090666
T/tpg/last/mf_sched	4581983078020450352	0.021947223941090666
T/tpg/last/nu_hp	4606898089460442867	0.968433102062788
T/tpg/last/nu_lp	4606805441195507030	0.9581470783704542
T/tpg/last/phi_hp	4607009782706421009	0.9808335434007934
T/tpg/last/phi_lp	4606786366106615569	0.956029318082047
T/tpg/last/pi_hpc	4618142048286250235	5.734106397581168
T/tpg/last/pi_lpc	4613595326887948626	2.8479032856104505
T/tpg/last/s	4607182418800017410	1.0000000000000004
T/tpg/last/sp_thrust	4649455609477176066	709.905368489068
census/T/tpg/march/close_calls	204	204
census/T/tpg/march/eq_calls	0	0
census/T/tpg/march/eq_passes	0	0
census/T/tpg/march/hi_wall_hi0	0	0
census/T/tpg/march/hi_wall_literal	0	0
census/T/tpg/march/hi_wall_map	204	204
census/T/tpg/march/illinois_calls	243	243
census/T/tpg/march/illinois_evals	1677	1677
census/T/tpg/march/illinois_exhausted	0	0
census/T/tpg/march/instant_calls	204	204
census/T/tpg/march/interp_high	0	0
census/T/tpg/march/interp_low	0	0
census/T/tpg/march/interp_mid	0	0
census/T/tpg/march/lo_floor_hits	0	0
census/T/tpg/march/march_calls	1	1
census/T/tpg/march/march_points	51	51
census/T/tpg/march/rw_calls	204	204
census/T/tpg/march/rw_interior	0	0
census/T/tpg/march/rw_one	204	204
census/T/tpg/march/rw_zero	0	0
census/T/tpg/march/sched_calls	0	0
census/T/tpg/march/sched_dormant	0	0
census/T/tpg/march/surge_calls	0	0
census/T/tpg/march/surge_dormant	0	0
census/T/tpg/march/topping_calls	0	0
T/reacting/equilibrium_flag	0	0
T/reacting/0/mf	4580078806347965952	0.015482727195649026
T/reacting/0/eqf/M9	4607182418800017272	0.9999999999999849
T/reacting/0/eqf/Pc_hp	4688278067109841341	263939.99837603775
T/reacting/0/eqf/Pc_lp	4681699833963081592	101331.10848992865
T/reacting/0/eqf/Phi_hp	13642611370712834849	-2.8836710854903997e-13
T/reacting/0/eqf/Phi_lp	4412740625774564249	1.0375338699467109e-13
T/reacting/0/eqf/Pt_hp	4688278067109839630	263939.99837593816
T/reacting/0/eqf/Pt_lp	4681699833963082519	101331.10848994214
T/reacting/0/eqf/Tt2	4643745586963694955	286.3754828060834
T/reacting/0/eqf/Tt25	4645514570985501892	386.9305825157319
T/reacting/0/eqf/Tt3	4648858689195994171	642.0433893496005
T/reacting/0/eqf/Tt4	4653432275910805870	1300.0000000042742
T/reacting/0/eqf/Tt45	4652483237200079276	1084.2135802084622
T/reacting/0/eqf/Tt5	4652003636573160737	999.5825114605578
T/reacting/0/eqf/branch_choked	1	1
T/reacting/0/eqf/eta_hpc	4606096182669315152	0.8794035637514614
T/reacting/0/eqf/eta_hpt	4606461842859638129	0.92
T/reacting/0/eqf/eta_lpc	4606261425406107327	0.8977491928553362
T/reacting/0/eqf/eta_lpt	4606281698874543309	0.9
T/reacting/0/eqf/f	4581131601081783189	0.018993069871573082
T/reacting/0/eqf/m_hp	4606424968580917953	0.9159061326748416
T/reacting/0/eqf/m_imp	4605517687603391918	0.8151777095694592
T/reacting/0/eqf/m_lp	4605517687603414387	0.8151777095719538
T/reacting/0/eqf/mdot4	4605657143612249499	0.8306604367650609
T/reacting/0/eqf/mdot_air	4605517687603391918	0.8151777095694592
T/reacting/0/eqf/mdot_air_face	4605517687603414387	0.8151777095719538
T/reacting/0/eqf/n_hp	4606639458753226023	0.9397193254600652
T/reacting/0/eqf/n_lp	4606273358088252767	0.8990739867016763
T/reacting/0/eqf/nu_hp	4606466504354003259	0.9205175298373328
T/reacting/0/eqf/nu_hpt	4607081488109901505	0.9887944423942018
T/reacting/0/eqf/nu_lp	4606273358088252767	0.8990739867016763
T/reacting/0/eqf/nu_lpt	4606901207641938557	0.9687792897519355
T/reacting/0/eqf/phi_hp	4606954169612736876	0.9746592496929174
T/reacting/0/eqf/phi_lp	4606341920135818907	0.9066859030840136
T/reacting/0/eqf/pi_hpc	4617517322023160186	5.179238012484683
T/reacting/0/eqf/pi_hpt	4601452978454641009	0.43195217051734064
T/reacting/0/eqf/pi_lpc	4613072025137776554	2.61551062486338
T/reacting/0/eqf/pi_lpt	4604367028551976502	0.6874288923319856
T/reacting/0/eqf/pt4	4696944611345385222	1012510.5330602832
T/reacting/0/eqf/slip	4606972595239368190	0.9767049051858405
T/reacting/0/eqf/sp_thrust	4648619445781635658	614.8445621254589
T/reacting/0/eqf/tau_hpc	4610151752302488071	1.6593244844467578
T/reacting/0/eqf/tau_hpt	4605687317815739197	0.8340104463114596
T/reacting/0/eqf/tau_lpc	4608763768939160520	1.3511302668941756
T/reacting/0/eqf/tau_lpt	4606479338785831004	0.9219424380096473
T/reacting/0/eqf/passes	14	14
T/reacting/1/mf	4581257965340778111	0.01943148396477889
T/reacting/1/eqf/M9	4607182418800016769	0.9999999999999291
T/reacting/1/eqf/Pc_hp	4688637006290247550	284833.00847768027
T/reacting/1/eqf/Pc_lp	4682265465281325700	109562.1274835263
T/reacting/1/eqf/Phi_hp	4421353810343698126	3.951208899589467e-13
T/reacting/1/eqf/Phi_lp	4413609988935554040	1.1576574779234076e-13
T/reacting/1/eqf/Pt_hp	4688637006290249755	284833.0084778086
T/reacting/1/eqf/Pt_lp	4682265465281326684	109562.12748354062
T/reacting/1/eqf/Tt2	4643745586963694955	286.3754828060834
T/reacting/1/eqf/Tt25	4645657334204942009	395.0457319962839
T/reacting/1/eqf/Tt3	4649099752593604372	669.4491247143328
T/reacting/1/eqf/Tt4	4653872080561898351	1400.0000000001999
T/reacting/1/eqf/Tt45	4652866687241450674	1171.4000254639363
T/reacting/1/eqf/Tt5	4652471880382598320	1081.6313388764793
T/reacting/1/eqf/branch_choked	1	1
T/reacting/1/eqf/eta_hpc	4606100255269041248	0.8798557131500608
T/reacting/1/eqf/eta_hpt	4606461842859638129	0.92
T/reacting/1/eqf/eta_lpc	4606276554964911506	0.8994289113090181
T/reacting/1/eqf/eta_lpt	4606281698874543309	0.9
T/reacting/1/eqf/f	4581850056782075197	0.02148571381106489
T/reacting/1/eqf/m_hp	4606803777805276898	0.9579624049572113
T/reacting/1/eqf/m_imp	4606321248549718049	0.9043908959995443
T/reacting/1/eqf/m_lp	4606321248549718105	0.9043908959995505
T/reacting/1/eqf/mdot4	4606496271797604115	0.9238223799643229
T/reacting/1/eqf/mdot_air	4606321248549718048	0.9043908959995441
T/reacting/1/eqf/mdot_air_face	4606321248549718105	0.9043908959995505
T/reacting/1/eqf/n_hp	4606916176306034217	0.9704411453046237
T/reacting/1/eqf/n_lp	4606722474417233490	0.9489359156186288
T/reacting/1/eqf/nu_hp	4606826891331444533	0.9605285218503697
T/reacting/1/eqf/nu_hpt	4607130550640828626	0.9942414775423691
T/reacting/1/eqf/nu_lp	4606722474417233490	0.9489359156186288
T/reacting/1/eqf/nu_lpt	4607035773511454738	0.9837191024184924
T/reacting/1/eqf/phi_hp	4607066596731568283	0.987141167284807
T/reacting/1/eqf/phi_lp	4606759602189420666	0.9530579263721528
T/reacting/1/eqf/pi_hpc	4617976357626030255	5.5869435288279155
T/reacting/1/eqf/pi_hpt	4601467073491879281	0.43273460226108457
T/reacting/1/eqf/pi_lpc	4613494895868379860	2.803302953485721
T/reacting/1/eqf/pi_lpt	4604373094667333030	0.6881023664258705
T/reacting/1/eqf/pt4	4697778650799207877	1170635.008986817
T/reacting/1/eqf/slip	4607073711029414310	0.9879310130120771
T/reacting/1/eqf/sp_thrust	4649136117548636234	673.583341455794
T/reacting/1/eqf/tau_hpc	4610310671853023002	1.6946117132601501
T/reacting/1/eqf/tau_hpt	4605711671999819873	0.8367143039026922
T/reacting/1/eqf/tau_lpc	4608891389445701639	1.3794677118494307
T/reacting/1/eqf/tau_lpt	4606492164037038906	0.9233663269284087
T/reacting/1/eqf/passes	3	3
T/reacting/2/mf	4581898676346521963	0.021654396810740034
T/reacting/2/eqf/M9	4607182418800016925	0.9999999999999464
T/reacting/2/eqf/Pc_hp	4688817273356487936	295325.9327432662
T/reacting/2/eqf/Pc_lp	4682550617176445788	113711.63368852198
T/reacting/2/eqf/Phi_hp	4403708058034642824	2.5858297923933683e-14
T/reacting/2/eqf/Phi_lp	13648672241843022977	-7.339784548436931e-13
T/reacting/2/eqf/Pt_hp	4688817273356488076	295325.9327432744
T/reacting/2/eqf/Pt_lp	4682550617176439699	113711.63368843337
T/reacting/2/eqf/Tt2	4643745586963694955	286.3754828060834
T/reacting/2/eqf/Tt25	4645729247740659943	399.1335432288601
T/reacting/2/eqf/Tt3	4649220409138200273	683.1661857198579
T/reacting/2/eqf/Tt4	4654091982887451712	1449.9999999997817
T/reacting/2/eqf/Tt45	4653058847086078708	1215.0921156096128
T/reacting/2/eqf/Tt5	4652652886209025424	1122.7872989078496
T/reacting/2/eqf/branch_choked	1	1
T/reacting/2/eqf/eta_hpc	4606101235435778498	0.8799645335180275
T/reacting/2/eqf/eta_hpt	4606461842859638129	0.92
T/reacting/2/eqf/eta_lpc	4606280406744396143	0.8998565447359804
T/reacting/2/eqf/eta_lpt	4606281698874543309	0.9
T/reacting/2/eqf/f	4582217404563743807	0.02276020745248197
T/reacting/2/eqf/m_hp	4606993270282434971	0.9790002960706262
T/reacting/2/eqf/m_imp	4606744801664541932	0.951414738022462
T/reacting/2/eqf/m_lp	4606744801664541938	0.9514147380224627
T/reacting/2/eqf/mdot4	4606939847131357494	0.9730691348332019
T/reacting/2/eqf/mdot_air	4606744801664541931	0.9514147380224619
T/reacting/2/eqf/mdot_air_face	4606744801664541937	0.9514147380224626
T/reacting/2/eqf/n_hp	4607050595046823127	0.9853646234011205
T/reacting/2/eqf/n_lp	4606951045314998123	0.9743123829643826
T/reacting/2/eqf/nu_hp	4607005270843384386	0.980332625978072
T/reacting/2/eqf/nu_hpt	4607156222825796955	0.9970916626267966
T/reacting/2/eqf/nu_lp	4606951045314998123	0.9743123829643826
T/reacting/2/eqf/nu_lpt	4607107661981594917	0.9917003258939628
T/reacting/2/eqf/phi_hp	4607124242605107658	0.9935411448926115
T/reacting/2/eqf/phi_lp	4606970737563011387	0.9764986616794781
T/reacting/2/eqf/pi_hpc	4618208258992831773	5.792913318319987
T/reacting/2/eqf/pi_hpt	4601473660874200239	0.4331002754373214
T/reacting/2/eqf/pi_lpc	4613713943527016781	2.9005796551292975
T/reacting/2/eqf/pi_lpt	4604375713299195158	0.6883930929645057
T/reacting/2/eqf/pt4	4698144910304089782	1255911.4452528185
T/reacting/2/eqf/slip	4607127105402350812	0.9938589792340298
T/reacting/2/eqf/sp_thrust	4649384791524965760	701.8542994483578
T/reacting/2/eqf/tau_hpc	4610387284250651932	1.7116230828240253
T/reacting/2/eqf/tau_hpt	4605723203544008973	0.8379945624895143
T/reacting/2/eqf/tau_lpc	4608955675204256806	1.3937420177101187
T/reacting/2/eqf/tau_lpt	4606498184357603956	0.924034716779103
T/reacting/2/eqf/passes	32	32
T/reacting/3/mf	4582590203545869955	0.024053613744710944
T/reacting/3/eqf/M9	4607182418800017599	1.0000000000000424
T/reacting/3/eqf/Pc_hp	4688998029257809551	305847.31095550297
T/reacting/3/eqf/Pc_lp	4682837332674528720	117883.89331128378
T/reacting/3/eqf/Phi_hp	13632104184074464350	-5.5001346756873444e-14
T/reacting/3/eqf/Phi_lp	4409508309236637709	6.295581659355785e-14
T/reacting/3/eqf/Pt_hp	4688998029257809262	305847.31095548614
T/reacting/3/eqf/Pt_lp	4682837332674529230	117883.8933112912
T/reacting/3/eqf/Tt2	4643745586963694955	286.3754828060834
T/reacting/3/eqf/Tt25	4645801516094756434	403.24152355114813
T/reacting/3/eqf/Tt3	4649341121304789379	696.8895702138983
T/reacting/3/eqf/Tt4	4654311885213007776	1499.9999999999782
T/reacting/3/eqf/Tt45	4653251292294928268	1258.8490900671777
T/reacting/3/eqf/Tt5	4652834268025883549	1164.0287492654527
T/reacting/3/eqf/branch_choked	1	1
T/reacting/3/eqf/eta_hpc	4606101554889448489	0.88
T/reacting/3/eqf/eta_hpt	4606461842859638129	0.92
T/reacting/3/eqf/eta_lpc	4606281698874543309	0.9
T/reacting/3/eqf/eta_lpt	4606281698874543309	0.9
T/reacting/3/eqf/f	4582590203545651961	0.024053613743954625
T/reacting/3/eqf/m_hp	4607182418800017491	1.0000000000000184
T/reacting/3/eqf/m_imp	4607182418800159010	1.000000000031442
T/reacting/3/eqf/m_lp	4607182418800159015	1.000000000031443
T/reacting/3/eqf/mdot4	4607290746646056605	1.0240536137761531
T/reacting/3/eqf/mdot_air	4607182418800159011	1.0000000000314422
T/reacting/3/eqf/mdot_air_face	4607182418800159015	1.000000000031443
T/reacting/3/eqf/n_hp	4607182418800017454	1.0000000000000102
T/reacting/3/eqf/n_lp	4607182418800054045	1.000000000008135
T/reacting/3/eqf/nu_hp	4607182418800017424	1.0000000000000036
T/reacting/3/eqf/nu_hpt	4607182418800017457	1.0000000000000109
T/reacting/3/eqf/nu_lp	4607182418800054045	1.000000000008135
T/reacting/3/eqf/nu_lpt	4607182418800054061	1.0000000000081386
T/reacting/3/eqf/phi_hp	4607182418800017445	1.0000000000000082
T/reacting/3/eqf/phi_lp	4607182418800122378	1.000000000023308
T/reacting/3/eqf/pi_hpc	4618441417868443765	6.000000000000104
T/reacting/3/eqf/pi_hpt	4601480050219862392	0.43345495537064194
T/reacting/3/eqf/pi_lpc	4613937818241285392	3.0000000000942535
T/reacting/3/eqf/pi_lpt	4604378095750895345	0.6886575982377662
T/reacting/3/eqf/pt4	4698529237748393239	1345394.6514838391
T/reacting/3/eqf/slip	4607182418800054029	1.0000000000081315
T/reacting/3/eqf/sp_thrust	4649627635067397457	729.4624138485325
T/reacting/3/eqf/tau_hpc	4610462024585359328	1.7282187709160937
T/reacting/3/eqf/tau_hpt	4605734355935866165	0.839232726711464
T/reacting/3/eqf/tau_lpc	4609020278146056922	1.4080867523991203
T/reacting/3/eqf/tau_lpt	4606503969167140438	0.9246769596531503
T/reacting/3/eqf/passes	19	19
census/T/reacting/eqf/close_calls	212	212
census/T/reacting/eqf/eq_calls	4	4
census/T/reacting/eqf/eq_passes	68	68
census/T/reacting/eqf/hi_wall_hi0	0	0
census/T/reacting/eqf/hi_wall_literal	0	0
census/T/reacting/eqf/hi_wall_map	212	212
census/T/reacting/eqf/illinois_calls	343	343
census/T/reacting/eqf/illinois_evals	2466	2466
census/T/reacting/eqf/illinois_exhausted	0	0
census/T/reacting/eqf/instant_calls	212	212
census/T/reacting/eqf/interp_high	0	0
census/T/reacting/eqf/interp_low	0	0
census/T/reacting/eqf/interp_mid	0	0
census/T/reacting/eqf/lo_floor_hits	0	0
census/T/reacting/eqf/march_calls	0	0
census/T/reacting/eqf/march_points	0	0
census/T/reacting/eqf/rw_calls	0	0
census/T/reacting/eqf/rw_interior	0	0
census/T/reacting/eqf/rw_one	0	0
census/T/reacting/eqf/rw_zero	0	0
census/T/reacting/eqf/sched_calls	0	0
census/T/reacting/eqf/sched_dormant	0	0
census/T/reacting/eqf/surge_calls	0	0
census/T/reacting/eqf/surge_dormant	0	0
census/T/reacting/eqf/topping_calls	0	0
T/reacting/npts	51	51
T/reacting/at/0/Tt4	4653432275910787067	1299.9999999999989
T/reacting/at/0/branch_choked	1	1
T/reacting/at/0/f	4581131601081822394	0.018993069871709102
T/reacting/at/0/mdot_air	4605517687603361868	0.815177709566123
T/reacting/at/0/mf	4580078806347965952	0.015482727195649026
T/reacting/at/0/mf_sched	4580078806347965952	0.015482727195649026
T/reacting/at/0/nu_hp	4606466504353981894	0.9205175298349608
T/reacting/at/0/nu_lp	4606273358088229686	0.8990739866991138
T/reacting/at/0/phi_hp	4606954169612714469	0.9746592496904297
T/reacting/at/0/phi_lp	4606341920135783697	0.9066859030801045
T/reacting/at/0/pi_hpc	4617517322023143986	5.179238012470295
T/reacting/at/0/pi_lpc	4613072025137759689	2.6155106248558906
T/reacting/at/0/s	0	0.0
T/reacting/at/0/sp_thrust	4648619445781615380	614.8445621231535
T/reacting/at/10/Tt4	4653875297175236642	1400.7313731974068
T/reacting/at/10/branch_choked	1	1
T/reacting/at/10/f	4582011423424335289	0.022045566816201154
T/reacting/at/10/mdot_air	4605509655234278697	0.8142859374562806
T/reacting/at/10/mf	4580831358753736900	0.017951395041685428
T/reacting/at/10/mf_sched	4580831358753736900	0.017951395041685428
T/reacting/at/10/nu_hp	4606506787463930036	0.9249898534517542
T/reacting/at/10/nu_lp	4606322590026052077	0.904539829790847
T/reacting/at/10/phi_hp	4606820511198216016	0.9598201847693222
T/reacting/at/10/phi_lp	4606283691331088426	0.9002212071131954
T/reacting/at/10/pi_hpc	4617679578632076262	5.323350830977665
T/reacting/at/10/pi_lpc	4613152960623977356	2.651453200979125
T/reacting/at/10/s	4596373779694328217	0.19999999999999998
T/reacting/at/10/sp_thrust	4649024974735011342	660.9478664392971
T/reacting/at/20/Tt4	4654240457389665883	1483.759193277822
T/reacting/at/20/branch_choked	1	1
T/reacting/at/20/f	4582724512212523079	0.02451959053885158
T/reacting/at/20/mdot_air	4605676469410465589	0.8328060313799371
T/reacting/at/20/mf	4581542903815593609	0.020420062887721833
T/reacting/at/20/mf_sched	4581542903815593609	0.020420062887721833
T/reacting/at/20/nu_hp	4606608561281614090	0.9362890170214382
T/reacting/at/20/nu_lp	4606446664494556870	0.918314862961062
T/reacting/at/20/phi_hp	4606772253353540932	0.9544624877416159
T/reacting/at/20/phi_lp	4606343713999348170	0.906885061943336
T/reacting/at/20/pi_hpc	4617876295610316094	5.498070605838903
T/reacting/at/20/pi_lpc	4613290914472556394	2.712717016590365
T/reacting/at/20/s	4600877379321698715	0.4000000000000001
T/reacting/at/20/sp_thrust	4649378674580676000	701.1588833955357
T/reacting/at/30/Tt4	4654334010933833013	1505.0308064658432
T/reacting/at/30/branch_choked	1	1
T/reacting/at/30/f	4582859159122053540	0.02498674084871201
T/reacting/at/30/mdot_air	4605981178233386711	0.8666355064812831
T/reacting/at/30/mf	4581898676346521963	0.021654396810740034
T/reacting/at/30/mf_sched	4581898676346521963	0.021654396810740034
T/reacting/at/30/nu_hp	4606738474911625674	0.9507123273465876
T/reacting/at/30/nu_lp	4606605414508687326	0.9359396550457821
T/reacting/at/30/phi_hp	4606841625447169394	0.962164337302893
T/reacting/at/30/phi_lp	4606515456702690629	0.9259523322995525
T/reacting/at/30/pi_hpc	4618028323095768019	5.633098137618577
T/reacting/at/30/pi_lpc	4613435848573689820	2.7770806870430373
T/reacting/at/30/s	4603579539098121013	0.6000000000000002
T/reacting/at/30/sp_thrust	4649505433126607736	715.569661636705
T/reacting/at/40/Tt4	4654246407989361432	1485.1122030016904
T/reacting/at/40/branch_choked	1	1
T/reacting/at/40/f	4582627949104050066	0.024184569956488718
T/reacting/at/40/mdot_air	4606240091782677237	0.8953806848622593
T/reacting/at/40/mf	4581898676346521963	0.021654396810740034
T/reacting/at/40/mf_sched	4581898676346521963	0.021654396810740034
T/reacting/at/40/nu_hp	4606831871809188765	0.9610814659568977
T/reacting/at/40/nu_lp	4606720963256770883	0.9487681431046798
T/reacting/at/40/phi_hp	4606942463018534611	0.9733595566505876
T/reacting/at/40/phi_lp	4606675581088835309	0.9437297103297319
T/reacting/at/40/pi_hpc	4618094170228665964	5.691582140057658
T/reacting/at/40/pi_lpc	4613527082502725884	2.8175966905001797
T/reacting/at/40/s	4605380978949069213	0.8000000000000004
T/reacting/at/40/sp_thrust	4649461931040476218	710.6240470301193
T/reacting/at/50/Tt4	4654191317490314160	1472.5860737513103
T/reacting/at/50/branch_choked	1	1
T/reacting/at/50/f	4582481985680422478	0.023678157601287268
T/reacting/at/50/mdot_air	4606412577793325139	0.9145304789069634
T/reacting/at/50/mf	4581898676346521963	0.021654396810740034
T/reacting/at/50/mf_sched	4581898676346521963	0.021654396810740034
T/reacting/at/50/nu_hp	4606893112232951941	0.9678805188068657
T/reacting/at/50/nu_lp	4606798107991961729	0.9573329292284286
T/reacting/at/50/phi_hp	4607007355792831397	0.9805641018661971
T/reacting/at/50/phi_lp	4606779706026993689	0.9552899007078423
T/reacting/at/50/pi_hpc	4618136663507900206	5.7293237536558035
T/reacting/at/50/pi_lpc	4613588189204433099	2.8447335173778803
T/reacting/at/50/s	4607182418800017410	1.0000000000000004
T/reacting/at/50/sp_thrust	4649434474286670285	707.5025755158218
T/reacting/last/Tt4	4654191317490314160	1472.5860737513103
T/reacting/last/branch_choked	1	1
T/reacting/last/f	4582481985680422478	0.023678157601287268
T/reacting/last/mdot_air	4606412577793325139	0.9145304789069634
T/reacting/last/mf	4581898676346521963	0.021654396810740034
T/reacting/last/mf_sched	4581898676346521963	0.021654396810740034
T/reacting/last/nu_hp	4606893112232951941	0.9678805188068657
T/reacting/last/nu_lp	4606798107991961729	0.9573329292284286
T/reacting/last/phi_hp	4607007355792831397	0.9805641018661971
T/reacting/last/phi_lp	4606779706026993689	0.9552899007078423
T/reacting/last/pi_hpc	4618136663507900206	5.7293237536558035
T/reacting/last/pi_lpc	4613588189204433099	2.8447335173778803
T/reacting/last/s	4607182418800017410	1.0000000000000004
T/reacting/last/sp_thrust	4649434474286670285	707.5025755158218
census/T/reacting/march/close_calls	204	204
census/T/reacting/march/eq_calls	0	0
census/T/reacting/march/eq_passes	0	0
census/T/reacting/march/hi_wall_hi0	0	0
census/T/reacting/march/hi_wall_literal	0	0
census/T/reacting/march/hi_wall_map	204	204
census/T/reacting/march/illinois_calls	288	288
census/T/reacting/march/illinois_evals	2049	2049
census/T/reacting/march/illinois_exhausted	0	0
census/T/reacting/march/instant_calls	204	204
census/T/reacting/march/interp_high	0	0
census/T/reacting/march/interp_low	0	0
census/T/reacting/march/interp_mid	0	0
census/T/reacting/march/lo_floor_hits	0	0
census/T/reacting/march/march_calls	1	1
census/T/reacting/march/march_points	51	51
census/T/reacting/march/rw_calls	204	204
census/T/reacting/march/rw_interior	0	0
census/T/reacting/march/rw_one	204	204
census/T/reacting/march/rw_zero	0	0
census/T/reacting/march/sched_calls	0	0
census/T/reacting/march/sched_dormant	0	0
census/T/reacting/march/surge_calls	0	0
census/T/reacting/march/surge_dormant	0	0
census/T/reacting/march/topping_calls	0	0
T/forkb/equilibrium_flag	0	0
T/forkb/0/mf	4580078806347965952	0.015482727195649026
T/forkb/0/eqf/M9	4607182418800017272	0.9999999999999849
T/forkb/0/eqf/Pc_hp	4688278067109841341	263939.99837603775
T/forkb/0/eqf/Pc_lp	4681699833963081592	101331.10848992865
T/forkb/0/eqf/Phi_hp	13642611370712834849	-2.8836710854903997e-13
T/forkb/0/eqf/Phi_lp	4412740625774564249	1.0375338699467109e-13
T/forkb/0/eqf/Pt_hp	4688278067109839630	263939.99837593816
T/forkb/0/eqf/Pt_lp	4681699833963082519	101331.10848994214
T/forkb/0/eqf/Tt2	4643745586963694955	286.3754828060834
T/forkb/0/eqf/Tt25	4645514570985501892	386.9305825157319
T/forkb/0/eqf/Tt3	4648858689195994171	642.0433893496005
T/forkb/0/eqf/Tt4	4653432275910805870	1300.0000000042742
T/forkb/0/eqf/Tt45	4652483237200079276	1084.2135802084622
T/forkb/0/eqf/Tt5	4652003636573160737	999.5825114605578
T/forkb/0/eqf/branch_choked	1	1
T/forkb/0/eqf/eta_hpc	4606096182669315152	0.8794035637514614
T/forkb/0/eqf/eta_hpt	4606461842859638129	0.92
T/forkb/0/eqf/eta_lpc	4606261425406107327	0.8977491928553362
T/forkb/0/eqf/eta_lpt	4606281698874543309	0.9
T/forkb/0/eqf/f	4581131601081783189	0.018993069871573082
T/forkb/0/eqf/m_hp	4606424968580917953	0.9159061326748416
T/forkb/0/eqf/m_imp	4605517687603391918	0.8151777095694592
T/forkb/0/eqf/m_lp	4605517687603414387	0.8151777095719538
T/forkb/0/eqf/mdot4	4605657143612249499	0.8306604367650609
T/forkb/0/eqf/mdot_air	4605517687603391918	0.8151777095694592
T/forkb/0/eqf/mdot_air_face	4605517687603414387	0.8151777095719538
T/forkb/0/eqf/n_hp	4606639458753226023	0.9397193254600652
T/forkb/0/eqf/n_lp	4606273358088252767	0.8990739867016763
T/forkb/0/eqf/nu_hp	4606466504354003259	0.9205175298373328
T/forkb/0/eqf/nu_hpt	4607081488109901505	0.9887944423942018
T/forkb/0/eqf/nu_lp	4606273358088252767	0.8990739867016763
T/forkb/0/eqf/nu_lpt	4606901207641938557	0.9687792897519355
T/forkb/0/eqf/phi_hp	4606954169612736876	0.9746592496929174
T/forkb/0/eqf/phi_lp	4606341920135818907	0.9066859030840136
T/forkb/0/eqf/pi_hpc	4617517322023160186	5.179238012484683
T/forkb/0/eqf/pi_hpt	4601452978454641009	0.43195217051734064
T/forkb/0/eqf/pi_lpc	4613072025137776554	2.61551062486338
T/forkb/0/eqf/pi_lpt	4604367028551976502	0.6874288923319856
T/forkb/0/eqf/pt4	4696944611345385222	1012510.5330602832
T/forkb/0/eqf/slip	4606972595239368190	0.9767049051858405
T/forkb/0/eqf/sp_thrust	4648619445781635658	614.8445621254589
T/forkb/0/eqf/tau_hpc	4610151752302488071	1.6593244844467578
T/forkb/0/eqf/tau_hpt	4605687317815739197	0.8340104463114596
T/forkb/0/eqf/tau_lpc	4608763768939160520	1.3511302668941756
T/forkb/0/eqf/tau_lpt	4606479338785831004	0.9219424380096473
T/forkb/0/eqf/passes	14	14
T/forkb/1/mf	4581257965340778111	0.01943148396477889
T/forkb/1/eqf/M9	4607182418800016769	0.9999999999999291
T/forkb/1/eqf/Pc_hp	4688637006290247550	284833.00847768027
T/forkb/1/eqf/Pc_lp	4682265465281325700	109562.1274835263
T/forkb/1/eqf/Phi_hp	4421353810343698126	3.951208899589467e-13
T/forkb/1/eqf/Phi_lp	4413609988935554040	1.1576574779234076e-13
T/forkb/1/eqf/Pt_hp	4688637006290249755	284833.0084778086
T/forkb/1/eqf/Pt_lp	4682265465281326684	109562.12748354062
T/forkb/1/eqf/Tt2	4643745586963694955	286.3754828060834
T/forkb/1/eqf/Tt25	4645657334204942009	395.0457319962839
T/forkb/1/eqf/Tt3	4649099752593604372	669.4491247143328
T/forkb/1/eqf/Tt4	4653872080561898351	1400.0000000001999
T/forkb/1/eqf/Tt45	4652866687241450674	1171.4000254639363
T/forkb/1/eqf/Tt5	4652471880382598320	1081.6313388764793
T/forkb/1/eqf/branch_choked	1	1
T/forkb/1/eqf/eta_hpc	4606100255269041248	0.8798557131500608
T/forkb/1/eqf/eta_hpt	4606461842859638129	0.92
T/forkb/1/eqf/eta_lpc	4606276554964911506	0.8994289113090181
T/forkb/1/eqf/eta_lpt	4606281698874543309	0.9
T/forkb/1/eqf/f	4581850056782075197	0.02148571381106489
T/forkb/1/eqf/m_hp	4606803777805276898	0.9579624049572113
T/forkb/1/eqf/m_imp	4606321248549718049	0.9043908959995443
T/forkb/1/eqf/m_lp	4606321248549718105	0.9043908959995505
T/forkb/1/eqf/mdot4	4606496271797604115	0.9238223799643229
T/forkb/1/eqf/mdot_air	4606321248549718048	0.9043908959995441
T/forkb/1/eqf/mdot_air_face	4606321248549718105	0.9043908959995505
T/forkb/1/eqf/n_hp	4606916176306034217	0.9704411453046237
T/forkb/1/eqf/n_lp	4606722474417233490	0.9489359156186288
T/forkb/1/eqf/nu_hp	4606826891331444533	0.9605285218503697
T/forkb/1/eqf/nu_hpt	4607130550640828626	0.9942414775423691
T/forkb/1/eqf/nu_lp	4606722474417233490	0.9489359156186288
T/forkb/1/eqf/nu_lpt	4607035773511454738	0.9837191024184924
T/forkb/1/eqf/phi_hp	4607066596731568283	0.987141167284807
T/forkb/1/eqf/phi_lp	4606759602189420666	0.9530579263721528
T/forkb/1/eqf/pi_hpc	4617976357626030255	5.5869435288279155
T/forkb/1/eqf/pi_hpt	4601467073491879281	0.43273460226108457
T/forkb/1/eqf/pi_lpc	4613494895868379860	2.803302953485721
T/forkb/1/eqf/pi_lpt	4604373094667333030	0.6881023664258705
T/forkb/1/eqf/pt4	4697778650799207877	1170635.008986817
T/forkb/1/eqf/slip	4607073711029414310	0.9879310130120771
T/forkb/1/eqf/sp_thrust	4649136117548636234	673.583341455794
T/forkb/1/eqf/tau_hpc	4610310671853023002	1.6946117132601501
T/forkb/1/eqf/tau_hpt	4605711671999819873	0.8367143039026922
T/forkb/1/eqf/tau_lpc	4608891389445701639	1.3794677118494307
T/forkb/1/eqf/tau_lpt	4606492164037038906	0.9233663269284087
T/forkb/1/eqf/passes	3	3
T/forkb/2/mf	4581898676346521963	0.021654396810740034
T/forkb/2/eqf/M9	4607182418800016925	0.9999999999999464
T/forkb/2/eqf/Pc_hp	4688817273356487936	295325.9327432662
T/forkb/2/eqf/Pc_lp	4682550617176445788	113711.63368852198
T/forkb/2/eqf/Phi_hp	4403708058034642824	2.5858297923933683e-14
T/forkb/2/eqf/Phi_lp	13648672241843022977	-7.339784548436931e-13
T/forkb/2/eqf/Pt_hp	4688817273356488076	295325.9327432744
T/forkb/2/eqf/Pt_lp	4682550617176439699	113711.63368843337
T/forkb/2/eqf/Tt2	4643745586963694955	286.3754828060834
T/forkb/2/eqf/Tt25	4645729247740659943	399.1335432288601
T/forkb/2/eqf/Tt3	4649220409138200273	683.1661857198579
T/forkb/2/eqf/Tt4	4654091982887451712	1449.9999999997817
T/forkb/2/eqf/Tt45	4653058847086078708	1215.0921156096128
T/forkb/2/eqf/Tt5	4652652886209025424	1122.7872989078496
T/forkb/2/eqf/branch_choked	1	1
T/forkb/2/eqf/eta_hpc	4606101235435778498	0.8799645335180275
T/forkb/2/eqf/eta_hpt	4606461842859638129	0.92
T/forkb/2/eqf/eta_lpc	4606280406744396143	0.8998565447359804
T/forkb/2/eqf/eta_lpt	4606281698874543309	0.9
T/forkb/2/eqf/f	4582217404563743807	0.02276020745248197
T/forkb/2/eqf/m_hp	4606993270282434971	0.9790002960706262
T/forkb/2/eqf/m_imp	4606744801664541932	0.951414738022462
T/forkb/2/eqf/m_lp	4606744801664541938	0.9514147380224627
T/forkb/2/eqf/mdot4	4606939847131357494	0.9730691348332019
T/forkb/2/eqf/mdot_air	4606744801664541931	0.9514147380224619
T/forkb/2/eqf/mdot_air_face	4606744801664541937	0.9514147380224626
T/forkb/2/eqf/n_hp	4607050595046823127	0.9853646234011205
T/forkb/2/eqf/n_lp	4606951045314998123	0.9743123829643826
T/forkb/2/eqf/nu_hp	4607005270843384386	0.980332625978072
T/forkb/2/eqf/nu_hpt	4607156222825796955	0.9970916626267966
T/forkb/2/eqf/nu_lp	4606951045314998123	0.9743123829643826
T/forkb/2/eqf/nu_lpt	4607107661981594917	0.9917003258939628
T/forkb/2/eqf/phi_hp	4607124242605107658	0.9935411448926115
T/forkb/2/eqf/phi_lp	4606970737563011387	0.9764986616794781
T/forkb/2/eqf/pi_hpc	4618208258992831773	5.792913318319987
T/forkb/2/eqf/pi_hpt	4601473660874200239	0.4331002754373214
T/forkb/2/eqf/pi_lpc	4613713943527016781	2.9005796551292975
T/forkb/2/eqf/pi_lpt	4604375713299195158	0.6883930929645057
T/forkb/2/eqf/pt4	4698144910304089782	1255911.4452528185
T/forkb/2/eqf/slip	4607127105402350812	0.9938589792340298
T/forkb/2/eqf/sp_thrust	4649384791524965760	701.8542994483578
T/forkb/2/eqf/tau_hpc	4610387284250651932	1.7116230828240253
T/forkb/2/eqf/tau_hpt	4605723203544008973	0.8379945624895143
T/forkb/2/eqf/tau_lpc	4608955675204256806	1.3937420177101187
T/forkb/2/eqf/tau_lpt	4606498184357603956	0.924034716779103
T/forkb/2/eqf/passes	32	32
T/forkb/3/mf	4582590203545869955	0.024053613744710944
T/forkb/3/eqf/M9	4607182418800017599	1.0000000000000424
T/forkb/3/eqf/Pc_hp	4688998029257809551	305847.31095550297
T/forkb/3/eqf/Pc_lp	4682837332674528720	117883.89331128378
T/forkb/3/eqf/Phi_hp	13632104184074464350	-5.5001346756873444e-14
T/forkb/3/eqf/Phi_lp	4409508309236637709	6.295581659355785e-14
T/forkb/3/eqf/Pt_hp	4688998029257809262	305847.31095548614
T/forkb/3/eqf/Pt_lp	4682837332674529230	117883.8933112912
T/forkb/3/eqf/Tt2	4643745586963694955	286.3754828060834
T/forkb/3/eqf/Tt25	4645801516094756434	403.24152355114813
T/forkb/3/eqf/Tt3	4649341121304789379	696.8895702138983
T/forkb/3/eqf/Tt4	4654311885213007776	1499.9999999999782
T/forkb/3/eqf/Tt45	4653251292294928268	1258.8490900671777
T/forkb/3/eqf/Tt5	4652834268025883549	1164.0287492654527
T/forkb/3/eqf/branch_choked	1	1
T/forkb/3/eqf/eta_hpc	4606101554889448489	0.88
T/forkb/3/eqf/eta_hpt	4606461842859638129	0.92
T/forkb/3/eqf/eta_lpc	4606281698874543309	0.9
T/forkb/3/eqf/eta_lpt	4606281698874543309	0.9
T/forkb/3/eqf/f	4582590203545651961	0.024053613743954625
T/forkb/3/eqf/m_hp	4607182418800017491	1.0000000000000184
T/forkb/3/eqf/m_imp	4607182418800159010	1.000000000031442
T/forkb/3/eqf/m_lp	4607182418800159015	1.000000000031443
T/forkb/3/eqf/mdot4	4607290746646056605	1.0240536137761531
T/forkb/3/eqf/mdot_air	4607182418800159011	1.0000000000314422
T/forkb/3/eqf/mdot_air_face	4607182418800159015	1.000000000031443
T/forkb/3/eqf/n_hp	4607182418800017454	1.0000000000000102
T/forkb/3/eqf/n_lp	4607182418800054045	1.000000000008135
T/forkb/3/eqf/nu_hp	4607182418800017424	1.0000000000000036
T/forkb/3/eqf/nu_hpt	4607182418800017457	1.0000000000000109
T/forkb/3/eqf/nu_lp	4607182418800054045	1.000000000008135
T/forkb/3/eqf/nu_lpt	4607182418800054061	1.0000000000081386
T/forkb/3/eqf/phi_hp	4607182418800017445	1.0000000000000082
T/forkb/3/eqf/phi_lp	4607182418800122378	1.000000000023308
T/forkb/3/eqf/pi_hpc	4618441417868443765	6.000000000000104
T/forkb/3/eqf/pi_hpt	4601480050219862392	0.43345495537064194
T/forkb/3/eqf/pi_lpc	4613937818241285392	3.0000000000942535
T/forkb/3/eqf/pi_lpt	4604378095750895345	0.6886575982377662
T/forkb/3/eqf/pt4	4698529237748393239	1345394.6514838391
T/forkb/3/eqf/slip	4607182418800054029	1.0000000000081315
T/forkb/3/eqf/sp_thrust	4649627635067397457	729.4624138485325
T/forkb/3/eqf/tau_hpc	4610462024585359328	1.7282187709160937
T/forkb/3/eqf/tau_hpt	4605734355935866165	0.839232726711464
T/forkb/3/eqf/tau_lpc	4609020278146056922	1.4080867523991203
T/forkb/3/eqf/tau_lpt	4606503969167140438	0.9246769596531503
T/forkb/3/eqf/passes	19	19
census/T/forkb/eqf/close_calls	212	212
census/T/forkb/eqf/eq_calls	4	4
census/T/forkb/eqf/eq_passes	68	68
census/T/forkb/eqf/hi_wall_hi0	0	0
census/T/forkb/eqf/hi_wall_literal	0	0
census/T/forkb/eqf/hi_wall_map	212	212
census/T/forkb/eqf/illinois_calls	343	343
census/T/forkb/eqf/illinois_evals	2466	2466
census/T/forkb/eqf/illinois_exhausted	0	0
census/T/forkb/eqf/instant_calls	212	212
census/T/forkb/eqf/interp_high	0	0
census/T/forkb/eqf/interp_low	0	0
census/T/forkb/eqf/interp_mid	0	0
census/T/forkb/eqf/lo_floor_hits	0	0
census/T/forkb/eqf/march_calls	0	0
census/T/forkb/eqf/march_points	0	0
census/T/forkb/eqf/rw_calls	0	0
census/T/forkb/eqf/rw_interior	0	0
census/T/forkb/eqf/rw_one	0	0
census/T/forkb/eqf/rw_zero	0	0
census/T/forkb/eqf/sched_calls	0	0
census/T/forkb/eqf/sched_dormant	0	0
census/T/forkb/eqf/surge_calls	0	0
census/T/forkb/eqf/surge_dormant	0	0
census/T/forkb/eqf/topping_calls	0	0
T/forkb/npts	51	51
T/forkb/at/0/Tt4	4653432275910787067	1299.9999999999989
T/forkb/at/0/branch_choked	1	1
T/forkb/at/0/f	4581131601081822394	0.018993069871709102
T/forkb/at/0/mdot_air	4605517687603361868	0.815177709566123
T/forkb/at/0/mf	4580078806347965952	0.015482727195649026
T/forkb/at/0/mf_sched	4580078806347965952	0.015482727195649026
T/forkb/at/0/nu_hp	4606466504353981894	0.9205175298349608
T/forkb/at/0/nu_lp	4606273358088229686	0.8990739866991138
T/forkb/at/0/phi_hp	4606954169612714469	0.9746592496904297
T/forkb/at/0/phi_lp	4606341920135783697	0.9066859030801045
T/forkb/at/0/pi_hpc	4617517322023143986	5.179238012470295
T/forkb/at/0/pi_lpc	4613072025137759689	2.6155106248558906
T/forkb/at/0/s	0	0.0
T/forkb/at/0/sp_thrust	4648619445781615380	614.8445621231535
T/forkb/at/10/Tt4	4653875297175236642	1400.7313731974068
T/forkb/at/10/branch_choked	1	1
T/forkb/at/10/f	4582011423424335289	0.022045566816201154
T/forkb/at/10/mdot_air	4605509655234278697	0.8142859374562806
T/forkb/at/10/mf	4580831358753736900	0.017951395041685428
T/forkb/at/10/mf_sched	4580831358753736900	0.017951395041685428
T/forkb/at/10/nu_hp	4606506787463930036	0.9249898534517542
T/forkb/at/10/nu_lp	4606322590026052077	0.904539829790847
T/forkb/at/10/phi_hp	4606820511198216016	0.9598201847693222
T/forkb/at/10/phi_lp	4606283691331088426	0.9002212071131954
T/forkb/at/10/pi_hpc	4617679578632076262	5.323350830977665
T/forkb/at/10/pi_lpc	4613152960623977356	2.651453200979125
T/forkb/at/10/s	4596373779694328217	0.19999999999999998
T/forkb/at/10/sp_thrust	4649024974735011342	660.9478664392971
T/forkb/at/20/Tt4	4654240457389665883	1483.759193277822
T/forkb/at/20/branch_choked	1	1
T/forkb/at/20/f	4582724512212523079	0.02451959053885158
T/forkb/at/20/mdot_air	4605676469410465589	0.8328060313799371
T/forkb/at/20/mf	4581542903815593609	0.020420062887721833
T/forkb/at/20/mf_sched	4581542903815593609	0.020420062887721833
T/forkb/at/20/nu_hp	4606608561281614090	0.9362890170214382
T/forkb/at/20/nu_lp	4606446664494556870	0.918314862961062
T/forkb/at/20/phi_hp	4606772253353540932	0.9544624877416159
T/forkb/at/20/phi_lp	4606343713999348170	0.906885061943336
T/forkb/at/20/pi_hpc	4617876295610316094	5.498070605838903
T/forkb/at/20/pi_lpc	4613290914472556394	2.712717016590365
T/forkb/at/20/s	4600877379321698715	0.4000000000000001
T/forkb/at/20/sp_thrust	4649378674580676000	701.1588833955357
T/forkb/at/30/Tt4	4654334010933833013	1505.0308064658432
T/forkb/at/30/branch_choked	1	1
T/forkb/at/30/f	4582859159122053540	0.02498674084871201
T/forkb/at/30/mdot_air	4605981178233386711	0.8666355064812831
T/forkb/at/30/mf	4581898676346521963	0.021654396810740034
T/forkb/at/30/mf_sched	4581898676346521963	0.021654396810740034
T/forkb/at/30/nu_hp	4606738474911625674	0.9507123273465876
T/forkb/at/30/nu_lp	4606605414508687326	0.9359396550457821
T/forkb/at/30/phi_hp	4606841625447169394	0.962164337302893
T/forkb/at/30/phi_lp	4606515456702690629	0.9259523322995525
T/forkb/at/30/pi_hpc	4618028323095768019	5.633098137618577
T/forkb/at/30/pi_lpc	4613435848573689820	2.7770806870430373
T/forkb/at/30/s	4603579539098121013	0.6000000000000002
T/forkb/at/30/sp_thrust	4649505433126607736	715.569661636705
T/forkb/at/40/Tt4	4654246407989361432	1485.1122030016904
T/forkb/at/40/branch_choked	1	1
T/forkb/at/40/f	4582627949104050066	0.024184569956488718
T/forkb/at/40/mdot_air	4606240091782677237	0.8953806848622593
T/forkb/at/40/mf	4581898676346521963	0.021654396810740034
T/forkb/at/40/mf_sched	4581898676346521963	0.021654396810740034
T/forkb/at/40/nu_hp	4606831871809188765	0.9610814659568977
T/forkb/at/40/nu_lp	4606720963256770883	0.9487681431046798
T/forkb/at/40/phi_hp	4606942463018534611	0.9733595566505876
T/forkb/at/40/phi_lp	4606675581088835309	0.9437297103297319
T/forkb/at/40/pi_hpc	4618094170228665964	5.691582140057658
T/forkb/at/40/pi_lpc	4613527082502725884	2.8175966905001797
T/forkb/at/40/s	4605380978949069213	0.8000000000000004
T/forkb/at/40/sp_thrust	4649461931040476218	710.6240470301193
T/forkb/at/50/Tt4	4654191317490314160	1472.5860737513103
T/forkb/at/50/branch_choked	1	1
T/forkb/at/50/f	4582481985680422478	0.023678157601287268
T/forkb/at/50/mdot_air	4606412577793325139	0.9145304789069634
T/forkb/at/50/mf	4581898676346521963	0.021654396810740034
T/forkb/at/50/mf_sched	4581898676346521963	0.021654396810740034
T/forkb/at/50/nu_hp	4606893112232951941	0.9678805188068657
T/forkb/at/50/nu_lp	4606798107991961729	0.9573329292284286
T/forkb/at/50/phi_hp	4607007355792831397	0.9805641018661971
T/forkb/at/50/phi_lp	4606779706026993689	0.9552899007078423
T/forkb/at/50/pi_hpc	4618136663507900206	5.7293237536558035
T/forkb/at/50/pi_lpc	4613588189204433099	2.8447335173778803
T/forkb/at/50/s	4607182418800017410	1.0000000000000004
T/forkb/at/50/sp_thrust	4649434474286670285	707.5025755158218
T/forkb/last/Tt4	4654191317490314160	1472.5860737513103
T/forkb/last/branch_choked	1	1
T/forkb/last/f	4582481985680422478	0.023678157601287268
T/forkb/last/mdot_air	4606412577793325139	0.9145304789069634
T/forkb/last/mf	4581898676346521963	0.021654396810740034
T/forkb/last/mf_sched	4581898676346521963	0.021654396810740034
T/forkb/last/nu_hp	4606893112232951941	0.9678805188068657
T/forkb/last/nu_lp	4606798107991961729	0.9573329292284286
T/forkb/last/phi_hp	4607007355792831397	0.9805641018661971
T/forkb/last/phi_lp	4606779706026993689	0.9552899007078423
T/forkb/last/pi_hpc	4618136663507900206	5.7293237536558035
T/forkb/last/pi_lpc	4613588189204433099	2.8447335173778803
T/forkb/last/s	4607182418800017410	1.0000000000000004
T/forkb/last/sp_thrust	4649434474286670285	707.5025755158218
census/T/forkb/march/close_calls	204	204
census/T/forkb/march/eq_calls	0	0
census/T/forkb/march/eq_passes	0	0
census/T/forkb/march/hi_wall_hi0	0	0
census/T/forkb/march/hi_wall_literal	0	0
census/T/forkb/march/hi_wall_map	204	204
census/T/forkb/march/illinois_calls	288	288
census/T/forkb/march/illinois_evals	2049	2049
census/T/forkb/march/illinois_exhausted	0	0
census/T/forkb/march/instant_calls	204	204
census/T/forkb/march/interp_high	0	0
census/T/forkb/march/interp_low	0	0
census/T/forkb/march/interp_mid	0	0
census/T/forkb/march/lo_floor_hits	0	0
census/T/forkb/march/march_calls	1	1
census/T/forkb/march/march_points	51	51
census/T/forkb/march/rw_calls	204	204
census/T/forkb/march/rw_interior	0	0
census/T/forkb/march/rw_one	204	204
census/T/forkb/march/rw_zero	0	0
census/T/forkb/march/sched_calls	0	0
census/T/forkb/march/sched_dormant	0	0
census/T/forkb/march/surge_calls	0	0
census/T/forkb/march/surge_dormant	0	0
census/T/forkb/march/topping_calls	0	0
U/equilibrium_flag	1	1
U/mf_smoke	4581258336243239616	0.019432770791193432
census/U/setup/close_calls	0	0
census/U/setup/eq_calls	0	0
census/U/setup/eq_passes	0	0
census/U/setup/hi_wall_hi0	0	0
census/U/setup/hi_wall_literal	0	0
census/U/setup/hi_wall_map	0	0
census/U/setup/illinois_calls	14	14
census/U/setup/illinois_evals	121	121
census/U/setup/illinois_exhausted	0	0
census/U/setup/instant_calls	0	0
census/U/setup/interp_high	0	0
census/U/setup/interp_low	0	0
census/U/setup/interp_mid	0	0
census/U/setup/lo_floor_hits	0	0
census/U/setup/march_calls	0	0
census/U/setup/march_points	0	0
census/U/setup/rw_calls	0	0
census/U/setup/rw_interior	0	0
census/U/setup/rw_one	0	0
census/U/setup/rw_zero	0	0
census/U/setup/sched_calls	0	0
census/U/setup/sched_dormant	0	0
census/U/setup/surge_calls	0	0
census/U/setup/surge_dormant	0	0
census/U/setup/topping_calls	0	0
U/eqf/0	3	3
census/U/0/close_calls	1	1
census/U/0/eq_calls	1	1
census/U/0/eq_passes	0	0
census/U/0/hi_wall_hi0	0	0
census/U/0/hi_wall_literal	0	0
census/U/0/hi_wall_map	1	1
census/U/0/illinois_calls	0	0
census/U/0/illinois_evals	0	0
census/U/0/illinois_exhausted	0	0
census/U/0/instant_calls	1	1
census/U/0/interp_high	0	0
census/U/0/interp_low	0	0
census/U/0/interp_mid	0	0
census/U/0/lo_floor_hits	0	0
census/U/0/march_calls	0	0
census/U/0/march_points	0	0
census/U/0/rw_calls	0	0
census/U/0/rw_interior	0	0
census/U/0/rw_one	0	0
census/U/0/rw_zero	0	0
census/U/0/sched_calls	0	0
census/U/0/sched_dormant	0	0
census/U/0/surge_calls	0	0
census/U/0/surge_dormant	0	0
census/U/0/topping_calls	0	0
U/eqf/1	3	3
census/U/1/close_calls	1	1
census/U/1/eq_calls	1	1
census/U/1/eq_passes	0	0
census/U/1/hi_wall_hi0	0	0
census/U/1/hi_wall_literal	0	0
census/U/1/hi_wall_map	1	1
census/U/1/illinois_calls	0	0
census/U/1/illinois_evals	0	0
census/U/1/illinois_exhausted	0	0
census/U/1/instant_calls	1	1
census/U/1/interp_high	0	0
census/U/1/interp_low	0	0
census/U/1/interp_mid	0	0
census/U/1/lo_floor_hits	0	0
census/U/1/march_calls	0	0
census/U/1/march_points	0	0
census/U/1/rw_calls	0	0
census/U/1/rw_interior	0	0
census/U/1/rw_one	0	0
census/U/1/rw_zero	0	0
census/U/1/sched_calls	0	0
census/U/1/sched_dormant	0	0
census/U/1/surge_calls	0	0
census/U/1/surge_dormant	0	0
census/U/1/topping_calls	0	0
U/eqf/2	3	3
census/U/2/close_calls	1	1
census/U/2/eq_calls	1	1
census/U/2/eq_passes	0	0
census/U/2/hi_wall_hi0	0	0
census/U/2/hi_wall_literal	0	0
census/U/2/hi_wall_map	1	1
census/U/2/illinois_calls	0	0
census/U/2/illinois_evals	0	0
census/U/2/illinois_exhausted	0	0
census/U/2/instant_calls	1	1
census/U/2/interp_high	0	0
census/U/2/interp_low	0	0
census/U/2/interp_mid	0	0
census/U/2/lo_floor_hits	0	0
census/U/2/march_calls	0	0
census/U/2/march_points	0	0
census/U/2/rw_calls	0	0
census/U/2/rw_interior	0	0
census/U/2/rw_one	0	0
census/U/2/rw_zero	0	0
census/U/2/sched_calls	0	0
census/U/2/sched_dormant	0	0
census/U/2/surge_calls	0	0
census/U/2/surge_dormant	0	0
census/U/2/topping_calls	0	0
U/direct	0	0
census/U/direct/close_calls	0	0
census/U/direct/eq_calls	0	0
census/U/direct/eq_passes	0	0
census/U/direct/hi_wall_hi0	0	0
census/U/direct/hi_wall_literal	0	0
census/U/direct/hi_wall_map	0	0
census/U/direct/illinois_calls	0	0
census/U/direct/illinois_evals	0	0
census/U/direct/illinois_exhausted	0	0
census/U/direct/instant_calls	0	0
census/U/direct/interp_high	0	0
census/U/direct/interp_low	0	0
census/U/direct/interp_mid	0	0
census/U/direct/lo_floor_hits	0	0
census/U/direct/march_calls	0	0
census/U/direct/march_points	0	0
census/U/direct/rw_calls	0	0
census/U/direct/rw_interior	0	0
census/U/direct/rw_one	0	0
census/U/direct/rw_zero	0	0
census/U/direct/sched_calls	0	0
census/U/direct/sched_dormant	0	0
census/U/direct/surge_calls	0	0
census/U/direct/surge_dormant	0	0
census/U/direct/topping_calls	0	0
