# name	start_byte	end_byte -- main()'s steps in order, cut from the PyPy stdout golden
# (rust/oracle/main_stdout.txt) by an instrumented PyPy run of main.py whose own stdout was
# byte-identical to the golden; 'main:<what>' is text main() prints itself. See tests/cli_golden.rs.
print_station_table	0	560
print_station_table	560	1129
main:losses_cost	1129	1207
print_polytropic_table	1207	1629
print_variable_cp_table	1629	2433
print_reacting_table	2433	3520
print_forkb_table	3520	4512
print_equilibrium_table	4512	5949
print_nox_table	5949	7558
print_zoning_table	7558	8912
print_rql_table	8912	10580
print_finite_quench_table	10580	12324
print_jet_mixing_table	12324	13952
print_unmixedness_table	13952	15882
print_mixing_pdf_table	15882	18223
print_nozzle_flow_table	18223	20136
print_pdf_quench_table	20136	22544
print_pocket_quench_table	22544	24491
print_exhaust_clamp_table	24491	26709
print_transported_variance_table	26709	29432
print_super_eq_prompt_table	29432	32022
print_super_eq_quench_table	32022	34210
print_ideal_bell_lift_table	34210	36034
print_spatial_pdf_table	36034	38851
print_dwell_spectrum_table	38851	41471
print_local_mixing_table	41471	45732
print_finite_rate_nozzle_table	45732	47730
print_freeze_out_nozzle_table	47730	49620
print_no_freeze_out_table	49620	51700
print_coupled_no_march_table	51700	55436
print_shifting_turbine_table	55436	58237
print_choked_nozzle_table	58237	59872
print_offdesign_table	59872	61648
print_component_map_table	61648	63102
print_subsonic_matching_table	63102	64643
print_spool_transient_table	64643	66147
print_fuel_metering_table	66147	67731
print_surge_line_table	67731	69380
print_combustor_dynamics_table	69380	71451
print_two_spool_matching_table	71451	73354
print_two_spool_map_table	73354	76662
print_two_shaft_transient_table	76662	80229
print_two_spool_surge_table	80229	85804
print_interstage_bleed_table	85804	92229
print_two_shaft_fuel_table	92229	98384
print_transient_surge_table	98384	100707
print_transient_fuel_surge_table	100707	102264
print_topping_governor_table	102264	103650
print_lagged_governor_table	103650	105095
print_accel_schedule_table	105095	106731
print_phi_limiter_table	106731	108420
print_release_edge_table	108420	110886
print_release_rate_table	110886	113556
print_asymmetric_lag_table	113556	116670
print_variable_stator_table	116670	119757
print_throat_capacity_table	119757	123790
print_stage_stack_table	123790	128105
print_per_row_capacity_table	128105	131950
print_stator_schedule_table	131950	134326
print_composite_minselect_table	134326	137467
print_matched_floor_table	137467	139553
print_stator_bleed_table	139553	142251
print_bleed_schedule_table	142251	144632
print_fuel_bleed_table	144632	147027
print_bleed_limiter_table	147027	148971
print_lagged_valve_table	148971	152442
print_two_lag_cascade_table	152442	154824
print_cascade_a_table	154824	158693
print_three_loop_table	158693	161180
print_reference_split_table	161180	164631
print_cross_split_table	164631	167546
print_full_split_table	167546	172325
print_shared_actuator_table	172325	176467
print_applied_reference_table	176467	183791
print_demand_coordinate_table	183791	189236
print_anti_windup_table	189236	194801
print_sensed_cap_table	194801	198835
print_stiffness_ledger_table	198835	201953
print_residual_gauge_table	201953	205041
print_state_coordinate_table	205041	212354
print_split_wall_table	212354	215921
print_authority_clock_table	215921	219476
print_threshold_law_table	219476	222059
print_corrector_law_table	222059	226521
print_staircase_law_table	226521	229930
plot_ts_diagram	229930	229987
