# phase-4F recombination-march oracle — key	u64 bits	repr
# cpython 3.14.3
order/CO2	0	0.0
order/H2O	4607182418800017408	1.0
order/CO	4611686018427387904	2.0
order/H2	4613937818241073152	3.0
order/OH	4616189618054758400	4.0
order/O	4617315517961601024	5.0
order/H	4618441417868443648	6.0
order/O2	4619567317775286272	7.0
order/N2	4620693217682128896	8.0
order/Ar	4621256167635550208	9.0
order/n_species	4621819117588971520	10.0
entry/cold/comp/CO2	4586280091546280126	0.042460968841568456
entry/cold/comp/H2O	4586279810338366463	0.04245901756969061
entry/cold/comp/CO	4484172831276401508	6.282272697715637e-09
entry/cold/comp/H2	4480690640839336216	3.563581288709794e-09
entry/cold/comp/OH	4526227726850318654	3.907956730657683e-06
entry/cold/comp/O	4493125399186320401	2.494833083376439e-08
entry/cold/comp/H	4448103097893386632	2.4407855199313723e-11
entry/cold/comp/O2	4594424311434833738	0.14589138631333248
entry/cold/comp/N2	4605210854977551093	0.7811124449779913
entry/cold/comp/Ar	4576516852069590693	0.009303721488595438
ref/cold/T9_frozen	4649287324828129836	690.7736189019101
ref/cold/V9_frozen	4651232338067957125	911.8960234645498
ref/cold/T9_reversible	4649287426667284584	690.7851966733697
ref/cold/V9_reversible	4651232426480793945	911.9060748403818
ref/cold/T9_irrev_fast	4649287442304887612	690.7869744630075
ref/cold/V9_irrev_fast	4651232407565402545	911.9039244093493
ref/cold/T_star	4652342811140232420	1052.2843908530713
ref/cold/comp_irrev/CO2	4586280092451651039	0.042460975123841165
ref/cold/comp_irrev/H2O	4586280092450643865	0.04246097511685249
ref/cold/comp_irrev/CO	4342969442437507597	2.3122719841615094e-18
ref/cold/comp_irrev/H2	4358189840909271758	2.3766286341490817e-17
ref/cold/comp_irrev/OH	4444697158774955988	1.3977293795282125e-11
ref/cold/comp_irrev/O	4368390415645272137	1.0977463384119515e-16
ref/cold/comp_irrev/H	4278434704135672716	1.0623313342878872e-22
ref/cold/comp_irrev/O2	4594424346906294982	0.14589237084415724
ref/cold/comp_irrev/N2	4605210854977551093	0.7811124449779913
ref/cold/comp_irrev/Ar	4576516852069590693	0.009303721488595438
eqhp/cold/T_star	4652342811140232420	1052.2843908530713
eqhp/cold/H_entry	4663727716385649195	6371.648564305661
eqhp/cold/comp/CO2	4586280092448398186	0.04246097510126996
eqhp/cold/comp/H2O	4586280081841727918	0.0424609015027103
eqhp/cold/comp/CO	4447534676395589071	2.2571186282374286e-11
eqhp/cold/comp/H2	4448707891327342636	2.636204818043785e-11
eqhp/cold/comp/OH	4504656690231119991	1.4718951049663752e-07
eqhp/cold/comp/O	4460543294383245388	1.675884183874988e-10
eqhp/cold/comp/H	4404115561835412023	2.7144153192556856e-14
eqhp/cold/comp/O2	4594424345578518373	0.14589233399095317
eqhp/cold/comp/N2	4605210854977551093	0.7811124449779913
eqhp/cold/comp/Ar	4576516852069590693	0.009303721488595438
eqhp/cold/rise	4580785541544411136	0.017792434664443135
entry/dp/comp/CO2	4588247561122707495	0.05611303149156326
entry/dp/comp/H2O	4588245270344536262	0.05609713602487569
entry/dp/comp/CO	4509029518361034519	2.874560355615884e-07
entry/dp/comp/H2	4502984101077536787	1.1106286689394131e-07
entry/dp/comp/OH	4539868079435730855	3.214154388633756e-05
entry/dp/comp/O	4513127001863619842	5.319128538601417e-07
entry/dp/comp/H	4477335254769197561	2.1758261362851994e-09
entry/dp/comp/O2	4593686238731028133	0.12540575357302433
entry/dp/comp/N2	4605210854977551093	0.7811124449779913
entry/dp/comp/Ar	4576516852069590693	0.009303721488595438
ref/dp/T9_frozen	4650351087250212771	811.709404755606
ref/dp/V9_frozen	4652288304451292378	1039.891004652533
ref/dp/T9_reversible	4650351943366078588	811.806733861114
ref/dp/V9_reversible	4652288616425223280	1039.9619393118446
ref/dp/T9_irrev_fast	4650352032585643724	811.8168769513372
ref/dp/V9_irrev_fast	4652288567244054416	1039.9507568087174
ref/dp/T_star	4653268780935720304	1262.8255466025694
ref/dp/comp_irrev/CO2	4588247602549487378	0.05611331894759365
ref/dp/comp_irrev/H2O	4588247602475248276	0.0561133184324564
ref/dp/comp_irrev/CO	4393070696956175999	5.178603549062325e-15
ref/dp/comp_irrev/H2	4401906404783903386	2.0173282666842917e-14
ref/dp/comp_irrev/OH	4472552787163502403	1.030244521859595e-09
ref/dp/comp_irrev/O	4410086153121946264	7.024923180061278e-14
ref/dp/comp_irrev/H	4337430912186451229	9.568156042287568e-19
ref/dp/comp_irrev/O2	4593686530610451547	0.12541385485443154
ref/dp/comp_irrev/N2	4605210854977551093	0.7811124449779913
ref/dp/comp_irrev/Ar	4576516852069590693	0.009303721488595438
eqhp/dp/T_star	4653268780935720304	1262.8255466025694
eqhp/dp/H_entry	4663112361614364047	5811.986660111127
eqhp/dp/comp/CO2	4588247601621791186	0.0561133125104082
eqhp/dp/comp/H2O	4588247352831960898	0.05611158618417146
eqhp/dp/comp/CO	4484360115556147498	6.437190622957478e-09
eqhp/dp/comp/H2	4481395782777785662	3.985152019541116e-09
eqhp/dp/comp/OH	4525274299567723054	3.4575348375565366e-06
eqhp/dp/comp/O	4491007568804986066	1.79410179053022e-08
eqhp/dp/comp/H	4447269123573675211	2.171313883746846e-11
eqhp/dp/comp/O2	4593686499341777923	0.12541298697439637
eqhp/dp/comp/N2	4605210854977551093	0.7811124449779913
eqhp/dp/comp/Ar	4576516852069590693	0.009303721488595438
eqhp/dp/rise	4594005572189159424	0.13426903751678765
entry/warm/comp/CO2	4590297587143591939	0.07817588910145905
entry/warm/comp/H2O	4590287503330059970	0.07803594807696881
entry/warm/comp/CO	4536444948751709997	1.9731543117177515e-05
entry/warm/comp/H2	4527703418925624185	5.157916538443542e-06
entry/warm/comp/OH	4554330612597756819	0.0003087259697863106
entry/warm/comp/O	4534239534040796942	1.3759048244833406e-05
entry/warm/comp/H	4509329413491062070	3.033323515524914e-07
entry/warm/comp/O2	4591309489991935623	0.09221886211289575
entry/warm/comp/N2	4605210854977551093	0.7811124449779913
entry/warm/comp/Ar	4576516852069590693	0.009303721488595438
ref/warm/T9_frozen	4651997398599473765	998.8733359582953
ref/warm/V9_frozen	4653030337690208967	1208.6098294860437
ref/warm/T9_reversible	4652006707907420893	999.931681740181
ref/warm/V9_reversible	4653033078172241485	1209.2329429582635
ref/warm/T9_irrev_fast	4652007281036556672	999.9968389792339
ref/warm/V9_irrev_fast	4653032790535446502	1209.1675419229955
ref/warm/T_star	4654652282306411160	1577.3973382372988
ref/warm/comp_irrev/CO2	4590299008949489388	0.07819562062200774
ref/warm/comp_irrev/H2O	4590299005226485311	0.07819556895494716
ref/warm/comp_irrev/CO	4447533831792926872	2.2568457223985686e-11
ref/warm/comp_irrev/H2	4450066229854678122	3.2398322897077504e-11
ref/warm/comp_irrev/OH	4502398646707630185	1.0331444282480227e-07
ref/warm/comp_irrev/O	4454877110463483110	6.876815939491874e-11
ref/warm/comp_irrev/H	4401412940186730938	1.8616182951563e-14
ref/warm/comp_irrev/O2	4591314643163257805	0.0922903767310423
ref/warm/comp_irrev/N2	4605210854977551093	0.7811124449779913
ref/warm/comp_irrev/Ar	4576516852069590693	0.009303721488595438
eqhp/warm/T_star	4654652282306411160	1577.3973382372988
eqhp/warm/H_entry	4662117041647570982	4906.748423744028
eqhp/warm/comp/CO2	4590298864144905806	0.0781936110547232
eqhp/warm/comp/H2O	4590296090868878123	0.07815512411847851
eqhp/warm/comp/CO	4521855436135741045	2.0095898530307e-06
eqhp/warm/comp/H2	4514620713833118602	6.900657603443367e-07
eqhp/warm/comp/OH	4545501435347999965	7.9594140503503e-05
eqhp/warm/comp/O	4520978115172650278	1.7726893026579116e-06
eqhp/warm/comp/H	4491261187324421250	1.878017119434695e-08
eqhp/warm/comp/O2	4591313244920130749	0.09227097220962129
eqhp/warm/comp/N2	4605210854977551093	0.7811124449779913
eqhp/warm/comp/Ar	4576516852069590693	0.009303721488595438
eqhp/warm/rise	4608069646142144512	1.1970040446612984
entry/hot/comp/CO2	4592648204074089202	0.1107972520803562
entry/hot/comp/H2O	4592640434833715201	0.11068943221101792
entry/hot/comp/CO	4563311042249764547	0.0012290991468572466
entry/hot/comp/H2	4552713395465211498	0.00023259853918099492
entry/hot/comp/OH	4567164654594361806	0.002176311244086216
entry/hot/comp/O	4551777580730848652	0.00020723322997999135
entry/hot/comp/H	4539895847844423716	3.232970994278297e-05
entry/hot/comp/O2	4586161135223282134	0.04163554353708647
entry/hot/comp/N2	4605210854977551093	0.7811124449779913
entry/hot/comp/Ar	4576516852069590693	0.009303721488595438
ref/hot/T9_frozen	4653247435782818572	1257.9722207344048
ref/hot/V9_frozen	4653900841345945306	1406.539445177585
ref/hot/T9_reversible	4653308816264861712	1271.9285265370308
ref/hot/V9_reversible	4653929315186485835	1413.0136469552697
ref/hot/T9_irrev_fast	4653310912630469456	1272.4051848903364
ref/hot/V9_irrev_fast	4653927388322135643	1412.575528725886
ref/hot/T_star	4656527696657059076	2003.8171921230978
ref/hot/comp_irrev/CO2	4592736764998555460	0.11202628179816282
ref/hot/comp_irrev/H2O	4592736527827766438	0.11202299039227856
ref/hot/comp_irrev/CO	4499838338860317669	6.942905060937362e-08
ref/hot/comp_irrev/H2	4496435769990707352	4.2000535677837124e-08
ref/hot/comp_irrev/OH	4529450153797903006	6.6374585253817355e-06
ref/hot/comp_irrev/O	4494844180229119202	3.146827812644822e-08
ref/hot/comp_irrev/H	4462194573841143865	2.1027299193377048e-10
ref/hot/comp_irrev/O2	4586147753238027972	0.04154268736118419
ref/hot/comp_irrev/N2	4605210854977551093	0.7811124449779913
ref/hot/comp_irrev/Ar	4576516852069590693	0.009303721488595438
eqhp/hot/T_star	4656527696657059076	2003.8171921230978
eqhp/hot/H_entry	4659958750269714921	3519.8969253508735
eqhp/hot/comp/CO2	4592709980421213813	0.11165457111729345
eqhp/hot/comp/H2O	4592692777612313565	0.11141583418567742
eqhp/hot/comp/CO	4555493756183590174	0.00037178010991996576
eqhp/hot/comp/H2	4545585254081276601	8.073009616242189e-05
eqhp/hot/comp/OH	4562494835141001234	0.0010521124427533874
eqhp/hot/comp/O	4544768876993088735	6.966612350516346e-05
eqhp/hot/comp/H	4530422948859874515	7.4614479937978925e-06
eqhp/hot/comp/O2	4586137935913114860	0.04147456598519192
eqhp/hot/comp/N2	4605210854977551093	0.7811124449779913
eqhp/hot/comp/Ar	4576516852069590693	0.009303721488595438
eqhp/hot/rise	4622953658204159872	12.015348981367197
entry/vhot/comp/CO2	4593250376660975368	0.11915407546484513
entry/vhot/comp/H2O	4593326594110967966	0.12021180506309512
entry/vhot/comp/CO	4569461802373291576	0.003172540289060579
entry/vhot/comp/H2	4558409031971411747	0.0005713538040949855
entry/vhot/comp/OH	4569062969180104182	0.0029995739632553376
entry/vhot/comp/O	4554315581690213861	0.0003079111426556854
entry/vhot/comp/H	4546072964892507557	8.733981017593777e-05
entry/vhot/comp/O2	4583463607617696898	0.027083842839534807
entry/vhot/comp/N2	4605210854977551093	0.7811124449779913
entry/vhot/comp/Ar	4576516852069590693	0.009303721488595438
ref/vhot/T9_frozen	4653538520191151364	1324.1571525212503
ref/vhot/V9_frozen	4654107115041659633	1453.4406535194105
ref/vhot/T9_reversible	4653659518115149502	1351.6688952217078
ref/vhot/V9_reversible	4654159864868935411	1465.4345756260998
ref/vhot/T9_irrev_fast	4653662998407589828	1352.460222105482
ref/vhot/V9_irrev_fast	4654156722035507593	1464.719978038311
ref/vhot/T_star	4656873828448044936	2117.0368992546028
ref/vhot/comp_irrev/CO2	4593478948931334067	0.12232615293163356
ref/vhot/comp_irrev/H2O	4593478412695068130	0.12231871115852003
ref/vhot/comp_irrev/CO	4512342092912664707	4.628222721532703e-07
ref/vhot/comp_irrev/H2	4507947416017202865	2.3429429678387193e-07
ref/vhot/comp_irrev/OH	4535148457409818088	1.533885958752797e-05
ref/vhot/comp_irrev/O	4502401314068831331	1.033497450563585e-07
ref/vhot/comp_irrev/H	4475997480215217381	1.7425903490032835e-09
ref/vhot/comp_irrev/O2	4583177259289973365	0.02609037250671738
ref/vhot/comp_irrev/N2	4605210854977551093	0.7811124449779913
ref/vhot/comp_irrev/Ar	4576516852069590693	0.009303721488595438
eqhp/vhot/T_star	4656873828448044936	2117.0368992546028
eqhp/vhot/H_entry	4659030218411574857	3097.6495226479933
eqhp/vhot/comp/CO2	4593391146971712646	0.12110765596689718
eqhp/vhot/comp/H2O	4593401315900658890	0.1212487782050459
eqhp/vhot/comp/CO	4563264282705714545	0.0012189597870085579
eqhp/vhot/comp/H2	4553139833192368114	0.00024417368887263903
eqhp/vhot/comp/OH	4565209367850133776	0.0016407328948582801
eqhp/vhot/comp/O	4548730650102223978	0.00012464600980580397
eqhp/vhot/comp/H	4538470632056346840	2.6594825116099018e-05
eqhp/vhot/comp/O2	4583254864342066141	0.026359619118156864
eqhp/vhot/comp/N2	4605210854977551093	0.7811124449779913
eqhp/vhot/comp/Ar	4576516852069590693	0.009303721488595438
eqhp/vhot/rise	4626716589849706496	21.399316692259163
fr100/cold/da003/T9	4649287247725231771	690.76485331725
fr100/cold/da003/V9	4651232437556512787	911.9073340038325
fr100/cold/da003/dS	13779917954748514304	-0.0004288179105174095
fr100/cold/da003/comp/CO2	4586280091573029937	0.042460969027182556
fr100/cold/da003/comp/H2O	4586279818633520673	0.04245907512888559
fr100/cold/da003/comp/CO	4483948437544136263	6.0966585528074116e-09
fr100/cold/da003/comp/H2	4480436169875113166	3.458334564678303e-09
fr100/cold/da003/comp/OH	4526066511296977854	3.793049555496596e-06
fr100/cold/da003/comp/O	4492902691180729964	2.4211451855825347e-08
fr100/cold/da003/comp/H	4447879864721664964	2.368654991913058e-11
fr100/cold/da003/comp/O2	4594424312477853810	0.14589141526295496
fr100/cold/da003/comp/N2	4605210854977551093	0.7811124449779913
fr100/cold/da003/comp/Ar	4576516852069590693	0.009303721488595438
fr100/cold/da03/T9	4649287280221795569	690.768547748825
fr100/cold/da03/V9	4651232446619216402	911.9083643139477
fr100/cold/da03/dS	13778889340900343808	-0.00037305664207565314
fr100/cold/da03/comp/CO2	4586280091780873911	0.04246097046938984
fr100/cold/da03/comp/H2O	4586279883120773230	0.042459522599089236
fr100/cold/da03/comp/CO	4482204915983204195	4.654451320036213e-09
fr100/cold/da03/comp/H2	4478458856034384984	2.640536727686744e-09
fr100/cold/da03/comp/OH	4523957268179113553	2.899750348196372e-06
fr100/cold/da03/comp/O	4491172200346809273	1.848573798374568e-08
fr100/cold/da03/comp/H	4446145407924865015	1.808221774872533e-11
fr100/cold/da03/comp/O2	4594424320586359942	0.14589164031921004
fr100/cold/da03/comp/N2	4605210854977551093	0.7811124449779913
fr100/cold/da03/comp/Ar	4576516852069590693	0.009303721488595438
fr100/cold/da1/T9	4649287331142804769	690.7743367973345
fr100/cold/da1/V9	4651232463733486311	911.9103099811736
fr100/cold/da1/dS	13777510144757202944	-0.00029829026934180547
fr100/cold/da1/comp/CO2	4586280092118475424	0.04246097281197092
fr100/cold/da1/comp/H2O	4586279988056342775	0.042460250735873055
fr100/cold/da1/comp/CO	4477664189236728643	2.3118702434562816e-09
fr100/cold/da1/comp/H2	4473915154368909640	1.3119754567323238e-09
fr100/cold/da1/comp/OH	4519436043883252022	1.4461430053741006e-06
fr100/cold/da1/comp/O	4486633168704772662	9.18425164068183e-09
fr100/cold/da1/comp/H	4441603922155317857	8.979900510509223e-12
fr100/cold/da1/comp/O2	4594424333780636192	0.1458920065339422
fr100/cold/da1/comp/N2	4605210854977551093	0.7811124449779913
fr100/cold/da1/comp/Ar	4576516852069590693	0.009303721488595438
fr100/cold/da3/T9	4649287368378700200	690.7785700285358
fr100/cold/da3/V9	4651232486200156148	911.9128641458215
fr100/cold/da3/dS	13777171158243737600	-0.00027991377362468484
fr100/cold/da3/comp/CO2	4586280092406522798	0.04246097481070109
fr100/cold/da3/comp/H2O	4586280078063747125	0.042460875287702406
fr100/cold/da3/comp/CO	4464620640754960524	3.131400599552649e-10
fr100/cold/da3/comp/H2	4460943084060754533	1.7792273933544855e-10
fr100/cold/da3/comp/OH	4506625943725482576	1.993152164722866e-07
fr100/cold/da3/comp/O	4473592343721937133	1.2452197795569844e-09
fr100/cold/da3/comp/H	4428553939713071471	1.2155487027301862e-12
fr100/cold/da3/comp/O2	4594424345097574275	0.1458923206420729
fr100/cold/da3/comp/N2	4605210854977551093	0.7811124449779913
fr100/cold/da3/comp/Ar	4576516852069590693	0.009303721488595438
fr100/cold/da10/T9	4649287365687066366	690.7782640251969
fr100/cold/da10/V9	4651232500226845803	911.914458795812
fr100/cold/da10/dS	13778041931804704768	-0.00032711850295186196
fr100/cold/da10/comp/CO2	4586280092451609507	0.04246097512355298
fr100/cold/da10/comp/H2O	4586280092427539562	0.042460974956534184
fr100/cold/da10/comp/CO	4419235690097781893	2.8818314566707906e-13
fr100/cold/da10/comp/H2	4415643410503019758	1.6709652470136268e-13
fr100/cold/da10/comp/OH	4465029520624913354	3.342786537857764e-10
fr100/cold/da10/comp/O	4428299480874080292	1.1641611494327605e-12
fr100/cold/da10/comp/H	4383129029566658043	1.1103595425904946e-15
fr100/cold/da10/comp/O2	4594424346903397205	0.14589237076372777
fr100/cold/da10/comp/N2	4605210854977551093	0.7811124449779913
fr100/cold/da10/comp/Ar	4576516852069590693	0.009303721488595438
fr100/cold/da30/T9	4649287362551473282	690.7779075495348
fr100/cold/da30/V9	4651232504036416141	911.9148918938168
fr100/cold/da30/dS	13778353513727262720	-0.00034400939281908904
fr100/cold/da30/comp/CO2	4586280092451651036	0.042460975123841144
fr100/cold/da30/comp/H2O	4586280092449910967	0.04246097511176699
fr100/cold/da30/comp/CO	4350861300132113135	7.53063216953848e-18
fr100/cold/da30/comp/H2	4364420862573550939	6.084611463055715e-17
fr100/cold/da30/comp/OH	4448022740841869714	2.4148207562217163e-11
fr100/cold/da30/comp/O	4374391477022638524	2.9088449491697425e-16
fr100/cold/da30/comp/H	4288660976564542688	5.395736240693637e-22
fr100/cold/da30/comp/O2	4594424346906203368	0.14589237084161444
fr100/cold/da30/comp/N2	4605210854977551093	0.7811124449779913
fr100/cold/da30/comp/Ar	4576516852069590693	0.009303721488595438
fr100/cold/da300/T9	4649287361286313342	690.777763717502
fr100/cold/da300/V9	4651232505567221727	911.9150659262631
fr100/cold/da300/dS	13778478769587093504	-0.00035079952658634284
fr100/cold/da300/comp/CO2	4586280092451651039	0.042460975123841165
fr100/cold/da300/comp/H2O	4586280092450510002	0.04246097511592363
fr100/cold/da300/comp/CO	4344435368094688611	2.8769260080436e-18
fr100/cold/da300/comp/H2	4359634251485845917	2.86788645278769e-17
fr100/cold/da300/comp/OH	4445449932256264157	1.5835014664471486e-11
fr100/cold/da300/comp/O	4369387044486588070	1.3309576303018262e-16
fr100/cold/da300/comp/H	4279789610687343632	1.3808683337641407e-22
fr100/cold/da300/comp/O2	4594424346906278249	0.1458923708436928
fr100/cold/da300/comp/N2	4605210854977551093	0.7811124449779913
fr100/cold/da300/comp/Ar	4576516852069590693	0.009303721488595438
fr100/dp/da003/T9	4650350998156320196	811.6992759526988
fr100/dp/da003/V9	4652288376363567775	1039.9073556108995
fr100/dp/da003/dS	13781460708547887104	-0.0005366202731238445
fr100/dp/da003/comp/CO2	4588247562344465973	0.05611303996921572
fr100/dp/da003/comp/H2O	4588245338134555324	0.056097606412625706
fr100/dp/da003/comp/CO	4508869380033826156	2.789783831076088e-07
fr100/dp/da003/comp/H2	4502737038797365149	1.0779302484192334e-07
fr100/dp/da003/comp/OH	4539730220046016990	3.120737232492945e-05
fr100/dp/da003/comp/O	4512979051903940349	5.162480425609572e-07
fr100/dp/da003/comp/H	4477179896817568847	2.1115715934885877e-09
fr100/dp/da003/comp/O2	4593686247215286878	0.12540598905850947
fr100/dp/da003/comp/N2	4605210854977551093	0.7811124449779913
fr100/dp/da003/comp/Ar	4576516852069590693	0.009303721488595438
fr100/dp/da03/T9	4650351258272123868	811.7288476958597
fr100/dp/da03/V9	4652288410420497771	1039.915099260247
fr100/dp/da03/dS	13773675028358889472	-0.0001672644089012465
fr100/dp/da03/comp/CO2	4588247571839540595	0.05611310585453113
fr100/dp/da03/comp/H2O	4588245865784251486	0.0561012677178858
fr100/dp/da03/comp/CO	4507146456228534735	2.1309306770800482e-07
fr100/dp/da03/comp/H2	4500816576751643402	8.237592130008405e-08
fr100/dp/da03/comp/OH	4537685913519474684	2.39360952958914e-05
fr100/dp/da03/comp/O	4511051267309094470	3.9448653369180723e-07
fr100/dp/da03/comp/H	4475367374647823004	1.612287571700695e-09
fr100/dp/da03/comp/O2	4593686313253332945	0.1254078219824906
fr100/dp/da03/comp/N2	4605210854977551093	0.7811124449779913
fr100/dp/da03/comp/Ar	4576516852069590693	0.009303721488595438
fr100/dp/da1/T9	4650351667312794930	811.7753502362523
fr100/dp/da1/V9	4652288474819008566	1039.9297417863395
fr100/dp/da1/dS	4554448233392766976	0.0003151022058602848
fr100/dp/da1/comp/CO2	4588247587273703235	0.056113212950548184
fr100/dp/da1/comp/H2O	4588246727941564249	0.05610725013600754
fr100/dp/da1/comp/CO	4502601338822384718	1.0599705062707944e-07
fr100/dp/da1/comp/H2	4496289599674881199	4.103326166677995e-08
fr100/dp/da1/comp/OH	4533233497189283719	1.2054755526066041e-05
fr100/dp/da1/comp/O	4506517891951237995	1.9645510982246022e-07
fr100/dp/da1/comp/H	4470815315414398514	8.011331800228699e-10
fr100/dp/da1/comp/O2	4593686421157004948	0.12541081691101807
fr100/dp/da1/comp/N2	4605210854977551093	0.7811124449779913
fr100/dp/da1/comp/Ar	4576516852069590693	0.009303721488595438
fr100/dp/da3/T9	4650351969872761088	811.8097473220259
fr100/dp/da3/V9	4652288559619206985	1039.9490231191323
fr100/dp/da3/dS	4555828636130213888	0.0003899339882025288
fr100/dp/da3/comp/CO2	4588247600469115167	0.0561133045121116
fr100/dp/da3/comp/H2O	4588247476626797730	0.05611244518341009
fr100/dp/da3/comp/CO	4489807345856452475	1.4435487242038495e-08
fr100/dp/da3/comp/H2	4483372355267197620	5.620134462088362e-09
fr100/dp/da3/comp/OH	4520805702258531515	1.736179447960232e-06
fr100/dp/da3/comp/O	4493709446314846693	2.688078067990125e-08
fr100/dp/da3/comp/H	4457963637562910024	1.0866058715687927e-10
fr100/dp/da3/comp/O2	4593686514859645336	0.12541341768173875
fr100/dp/da3/comp/N2	4605210854977551093	0.7811124449779913
fr100/dp/da3/comp/Ar	4576516852069590693	0.009303721488595438
fr100/dp/da10/T9	4650351949589454300	811.8074413770187
fr100/dp/da10/V9	4652288612819363454	1039.9611194342428
fr100/dp/da10/dS	4539719557970919424	3.113512329377954e-05
fr100/dp/da10/comp/CO2	4588247602547417759	0.056113318933232785
fr100/dp/da10/comp/H2O	4588247601937949305	0.056113314704195845
fr100/dp/da10/comp/CO	4444937777441588295	1.436603421726768e-11
fr100/dp/da10/comp/H2	4439424947533666482	6.367767380437061e-12
fr100/dp/da10/comp/OH	4486203829265294227	8.473969119599939e-09
fr100/dp/da10/comp/O	4449646544659529534	2.9686170890808394e-11
fr100/dp/da10/comp/H	4412547656725382155	1.013177751735923e-13
fr100/dp/da10/comp/O2	4593686530543244884	0.12541385298907193
fr100/dp/da10/comp/N2	4605210854977551093	0.7811124449779913
fr100/dp/da10/comp/Ar	4576516852069590693	0.009303721488595438
fr100/dp/da30/T9	4650351923681537948	811.8044959879367
fr100/dp/da30/V9	4652288627261438164	1039.9644031818507
fr100/dp/da30/dS	13769928605903618048	-9.38938686374513e-05
fr100/dp/da30/comp/CO2	4588247602549486142	0.056113318947585075
fr100/dp/da30/comp/H2O	4588247602430296095	0.056113318120537985
fr100/dp/da30/comp/CO	4399723181494688245	1.3747549690562758e-14
fr100/dp/da30/comp/H2	4407091851066657141	4.464962269198629e-14
fr100/dp/da30/comp/OH	4475569240161094005	1.6540323814309046e-09
fr100/dp/da30/comp/O	4415340938141970938	1.594610488440408e-13
fr100/dp/da30/comp/H	4346044254992745830	3.5238464457738625e-18
fr100/dp/da30/comp/O2	4593686530604831953	0.12541385469845648
fr100/dp/da30/comp/N2	4605210854977551093	0.7811124449779913
fr100/dp/da30/comp/Ar	4576516852069590693	0.009303721488595438
fr100/dp/da300/T9	4650351913201979927	811.8033046001245
fr100/dp/da300/V9	4652288633049818936	1039.9657193072617
fr100/dp/da300/dS	13772818392967806976	-0.0001440452601002562
fr100/dp/da300/comp/CO2	4588247602549487217	0.056113318947592535
fr100/dp/da300/comp/H2O	4588247602466534381	0.056113318371991606
fr100/dp/da300/comp/CO	4394471844840259770	6.283914337249154e-15
fr100/dp/da300/comp/H2	4403068494821228342	2.3840192262012854e-14
fr100/dp/da300/comp/OH	4473137531247492274	1.1511667642549702e-09
fr100/dp/da300/comp/O	4411123669382592101	8.334452806548629e-14
fr100/dp/da300/comp/H	4338732904618031038	1.2075702253632672e-18
fr100/dp/da300/comp/O2	4593686530609362225	0.12541385482419679
fr100/dp/da300/comp/N2	4605210854977551093	0.7811124449779913
fr100/dp/da300/comp/Ar	4576516852069590693	0.009303721488595438
fr100/warm/da003/T9	4651997551588769199	998.8907288274985
fr100/warm/da003/V9	4653030470957145031	1208.6401308791117
fr100/warm/da003/dS	13778994770318196736	-0.00037877198226965447
fr100/warm/da003/comp/CO2	4590297628678231373	0.07817646551037179
fr100/warm/da003/comp/H2O	4590287827565688213	0.0780404477502173
fr100/warm/da003/comp/CO	4536274822868600553	1.9155134204479783e-05
fr100/warm/da003/comp/H2	4527526525141880715	5.008081675448346e-06
fr100/warm/da003/comp/OH	4554170296290846436	0.0003000352053744561
fr100/warm/da003/comp/O	4534003380797091117	1.335898908879379e-05
fr100/warm/da003/comp/H	4509161063783732177	2.944199922544265e-07
fr100/warm/da003/comp/O2	4591309634638238847	0.09222086948359907
fr100/warm/da003/comp/N2	4605210854977551093	0.7811124449779913
fr100/warm/da003/comp/Ar	4576516852069590693	0.009303721488595438
fr100/warm/da03/T9	4652000195448925698	999.191300928069
fr100/warm/da03/V9	4653030782903638098	1208.711059299782
fr100/warm/da03/dS	4568131486394679296	0.0025956076994191335
fr100/warm/da03/comp/CO2	4590297951827591341	0.07818095010861965
fr100/warm/da03/comp/H2O	4590290358919644303	0.07807557734328639
fr100/warm/da03/comp/CO	4534777581418277220	1.467053595665254e-05
fr100/warm/da03/comp/H2	4526149426564754492	3.8416338090054175e-06
fr100/warm/da03/comp/OH	4552697888064353181	0.00023217821023849015
fr100/warm/da03/comp/O	4532165130540255622	1.0244872023117102e-05
fr100/warm/da03/comp/H	4507600999319471887	2.251247231445853e-07
fr100/warm/da03/comp/O2	4591310764390376545	0.09223654794404147
fr100/warm/da03/comp/N2	4605210854977551093	0.7811124449779913
fr100/warm/da03/comp/Ar	4576516852069590693	0.009303721488595438
fr100/warm/da1/T9	4652004397087411598	999.6689719207805
fr100/warm/da1/V9	4653031375017974372	1208.8456905127032
fr100/warm/da1/dS	4574021997449543680	0.006394169305025343
fr100/warm/da1/comp/CO2	4590298479039009569	0.07818826663681168
fr100/warm/da1/comp/H2O	4590294537773157134	0.0781335705856174
fr100/warm/da1/comp/CO	4530296105825417159	7.3540077644827995e-06
fr100/warm/da1/comp/H2	4521678732215166097	1.934752831712706e-06
fr100/warm/da1/comp/OH	4548491590231998396	0.0001201182957697435
fr100/warm/da1/comp/O	4527700735616429515	5.155643687147986e-06
fr100/warm/da1/comp/H	4503078821738953293	1.1231648440965225e-07
fr100/warm/da1/comp/O2	4591312632100598068	0.09226246763018225
fr100/warm/da1/comp/N2	4605210854977551093	0.7811124449779913
fr100/warm/da1/comp/Ar	4576516852069590693	0.009303721488595438
fr100/warm/da3/T9	4652007626179216036	1000.0360771567398
fr100/warm/da3/V9	4653032162210504584	1209.024677371579
fr100/warm/da3/dS	4574345254409175040	0.006674550023348047
fr100/warm/da3/comp/CO2	4590298934531197287	0.07819458786074095
fr100/warm/da3/comp/H2O	4590298282244255896	0.07818553556097851
fr100/warm/da3/comp/CO	4517484010392847429	1.0327838352449753e-06
fr100/warm/da3/comp/H2	4508838127427111312	2.7732388388416793e-07
fr100/warm/da3/comp/OH	4536406139191765941	1.960005121341329e-05
fr100/warm/da3/comp/O	4515059167592461515	7.364888578457062e-07
fr100/warm/da3/comp/H	4490260209758260160	1.5468214249031073e-08
fr100/warm/da3/comp/O2	4591314312887216991	0.09228579323022988
fr100/warm/da3/comp/N2	4605210854977551093	0.7811124449779913
fr100/warm/da3/comp/Ar	4576516852069590693	0.009303721488595438
fr100/warm/da10/T9	4652007517995786198	1000.0237781247076
fr100/warm/da10/V9	4653032665056254494	1209.139011257917
fr100/warm/da10/dS	4570011210880909312	0.0034108082480770463
fr100/warm/da10/comp/CO2	4590299008820955650	0.0781956188382438
fr100/warm/da10/comp/H2O	4590298993550561802	0.07819540691895824
fr100/warm/da10/comp/CO	4476305717893159230	1.806332406816249e-09
fr100/warm/da10/comp/H2	4470656401151282217	7.847018303343759e-10
fr100/warm/da10/comp/OH	4511643970371967888	4.2586397257882736e-07
fr100/warm/da10/comp/O	4476734111438670917	1.927199082096601e-09
fr100/warm/da10/comp/H	4446076544195467248	1.7859707038311538e-11
fr100/warm/da10/comp/O2	4591314637377457863	0.09229029643693841
fr100/warm/da10/comp/N2	4605210854977551093	0.7811124449779913
fr100/warm/da10/comp/Ar	4576516852069590693	0.009303721488595438
fr100/warm/da30/T9	4652007254881382492	999.9938654801913
fr100/warm/da30/V9	4653032802715344781	1209.1703113112337
fr100/warm/da30/dS	4567395020665061376	0.002276216601813985
fr100/warm/da30/comp/CO2	4590299008947707008	0.07819562059727225
fr100/warm/da30/comp/H2O	4590299003513736173	0.07819554518577805
fr100/warm/da30/comp/CO	4452372766757268447	4.7303968271771474e-11
fr100/warm/da30/comp/H2	4454202293751315849	6.00463578116135e-11
fr100/warm/da30/comp/OH	4504792994515452239	1.5079745486167916e-07
fr100/warm/da30/comp/O	4459071577662731966	1.295454328131605e-10
fr100/warm/da30/comp/H	4407739153397000880	4.873467471011935e-14
fr100/warm/da30/comp/O2	4591314642307578030	0.09229036485609995
fr100/warm/da30/comp/N2	4605210854977551093	0.7811124449779913
fr100/warm/da30/comp/Ar	4576516852069590693	0.009303721488595438
fr100/warm/da300/T9	4652007146665788887	999.9815627915622
fr100/warm/da300/V9	4653032857775779479	1209.1828306046425
fr100/warm/da300/dS	4566042397685841920	0.0018213674463822827
fr100/warm/da300/comp/CO2	4590299008949209742	0.07819562061812688
fr100/warm/da300/comp/H2O	4590299004868878516	0.07819556399215594
fr100/warm/da300/comp/CO	4448734900810762778	2.6449320528251186e-11
fr100/warm/da300/comp/H2	4450806877233321629	3.718464439982852e-11
fr100/warm/da300/comp/OH	4503147878927445799	1.1323044868930698e-07
fr100/warm/da300/comp/O	4455680841293647033	7.915613690152416e-11
fr100/warm/da300/comp/H	4402659102179550378	2.2548376862393254e-14
fr100/warm/da300/comp/O2	4591314642984564996	0.09229037425118142
fr100/warm/da300/comp/N2	4605210854977551093	0.7811124449779913
fr100/warm/da300/comp/Ar	4576516852069590693	0.009303721488595438
fr100/hot/da003/T9	4653249394876609040	1258.4176670900815
fr100/hot/da003/V9	4653901380169027169	1406.661959362122
fr100/hot/da003/dS	4568705322958716928	0.0028444696391716207
fr100/hot/da003/comp/CO2	4592650715913926932	0.11083211086063144
fr100/hot/da003/comp/H2O	4592643009076215275	0.1107251570021998
fr100/hot/da003/comp/CO	4563150284500149828	0.0011942403665820148
fr100/hot/da003/comp/H2	4552472999866824733	0.00022608260343032283
fr100/hot/da003/comp/OH	4567032100826954566	0.0021188252110485887
fr100/hot/da003/comp/O	4551562805865080625	0.0002014117455784669
fr100/hot/da003/comp/H	4539758356465277653	3.1398032117981783e-05
fr100/hot/da003/comp/O2	4586160610928335510	0.04163190551007749
fr100/hot/da003/comp/N2	4605210854977551093	0.7811124449779913
fr100/hot/da003/comp/Ar	4576516852069590693	0.009303721488595438
fr100/hot/da03/T9	4653265674326797117	1262.1191855135396
fr100/hot/da03/V9	4653904708875237663	1407.4188195276727
fr100/hot/da03/dS	4584549895578370048	0.030852661293636174
fr100/hot/da03/comp/CO2	4592670316956869306	0.11110412997539756
fr100/hot/da03/comp/H2O	4592663188381517378	0.11100520111929149
fr100/hot/da03/comp/CO	4561645212977363357	0.0009222212518158916
fr100/hot/da03/comp/H2	4550595044740145693	0.0001751805277259302
fr100/hot/da03/comp/OH	4565334193903999885	0.0016678002306151657
fr100/hot/da03/comp/O	4549885418515821023	0.00015594607037429286
fr100/hot/da03/comp/H	4537745779691615315	2.4138929776807847e-05
fr100/hot/da03/comp/O2	4586156606502198588	0.041604119221967356
fr100/hot/da03/comp/N2	4605210854977551093	0.7811124449779913
fr100/hot/da03/comp/Ar	4576516852069590693	0.009303721488595438
fr100/hot/da1/T9	4653291842767143943	1268.0691999758144
fr100/hot/da1/V9	4653911034456647324	1408.8570902221027
fr100/hot/da1/dS	4589403114013003776	0.06576258079536501
fr100/hot/da1/comp/CO2	4592702622821491820	0.1115524639095768
fr100/hot/da1/comp/H2O	4592696979381494223	0.11147414544678401
fr100/hot/da1/comp/CO	4557377301712420939	0.00047388731763664944
fr100/hot/da1/comp/H2	4546340743439919125	9.09688862115457e-05
fr100/hot/da1/comp/OH	4561534667928768391	0.0009102359336314738
fr100/hot/da1/comp/O	4545589910373147763	8.07932006844524e-05
fr100/hot/da1/comp/H	4533341579926094432	1.223785480428222e-05
fr100/hot/da1/comp/O2	4586150513233143807	0.04156183867446827
fr100/hot/da1/comp/N2	4605210854977551093	0.7811124449779913
fr100/hot/da1/comp/Ar	4576516852069590693	0.009303721488595438
fr100/hot/da3/T9	4653312908889089528	1272.8590815499174
fr100/hot/da3/V9	4653919487682107301	1410.779131164288
fr100/hot/da3/dS	4589441022682669056	0.0662886692690563
fr100/hot/da3/comp/CO2	4592731418592878673	0.11195208551464587
fr100/hot/da3/comp/H2O	4592728713146396052	0.11191453990243466
fr100/hot/da3/comp/CO	4545108266762200725	7.426571256754563e-05
fr100/hot/da3/comp/H2	4534969892563712155	1.4996323709267747e-05
fr100/hot/da3/comp/OH	4551209186155654475	0.0001918268641486288
fr100/hot/da3/comp/O	4533895852553779555	1.317682915910325e-05
fr100/hot/da3/comp/H	4521121905034675085	1.803137990311952e-06
fr100/hot/da3/comp/O2	4586146622798986774	0.04153484336461248
fr100/hot/da3/comp/N2	4605210854977551093	0.7811124449779913
fr100/hot/da3/comp/Ar	4576516852069590693	0.009303721488595438
fr100/hot/da10/T9	4653313331120351588	1272.955085823859
fr100/hot/da10/V9	4653924962684553860	1412.0240025936228
fr100/hot/da10/dS	4584983296924000256	0.03346264854241099
fr100/hot/da10/comp/CO2	4592736721415027585	0.11202567695521105
fr100/hot/da10/comp/H2O	4592736136824152773	0.11201756412709603
fr100/hot/da10/comp/CO	4514471546006480502	6.742720023652382e-07
fr100/hot/da10/comp/H2	4508336047174239206	2.5074397661239016e-07
fr100/hot/da10/comp/OH	4535658309382634979	1.706630526432201e-05
fr100/hot/da10/comp/O	4506630716109055682	1.9944154041364146e-07
fr100/hot/da10/comp/H	4484323638204940508	6.407017265241768e-09
fr100/hot/da10/comp/O2	4586147424243815770	0.04154040450525072
fr100/hot/da10/comp/N2	4605210854977551093	0.7811124449779913
fr100/hot/da10/comp/Ar	4576516852069590693	0.009303721488595438
fr100/hot/da30/T9	4653311869417390912	1272.6227330492839
fr100/hot/da30/V9	4653926469744828296	1412.3666684273358
fr100/hot/da30/dS	4581977012723892224	0.021926180716434374
fr100/hot/da30/comp/CO2	4592736761499707388	0.1120262332418917
fr100/hot/da30/comp/H2O	4592736447264402888	0.11202187235101413
fr100/hot/da30/comp/CO	4503507146975192470	1.1798532171020013e-07
fr100/hot/da30/comp/H2	4499580249732625876	6.601326944557564e-08
fr100/hot/da30/comp/OH	4531327170375283588	8.825312286681179e-06
fr100/hot/da30/comp/O	4497637880552257715	4.995543608311467e-08
fr100/hot/da30/comp/H	4466563296486953305	4.1357300735335484e-10
fr100/hot/da30/comp/O2	4586147678316621323	0.04154216748949232
fr100/hot/da30/comp/N2	4605210854977551093	0.7811124449779913
fr100/hot/da30/comp/Ar	4576516852069590693	0.009303721488595438
fr100/hot/da300/T9	4653311250843044601	1272.4820855266282
fr100/hot/da300/V9	4653927068710096347	1412.5028573617953
fr100/hot/da300/dS	4580648447345868800	0.017316793615179904
fr100/hot/da300/comp/CO2	4592736764341909163	0.11202627268536484
fr100/hot/da300/comp/H2O	4592736509647841694	0.1120227380951406
fr100/hot/da300/comp/CO	4500526882410223193	7.854184861545822e-08
fr100/hot/da300/comp/H2	4497158929074589548	4.6786001069668814e-08
fr100/hot/da300/comp/OH	4530034534102099531	7.132447896762683e-06
fr100/hot/da300/comp/O	4495396725324786650	3.5124714852027186e-08
fr100/hot/da300/comp/H	4463288050135878314	2.4424673966933736e-10
fr100/hot/da300/comp/O2	4586147736143381804	0.041542568743248104
fr100/hot/da300/comp/N2	4605210854977551093	0.7811124449779913
fr100/hot/da300/comp/Ar	4576516852069590693	0.009303721488595438
fr100/vhot/da003/T9	4653542446741222206	1325.0499466426695
fr100/vhot/da003/V9	4654108021731994934	1453.6468110334367
fr100/vhot/da003/dS	4573566319573073920	0.005998931750127667
fr100/vhot/da003/comp/CO2	4593256784964269464	0.11924300853816872
fr100/vhot/da003/comp/H2O	4593330626476888886	0.12026776538170911
fr100/vhot/da003/comp/CO	4569256736667880417	0.0030836072157369586
fr100/vhot/da003/comp/H2	4558263346319660765	0.0005555585340821474
fr100/vhot/da003/comp/OH	4568883500471428781	0.0029217418177197225
fr100/vhot/da003/comp/O	4554157675751142271	0.0002993510445461963
fr100/vhot/da003/comp/H	4545888648592096010	8.484185850930414e-05
fr100/vhot/da003/comp/O2	4583455176713708075	0.02705459226538857
fr100/vhot/da003/comp/N2	4605210854977551093	0.7811124449779913
fr100/vhot/da003/comp/Ar	4576516852069590693	0.009303721488595438
fr100/vhot/da03/T9	4653574071027606172	1332.2404768710612
fr100/vhot/da03/V9	4654114269319519912	1455.0673479716443
fr100/vhot/da03/dS	4588375421591756800	0.057000241720800204
fr100/vhot/da03/comp/CO2	4593306835373452287	0.11993759749650222
fr100/vhot/da03/comp/H2O	4593362240413813023	0.12070649689011191
fr100/vhot/da03/comp/CO	4567655123574030213	0.00238901825740351
fr100/vhot/da03/comp/H2	4556605730113929462	0.0004320603374710208
fr100/vhot/da03/comp/OH	4567474649438980009	0.0023107500776839607
fr100/vhot/da03/comp/O	4552708088242065435	0.00023245468660937425
fr100/vhot/da03/comp/H	4544451655821416554	6.536697496159626e-05
fr100/vhot/da03/comp/O2	4583389541992227853	0.02682687608100669
fr100/vhot/da03/comp/N2	4605210854977551093	0.7811124449779913
fr100/vhot/da03/comp/Ar	4576516852069590693	0.009303721488595438
fr100/vhot/da1/T9	4653624953536551199	1343.8098199456651
fr100/vhot/da1/V9	4654126111762852949	1457.760007838505
fr100/vhot/da1/dS	4593265647808552960	0.11936600521050877
fr100/vhot/da1/comp/CO2	4593389588897566497	0.12108603334450808
fr100/vhot/da1/comp/H2O	4593415226872857189	0.1214418317254143
fr100/vhot/da1/comp/CO	4563363999451068275	0.0012405824093976974
fr100/vhot/da1/comp/H2	4552510062880874092	0.00022708719843910223
fr100/vhot/da1/comp/OH	4563555131585378049	0.001282027584447787
fr100/vhot/da1/comp/O	4548601736753874153	0.00012161105949861122
fr100/vhot/da1/comp/H	4540048788429189117	3.336607565693204e-05
fr100/vhot/da1/comp/O2	4583282290811669791	0.026454773799526096
fr100/vhot/da1/comp/N2	4605210854977551093	0.7811124449779913
fr100/vhot/da1/comp/Ar	4576516852069590693	0.009303721488595438
fr100/vhot/da3/T9	4653666250250219479	1353.1996055161487
fr100/vhot/da3/V9	4654141872950662797	1461.3436870401813
fr100/vhot/da3/dS	4593205671369838592	0.11853366492056239
fr100/vhot/da3/comp/CO2	4593464200544637735	0.12212147795055427
fr100/vhot/da3/comp/H2O	4593465303541255375	0.12213678510356661
fr100/vhot/da3/comp/CO	4551700273133365911	0.00020513780335148078
fr100/vhot/da3/comp/H2	4541011225915904763	3.988780574429824e-05
fr100/vhot/da3/comp/OH	4554073726824841556	0.0002948001641325433
fr100/vhot/da3/comp/O	4536795818637180490	2.0920336529948917e-05
fr100/vhot/da3/comp/H	4527617954149386082	5.085525057140152e-06
fr100/vhot/da3/comp/O2	4583189699708561433	0.02613353387906878
fr100/vhot/da3/comp/N2	4605210854977551093	0.7811124449779913
fr100/vhot/da3/comp/Ar	4576516852069590693	0.009303721488595438
fr100/vhot/da10/T9	4653667695708819076	1353.5282647506401
fr100/vhot/da10/V9	4654152035629549044	1463.6544126908966
fr100/vhot/da10/dS	4588657804498812928	0.05895966675313957
fr100/vhot/da10/comp/CO2	4593478747736492504	0.12232336079231432
fr100/vhot/da10/comp/H2O	4593477602185800542	0.12230746308288817
fr100/vhot/da10/comp/CO	4524795987013828929	3.2549615914397006e-06
fr100/vhot/da10/comp/H2	4517885185684746374	1.1177360077106672e-06
fr100/vhot/da10/comp/OH	4540443323060453357	3.603954630904114e-05
fr100/vhot/da10/comp/O	4512996852185029520	5.181327206300717e-07
fr100/vhot/da10/comp/H	4494671218086594054	3.032371067842873e-08
fr100/vhot/da10/comp/O2	4583176239638304964	0.026086834879344392
fr100/vhot/da10/comp/N2	4605210854977551093	0.7811124449779913
fr100/vhot/da10/comp/Ar	4576516852069590693	0.009303721488595438
fr100/vhot/da30/T9	4653665014371903328	1352.9185993210049
fr100/vhot/da30/V9	4654154814467151356	1464.2862472099941
fr100/vhot/da30/dS	4585657785033687040	0.038142849974974524
fr100/vhot/da30/comp/CO2	4593478927955513879	0.12232586183365189
fr100/vhot/da30/comp/H2O	4593478236024442005	0.12231625936105879
fr100/vhot/da30/comp/CO	4515223802473027427	7.539202538590317e-07
fr100/vhot/da30/comp/H2	4510323404045329987	3.5595377334777196e-07
fr100/vhot/da30/comp/OH	4536523486151295033	1.999763817733832e-05
fr100/vhot/da30/comp/O	4505080834700991193	1.584165211334068e-07
fr100/vhot/da30/comp/H	4479908196418016102	3.2399698608516583e-09
fr100/vhot/da30/comp/O2	4583176975246154527	0.02608938703175589
fr100/vhot/da30/comp/N2	4605210854977551093	0.7811124449779913
fr100/vhot/da30/comp/Ar	4576516852069590693	0.009303721488595438
fr100/vhot/da300/T9	4653663874234594178	1352.6593621105135
fr100/vhot/da300/V9	4654155911509519775	1464.5356857654185
fr100/vhot/da300/dS	4584267274776215552	0.029872123413042573
fr100/vhot/da300/comp/CO2	4593478944810466391	0.12232609574310636
fr100/vhot/da300/comp/H2O	4593478371907498125	0.1223181451172783
fr100/vhot/da300/comp/CO	4513014590137344300	5.200107993835022e-07
fr100/vhot/da300/comp/H2	4508501318513407041	2.5949336845688993e-07
fr100/vhot/da300/comp/OH	4535467635954282752	1.6420278560400937e-05
fr100/vhot/da300/comp/O	4503257372211193457	1.1467958023364026e-07
fr100/vhot/da300/comp/H	4476929373515055582	2.0079575840727227e-09
fr100/vhot/da300/comp/O2	4583177191625148741	0.026090137747197834
fr100/vhot/da300/comp/N2	4605210854977551093	0.7811124449779913
fr100/vhot/da300/comp/Ar	4576516852069590693	0.009303721488595438
fr400/dp/da03/T9	4650351373542975880	811.7419524745064
fr400/dp/da03/V9	4652288346948985357	1039.9006675091834
fr400/dp/da03/dS	4555700212456751104	0.0003829721269141828
fr400/dp/da3/T9	4650352085051398830	811.8228416171239
fr400/dp/da3/V9	4652288496208956899	1039.9346052975095
fr400/dp/da3/dS	4561805152999440384	0.0009395619837562208
fr400/dp/da30/T9	4650352038645055022	811.8175658266462
fr400/dp/da30/V9	4652288563890874210	1039.9499943838096
fr400/dp/da30/dS	4557032164148379648	0.0004551773727996533
fr400/warm/da03/T9	4652000374900842243	999.2117022489841
fr400/warm/da03/V9	4653030694334925990	1208.6909211061807
fr400/warm/da03/dS	4569831481605357568	0.0033328630996720676
fr400/warm/da3/T9	4652007803786498881	1000.0562687670828
fr400/warm/da3/V9	4653032074982894239	1209.0048441092147
fr400/warm/da3/dS	4575181284987502592	0.007399690958777683
fr400/warm/da30/T9	4652007428149134130	1000.0135637429541
fr400/warm/da30/V9	4653032715852991269	1209.150561098658
fr400/warm/da30/dS	4569050172324642816	0.0029940242118584592
fr400/hot/da03/T9	4653265827442184240	1262.1539999218767
fr400/hot/da03/V9	4653904594753737062	1407.392871302634
fr400/hot/da03/dS	4584745635906707456	0.03181354395832159
fr400/hot/da3/T9	4653313048626697676	1272.8908542034796
fr400/hot/da3/V9	4653919396227360503	1410.7583367623718
fr400/hot/da3/dS	4589496735593345024	0.0670618412215731
fr400/hot/da30/T9	4653311969045378255	1272.645385830943
fr400/hot/da30/V9	4653926382199456439	1412.3467629143686
fr400/hot/da30/dS	4582171679989235712	0.022601568466825483
census/negative_ds	4622945017495814144	12.0
clock/free/0/0	4563094555599375633	0.0011821560875240925
clock/killT/0/0	4573549871352669322	0.005984665193090719
clock/killM/0/0	4549346754520356401	0.00014134555352123123
clock/free/0/1	4551233203699266704	0.0001924778609726824
clock/killT/0/1	4562126653807154822	0.0009744191711742046
clock/killM/0/1	4549346754520356401	0.00014134555352123123
clock/free/0/2	4539637853817443833	3.058147441440876e-05
clock/killT/0/2	4549843826415013328	0.00015481871422294438
clock/killM/0/2	4549346754520356401	0.00014134555352123123
clock/free/0/3	4520543353894503650	1.6806250209627654e-06
clock/killT/0/3	4531139959169931287	8.508164168624e-06
clock/killM/0/3	4549346754520356401	0.00014134555352123123
clock/free/0/4	4503004703347698959	1.1133553566918497e-07
clock/killT/0/4	4513426619918081028	5.636361493252489e-07
clock/killM/0/4	4549346754520356401	0.00014134555352123123
clock/free/1/0	4571521776210509700	0.004225573065781311
clock/killT/1/0	4577676135476970251	0.011314757630687141
clock/killM/1/0	4553565173573315324	0.0002672314371260779
clock/free/1/1	4559484949085203599	0.0006880049713137315
clock/killT/1/1	4566138753327110604	0.0018422612455012309
clock/killM/1/1	4553565173573315324	0.0002672314371260779
clock/free/1/2	4547694251830798257	0.00010931234543490213
clock/killT/1/2	4554035061848733201	0.00029270413157775436
clock/killM/1/2	4553565173573315324	0.0002672314371260779
clock/free/1/3	4528706231431084745	6.007331770487269e-06
clock/killT/1/3	4535368899925129287	1.6085747881304753e-05
clock/killM/1/3	4553565173573315324	0.0002672314371260779
clock/free/1/4	4511116968781072872	3.9796474065735796e-07
clock/killT/1/4	4517639096495127293	1.065624594818049e-06
clock/killM/1/4	4553565173573315324	0.0002672314371260779
clock/free/2/0	4577545033018231797	0.011087331117755264
clock/killT/2/0	4580939918451397883	0.01832803715384033
clock/killM/2/0	4556620679727725054	0.0004328707576587708
clock/free/2/1	4565967985212188737	0.0018052318132633224
clock/killT/2/1	4569027424030118464	0.0029841587117210022
clock/killM/2/1	4556620679727725054	0.0004328707576587708
clock/free/2/2	4553926533195912789	0.00028682078151951357
clock/killT/2/2	4557381821066418473	0.0004741323123077673
clock/killM/2/2	4556620679727725054	0.0004328707576587708
clock/free/2/3	4535273471710282758	1.5762424513014065e-05
clock/killT/2/3	4538311673555548901	2.6056252766411005e-05
clock/killM/2/3	4556620679727725054	0.0004328707576587708
clock/free/2/4	4517537947922086949	1.0442055513348167e-06
clock/killT/2/4	4520758272034315492	1.7261357073085744e-06
clock/killM/2/4	4556620679727725054	0.0004328707576587708
clock/free/3/0	4582605069413687021	0.02410519008449701
clock/killT/3/0	4583446504293217153	0.02702450376255028
clock/killM/3/0	4559026165129067535	0.00063826351511931
clock/free/3/1	4571174997955202392	0.003924790875561378
clock/killT/3/1	4571723005405213397	0.004400111569833516
clock/killM/3/1	4559026165129067535	0.00063826351511931
clock/free/3/2	4558890759827544535	0.0006235828429115808
clock/killT/3/2	4559587312697645081	0.0006991032564129834
clock/killM/3/2	4559026165129067535	0.00063826351511931
clock/free/3/3	4540182096292671295	3.4269404876911904e-05
clock/killT/3/3	4540794568623364595	3.8419678823942755e-05
clock/killM/3/3	4559026165129067535	0.00063826351511931
clock/free/3/4	4522470851359779047	2.270228338531737e-06
clock/killT/3/4	4523120037791443421	2.5451694867968258e-06
clock/killM/3/4	4559026165129067535	0.00063826351511931
clock/free/4/0	4586815768179878514	0.046177972168909856
clock/killT/4/0	4585551328222502538	0.03740415745681698
clock/killM/4/0	4561287239683330736	0.0008834097095076956
clock/free/4/1	4575318454383219367	0.007518666444245404
clock/killT/4/1	4573671452259607447	0.006090119819838777
clock/killM/4/1	4561287239683330736	0.0008834097095076956
clock/free/4/2	4563151891570028820	0.0011945888443128426
clock/killT/4/2	4562063914518732180	0.0009676169638934023
clock/killM/4/2	4561287239683330736	0.0008834097095076956
clock/free/4/3	4544472496209080733	6.564941488135805e-05
clock/killT/4/3	4542972221109875110	5.317602605390001e-05
clock/killM/4/3	4561287239683330736	0.0008834097095076956
clock/free/4/4	4526748471211975025	4.349044362077538e-06
clock/killT/4/4	4525428227690442694	3.5227259332828058e-06
clock/killM/4/4	4561287239683330736	0.0008834097095076956
clock/free/5/0	4590484192737376284	0.08076556193574941
clock/killT/5/0	4587289766790215904	0.04946699823664047
clock/killM/5/0	4563030698751217774	0.001168309340823927
clock/free/5/1	4578734192854633761	0.01315019460265049
clock/killT/5/1	4575796542438596019	0.008054183461736785
clock/killM/5/1	4563030698751217774	0.001168309340823927
clock/free/5/2	4566964120295017512	0.002089343354883439
clock/killT/5/2	4563544274986126984	0.0012796734347490252
clock/killM/5/2	4563030698751217774	0.001168309340823927
clock/free/5/3	4548100736277425557	0.00011482123693633822
clock/killT/5/3	4544817515224433222	7.032529445628278e-05
clock/killM/5/3	4563030698751217774	0.001168309340823927
clock/free/5/4	4530594202855924132	7.606505770800876e-06
clock/killT/5/4	4527114172080746514	4.658805046766511e-06
clock/killM/5/4	4563030698751217774	0.001168309340823927
clock/no_oh_is_inf	4607182418800017408	1.0
fz/cold/T9	4649287323852613110	690.7735079984984
fz/cold/V9	4651232345642234259	911.8968845601652
fz/cold/dS	13760123622649757696	-2.0770469831177252e-05
fz/cold/s_freeze	0	0.0
fz/cold/Da_entry	4589375240377409999	0.06537575639516223
fz/cold/Da_exit	4577984804155590235	0.011850212433787968
fz/cold/co_entry	4504685573237530646	1.4795403731056196e-07
fz/cold/co_exit	4504515309983233907	1.434472064950596e-07
fz/cold/bracket_filled	4592517719206070310	0.10898641076985935
fz/dp/T9	4650351206863954256	811.7230032636235
fz/dp/V9	4652288330647044279	1039.8969608769237
fz/dp/dS	4548562886668058624	0.00012108454265558066
fz/dp/s_freeze	0	0.0
fz/dp/Da_entry	4599252186442003193	0.30978367227525855
fz/dp/Da_exit	4586000840671715290	0.04052327665038975
fz/dp/co_entry	4527661933814733633	5.122777282698746e-06
fz/dp/co_exit	4526933672134686291	4.505915645475878e-06
fz/dp/bracket_filled	4591847277760757245	0.09968216665424019
fz/warm/T9	4652001230845052724	999.3090118395398
fz/warm/V9	4653031007189622678	1208.7620560284463
fz/warm/dS	4569529875324272640	0.0032020622255970466
fz/warm/s_freeze	4593131187962621461	0.11750000000000001
fz/warm/Da_entry	4609193091539934391	1.4464590341683967
fz/warm/Da_exit	4592366765932247328	0.10689151326684909
fz/warm/co_entry	4553290394884093731	0.00025233565453573937
fz/warm/co_exit	4550006018063131913	0.00015921492765417374
fz/warm/bracket_filled	4598588615517911608	0.27294808635534507
fz/hot/T9	4653287581223953125	1267.100237237458
fz/hot/V9	4653914187078335627	1409.5739134026542
fz/hot/dS	4585849128802861056	0.039470564088446736
fz/hot/s_freeze	4600472055355235369	0.3775
fz/hot/Da_entry	4616753870549790451	4.50115688934942
fz/hot/Da_exit	4595243988526387359	0.1686419958083478
fz/hot/co_entry	4577478271393319923	0.010971518159726279
fz/hot/co_exit	4571428698303734758	0.0041448408507926745
fz/hot/bracket_filled	4602703331145565837	0.5027213756713579
fz/vhot/T9	4653619911309406426	1342.6633502273385
fz/vhot/V9	4654133482068882112	1459.4358214094973
fz/vhot/dS	4589748741240729600	0.07055912212234716
fz/vhot/s_freeze	4600922415317972419	0.4025
fz/vhot/Da_entry	4617488630618551552	5.15375492608041
fz/vhot/Da_exit	4595426671133099940	0.17371245671261903
fz/vhot/co_entry	4583132475058144845	0.025934995990104338
fz/vhot/co_exit	4576545938227830815	0.009354177930120553
fz/vhot/bracket_filled	4602962711177523646	0.5315183440321147
census/frozen_from_entry	4611686018427387904	2.0
fzlim/dp/slow/V9	4652288308684559276	1039.8919671859867
fzlim/dp/slow/T9	4650351079572834162	811.7085319387099
fzlim/dp/slow/s_freeze	0	0.0
fzlim/dp/fast/V9	4652288570393108710	1039.9514728207664
fzlim/dp/fast/T9	4650352026297556408	811.816162078575
fzlim/dp/fast/s_freeze	4607182418800017408	1.0
fzlim/hot/slow/V9	4653900849769277146	1406.541360421505
fzlim/hot/slow/T9	4653247427982322673	1257.970447106982
fzlim/hot/slow/s_freeze	0	0.0
fzlim/hot/fast/V9	4653927064542347139	1412.5019097253396
fzlim/hot/fast/T9	4653311256624421512	1272.4834000595456
fzlim/hot/fast/s_freeze	4607182418800017408	1.0
red/dp/da05/fr_T9	4650351408055653912	811.7458761117332
red/dp/da05/fz_T9	4650351408055653912	811.7458761117332
red/dp/da05/fr_V9	4652288431933112207	1039.9199906624597
red/dp/da05/fz_V9	4652288431933112207	1039.9199906624597
red/dp/da05/fr_dS	4538744479217090560	2.752265538674692e-05
red/dp/da05/fz_dS	4538744479217090560	2.752265538674692e-05
red/dp/da05/fz_s_freeze	0	0.0
red/dp/da2/fr_T9	4650351900767379597	811.8018909497347
red/dp/da2/fz_T9	4650351900767379597	811.8018909497347
red/dp/da2/fr_V9	4652288529106283608	1039.9420852835956
red/dp/da2/fz_V9	4652288529106283608	1039.9420852835956
red/dp/da2/fr_dS	4556946914352300032	0.00045055597209398
red/dp/da2/fz_dS	4556946914352300032	0.00045055597209398
red/dp/da2/fz_s_freeze	4607182418800017408	1.0
red/dp/da300/fr_T9	4650351913201979927	811.8033046001245
red/dp/da300/fz_T9	4650351913201979927	811.8033046001245
red/dp/da300/fr_V9	4652288633049818936	1039.9657193072617
red/dp/da300/fz_V9	4652288633049818936	1039.9657193072617
red/dp/da300/fr_dS	13772818392967806976	-0.0001440452601002562
red/dp/da300/fz_dS	13772818392967806976	-0.0001440452601002562
red/dp/da300/fz_s_freeze	4607182418800017408	1.0
red/hot/da05/fr_T9	4653275150103369970	1264.273727660588
red/hot/da05/fz_T9	4653275150103369970	1264.273727660588
red/hot/da05/fr_V9	4653906816592696914	1407.8980589931784
red/hot/da05/fz_V9	4653906816592696914	1407.8980589931784
red/hot/da05/fr_dS	4586688824851374080	0.045297125880608746
red/hot/da05/fz_dS	4586688824851374080	0.045297125880608746
red/hot/da05/fz_s_freeze	0	0.0
red/hot/da2/fr_T9	4653307623797277842	1271.6573907996394
red/hot/da2/fz_T9	4653307623797277842	1271.6573907996394
red/hot/da2/fr_V9	4653916421022647342	1410.0818535315443
red/hot/da2/fz_V9	4653916421022647342	1410.0818535315443
red/hot/da2/fr_dS	4589933434082439168	0.07312225018921481
red/hot/da2/fz_dS	4589933434082439168	0.07312225018921481
red/hot/da2/fz_s_freeze	4607182418800017408	1.0
red/hot/da300/fr_T9	4653311250843044601	1272.4820855266282
red/hot/da300/fz_T9	4653311250843044601	1272.4820855266282
red/hot/da300/fr_V9	4653927068710096347	1412.5028573617953
red/hot/da300/fz_V9	4653927068710096347	1412.5028573617953
red/hot/da300/fr_dS	4580648447345868800	0.017316793615179904
red/hot/da300/fz_dS	4580648447345868800	0.017316793615179904
red/hot/da300/fz_s_freeze	4607182418800017408	1.0
state/dp/V9_frozen	4652288304451292378	1039.891004652533
state/dp/V9_finite	4652288559619206985	1039.9490231191323
state/dp/V9_irrev_fast	4652288567244054416	1039.9507568087174
state/dp/V9_reversible	4652288616425223280	1039.9619393118446
state/dp/T_star_entry	4653268780935720304	1262.8255466025694
state/dp/dS_finite	4555828636130213888	0.0003899339882025288
state/dp/attainable_gap	4588772014262255616	0.05975215618445873
state/dp/unreachable_gap	4577599895946395648	0.011182503127201926
state/dp/finite_filled	4606921077811911784	0.9709853217726847
state/dp/co_entry	4527661933814733633	5.122777282698746e-06
state/dp/co_exit	4508459055570018818	2.572559868632794e-07
state/hot/V9_frozen	4653900841345945306	1406.539445177585
state/hot/V9_finite	4653919487682107301	1410.779131164288
state/hot/V9_irrev_fast	4653927388322135643	1412.575528725886
state/hot/V9_reversible	4653929315186485835	1413.0136469552697
state/hot/T_star_entry	4656527696657059076	2003.8171921230978
state/hot/dS_finite	4589441022682669056	0.0662886692690563
state/hot/attainable_gap	4618482044332114176	6.036083548300894
state/hot/unreachable_gap	4601564056296292352	0.43811822938369005
state/hot/finite_filled	4604501788114811089	0.7023902092767235
state/hot/co_entry	4577478271393319923	0.010971518159726279
state/hot/co_exit	4559253680174691579	0.0006629307457931827
roots/march_distinct	4632092954238910464	49.0
roots/reference_distinct	4624633867356078080	15.0
roots/clock_free_distinct	4629137466983448576	30.0
roots/clock_killT_distinct	4629137466983448576	30.0
roots/clock_killM_distinct	4618441417868443648	6.0
