# phase-4G NO-march oracle — key	u64 bits	repr
# pypy 3.11.15
clock/free/0/0	4721314337268570864	45042689.23149669
clock/killT/0/0	4620313227900654896	7.662501276388227
clock/killc/0/0	4759463390979219818	15574997145.360065
clock/free/0/1	4715644056912634103	18175120.21621796
clock/killT/0/1	4614144728199496033	3.0918864799461265
clock/killc/0/1	4759463390979219818	15574997145.360065
clock/free/0/2	4709536871420572129	7244628.337933035
clock/killT/0/2	4608229191700902600	1.2324302752232814
clock/killc/0/2	4759463390979219818	15574997145.360065
clock/free/0/3	4700045087416750116	1698330.9054498756
clock/killT/0/3	4598876231534565352	0.288913982552343
clock/killc/0/3	4759463390979219818	15574997145.360065
clock/free/0/4	4691253330904105549	437123.1444406852
clock/killT/0/4	4590022754985801643	0.07436182673288154
clock/killc/0/4	4759463390979219818	15574997145.360065
clock/free/1/0	4674801462831680694	33241.29828598483
clock/killT/1/0	4622120824567629458	10.535939255033814
clock/killc/1/0	4710733927667437610	8359473.843723336
clock/free/1/1	4668599574518986580	13413.155448730722
clock/killT/1/1	4616472606139529460	4.251343909925925
clock/killc/1/1	4710733927667437610	8359473.843723336
clock/free/1/2	4662600556391440046	5346.502521522036
clock/killT/1/2	4610310581398998483	1.694591628432012
clock/killc/1/2	4710733927667437610	8359473.843723336
clock/free/1/3	4653227152900251197	1253.3604271764773
clock/killT/1/3	4600827960890812639	0.39725672600947165
clock/killc/1/3	4710733927667437610	8359473.843723336
clock/free/1/4	4644382765300266725	322.59487788086545
clock/killT/1/4	4592032130356790412	0.10224751175771213
clock/killc/1/4	4710733927667437610	8359473.843723336
clock/free/2/0	4647774838589856893	518.8238413751966
clock/killT/2/0	4623738426343867018	13.409377233679397
clock/killc/2/0	4681781159939575007	102514.55720572498
clock/free/2/1	4641569863843548236	209.34997108121968
clock/killT/2/1	4617778039151931702	5.410801339905722
clock/killc/2/1	4681781159939575007	102514.55720572498
clock/free/2/2	4635572490991702721	83.44719127013651
clock/killT/2/2	4612038994762241134	2.156752981640742
clock/killc/2/2	4681781159939575007	102514.55720572498
clock/free/2/3	4626199490402398372	19.56221041250741
clock/killT/2/3	4602729254709853418	0.5055994694666002
clock/killc/2/3	4681781159939575007	102514.55720572498
clock/free/2/4	4617354923675260276	5.03499930448503
clock/killT/2/4	4593856562822842548	0.13013319678254265
clock/killc/2/4	4681781159939575007	102514.55720572498
clock/free/3/0	4630088829164497411	34.75983486821135
clock/killT/3/0	4625276422714801985	16.28281521232498
clock/killc/3/0	4662941039101043683	5656.169741951834
clock/free/3/1	4624085496838263974	14.025898280155456
clock/killT/3/1	4619083472164333943	6.570258769885519
clock/killc/3/1	4662941039101043683	5656.169741951834
clock/free/3/2	4617980635079972768	5.590742671110917
clock/killT/3/2	4613079689611289076	2.618914334849473
clock/killc/3/2	4662941039101043683	5656.169741951834
clock/free/3/3	4608581312164906817	1.3106167245391165
clock/killT/3/3	4603705119387977062	0.6139422129237289
clock/killc/3/3	4662941039101043683	5656.169741951834
clock/free/3/4	4599748448146224134	0.33733173078854894
clock/killT/3/4	4594861250508336932	0.15801888180737322
clock/killc/3/4	4662941039101043683	5656.169741951834
clock/free/4/0	4617583621271401111	5.238123574014614
clock/killT/4/0	4626085223602920766	19.156253190970567
clock/killc/4/0	4649583999964642341	724.5016770026456
clock/free/4/1	4611941887761852629	2.113628810567301
clock/killT/4/1	4620388905176736186	7.729716199865317
clock/killc/4/1	4649583999964642341	724.5016770026456
clock/free/4/2	4605763743484426278	0.8424954000163367
clock/killT/4/2	4614120384460337016	3.0810756880582026
clock/killc/4/2	4649583999964642341	724.5016770026456
clock/free/4/3	4596283816508885786	0.19750302000382974
clock/killT/4/3	4604680984066100706	0.7222849563808575
clock/killc/4/3	4649583999964642341	724.5016770026456
clock/free/4/4	4587486788450467379	0.05083411063389711
clock/killT/4/4	4595865938193831316	0.1859045668322038
clock/killc/4/4	4649583999964642341	724.5016770026456
clock/free/5/0	4608522396317854180	1.2975347785564901
clock/killT/5/0	4626894024491039547	22.029691169616154
clock/killc/5/0	4639694803948153518	156.05756356970727
clock/free/5/1	4602891088820355965	0.5235666650315661
clock/killT/5/1	4621193777935633663	8.889173629845116
clock/killc/5/1	4639694803948153518	156.05756356970727
clock/free/5/2	4596687028645207713	0.20869440494265226
clock/killT/5/2	4615161079309384959	3.543237041266934
clock/killc/5/2	4639694803948153518	156.05756356970727
clock/free/5/3	4587211432148700251	0.04892344247016275
clock/killT/5/3	4605656848744224349	0.8306276998379861
clock/killc/5/3	4639694803948153518	156.05756356970727
clock/free/5/4	4578412478791808797	0.012592109665316148
clock/killT/5/4	4596870625879325702	0.21379025185703443
clock/killc/5/4	4639694803948153518	156.05756356970727
clock/no_radicals_is_inf	4607182418800017408	1.0
exact/cold/0/tau	4729321422679217344	150365041.71988487
exact/cold/0/beta	4585923840230303453	0.03998897875687899
exact/cold/0/a	4620810834837893590	8.208930039073419
exact/cold/0/surrogate	4724029806057039018	65274508.298409775
exact/cold/0/ratio	4612369619466190180	2.3035798451743847
exact/cold/1/tau	4734751620213242747	355959622.51555604
exact/cold/1/beta	4584775438537210380	0.03202034124943873
exact/cold/1/a	4623284700502552832	12.60339823224831
exact/cold/1/surrogate	4730163277313697558	175454264.9402396
exact/cold/1/ratio	4611750844719632478	2.028788656900402
exact/cold/2/tau	4740688991244856637	882838115.5091931
exact/cold/2/beta	4582954956787209023	0.025319105766089974
exact/cold/2/a	4626254690871622529	19.75832187459628
exact/cold/2/surrogate	4737014783093920907	490854642.0872275
exact/cold/2/ratio	4610778873785819186	1.7985734264530149
exact/cold/3/tau	4747124776191511345	2305206570.8060536
exact/cold/3/beta	4581350566310338865	0.0197527581163694
exact/cold/3/a	4629608794353836216	31.67449119596924
exact/cold/3/surrogate	4743798405024504936	1433276422.2009525
exact/cold/3/ratio	4609922172438273012	1.6083475141983827
exact/cold/4/tau	4753471251521725337	6367916367.743066
exact/cold/4/beta	4579910282593515192	0.015190385082543542
exact/cold/4/a	4632515490129175195	52.002298074255314
exact/cold/4/surrogate	4751387612163340573	4380803026.998319
exact/cold/4/ratio	4609225232148567539	1.4535956829143941
exact/cold/5/tau	4760702133539480990	18695552964.161736
exact/cold/5/beta	4577785551823177001	0.011504564735107596
exact/cold/5/a	4635862486053283466	87.56826895838654
exact/cold/5/surrogate	4758667437027405034	14056835463.58443
exact/cold/5/ratio	4608668594437570887	1.3299972822897688
exact/cold/6/tau	4767982554036141575	58576567882.74615
exact/cold/6/beta	4576095509098929340	0.008572807945951381
exact/cold/6/a	4639533646414626936	151.47719097929416
exact/cold/6/surrogate	4766529503084178041	47490668896.207954
exact/cold/6/ratio	4608233708489239429	1.2334332037050626
exact/cold/7/tau	4775752296262932549	196542080004.1896
exact/cold/7/beta	4573889540753123032	0.006279281434609728
exact/cold/7/a	4643450242989445567	269.58712156980977
exact/cold/7/surrogate	4774864167701995131	169438547260.73813
exact/cold/7/ratio	4607902818389940688	1.1599608423326693
exact/cold/8/tau	4784119945675330148	708098270902.5747
exact/cold/8/beta	4571857208601571512	0.00451651428747029
exact/cold/8/a	4647405444825455413	494.41431621315434
exact/cold/8/surrogate	4783564993790115757	640355120851.9899
exact/cold/8/ratio	4607658854476706929	1.1057899716027146
exact/cold/9/tau	4792947213970431515	2744536169723.763
exact/cold/9/beta	4569494854351327065	0.003186874299616987
exact/cold/9/a	4651443451042520768	935.8967899446943
exact/cold/9/surrogate	4792592837972140598	2571501014308.2764
exact/cold/9/ratio	4607485464008677692	1.0672895536313964
exact/cold/10/tau	4802200897681180312	11459559632035.297
exact/cold/10/beta	4567227704266955280	0.0022036546808863536
exact/cold/10/a	4655770347503171561	1831.6159314098716
exact/cold/10/surrogate	4801969573310702200	11007754220945.234
exact/cold/10/ratio	4607367265830591321	1.0410442858753497
traj/cold/T_exit	4649287324828129836	690.7736189019101
traj/cold/T_mid	4650742225623756636	856.1766895553842
traj/cold/p_mid	4682696750854492031	115838.15858346036
traj/cold/x_no_frozen	4556072932954877180	0.00040317734560409136
exact/dp/0/tau	4688790098793752399	293744.16501008434
exact/dp/0/beta	4592066694844636929	0.10272719038573187
exact/dp/0/a	4611886313578472574	2.08894891538199
exact/dp/0/surrogate	4681383534118765322	96728.33996869266
exact/dp/0/ratio	4614020673816643603	3.0367952670867537
exact/dp/1/tau	4693734516881179175	638806.3529148743
exact/dp/1/beta	4590803315172401728	0.08519427537374558
exact/dp/1/a	4614033421851027181	3.0424565316032983
exact/dp/1/surrogate	4687446720918838445	238846.64059421924
exact/dp/1/ratio	4613204961226806230	2.6745461076011265
exact/dp/2/tau	4698934439727380523	1439738.0890612702
exact/dp/2/beta	4589697342956699759	0.06984582764289525
exact/dp/2/a	4616771654737402520	4.516952420998358
exact/dp/2/surrogate	4693502755468987918	611825.7735275642
exact/dp/2/ratio	4612481316134811793	2.353183130485441
exact/dp/3/tau	4704515038141003172	3380992.8193575907
exact/dp/3/beta	4588313023901220521	0.05656727076632013
exact/dp/3/a	4619391414165708125	6.843766210025334
exact/dp/3/surrogate	4699749328222045825	1629469.1017803254
exact/dp/3/ratio	4611854688432121769	2.0749045291276684
exact/dp/4/tau	4710687193353974653	8315949.122586128
exact/dp/4/beta	4586678055181176859	0.04522239628173016
exact/dp/4/a	4622154203568620750	10.595232271737043
exact/dp/4/surrogate	4706614300290296605	4522771.868387965
exact/dp/4/ratio	4610959516598816158	1.8386841884974738
exact/dp/5/tau	4716545484042350536	21533197.95732096
exact/dp/5/beta	4585299624839607031	0.03565761438765052
exact/dp/5/a	4625417150941054197	16.782782306724545
exact/dp/5/surrogate	4713303219437259601	13116018.539464625
exact/dp/5/ratio	4610072595111960599	1.64174805734911
exact/dp/6/tau	4723187558575209238	58999275.55248086
exact/dp/6/beta	4583642960081637969	0.027706096698880526
exact/dp/6/a	4628360182662643585	27.23853136115895
exact/dp/6/surrogate	4720617574214334716	39851399.93895146
exact/dp/6/ratio	4609346316821420180	1.4804818812604355
exact/dp/7/tau	4730046626624135311	171977803.48315856
exact/dp/7/beta	4581765063584189141	0.02119083441972232
exact/dp/7/a	4631583429556906877	45.37960938511876
exact/dp/7/surrogate	4728315709323726505	127305088.03496803
exact/dp/7/ratio	4608762780023214056	1.350910683443539
exact/dp/8/tau	4737773033932345046	536049913.96214044
exact/dp/8/beta	4580250310608853883	0.015935479326482743
exact/dp/8/a	4635171991390803494	77.75574962826121
exact/dp/8/surrogate	4735979632585484460	429154863.7428081
exact/dp/8/ratio	4608304187534354869	1.249082695433214
exact/dp/9/tau	4745314046449786198	1794633497.243978
exact/dp/9/beta	4577937571408659440	0.011768276678852246
exact/dp/9/a	4639034486325362754	137.29020796297306
exact/dp/9/surrogate	4744214002840360029	1532362662.9348366
exact/dp/9/ratio	4607953230344983266	1.171154544973597
exact/dp/10/tau	4753585531845093309	6476902577.009702
exact/dp/10/beta	4576067633731305456	0.008524451891332746
exact/dp/10/a	4643010112525366003	250.28430062336665
exact/dp/10/surrogate	4752893913971693651	5817324374.380939
exact/dp/10/ratio	4607693044640423068	1.1133817129973869
traj/dp/T_exit	4650351087250161843	811.7094047498161
traj/dp/T_mid	4652154987086760224	1016.789072739226
traj/dp/p_mid	4683350690032020221	125354.22605935852
traj/dp/x_no_frozen	4558020853508650452	0.0005292674108311976
exact/warm/0/tau	4645296297809970412	374.5231889729173
exact/warm/0/beta	4598376164999531130	0.26115471350036723
exact/warm/0/a	4603682283646461173	0.611406936322196
exact/warm/0/surrogate	4637794747379801824	115.02735394134243
exact/warm/0/ratio	4614514163974126885	3.2559489211922874
exact/warm/1/tau	4650058047406786055	778.3946316299852
exact/warm/1/beta	4597320187849408567	0.2262681031115805
exact/warm/1/a	4605695766267748213	0.8349484129057446
exact/warm/1/surrogate	4643208244955500361	255.9155629813852
exact/warm/1/ratio	4614031509437797387	3.0416072495231723
exact/warm/2/tau	4654916100252904435	1637.3825943793606
exact/warm/2/beta	4596163511964899314	0.19416389813630947
exact/warm/2/a	4607898209805532066	1.1589375310283931
exact/warm/2/surrogate	4648378260872233290	587.4250124693292
exact/warm/2/ratio	4613459063040029952	2.7873899810571174
exact/warm/3/tau	4659943419355221894	3512.9252325985026
exact/warm/3/beta	4595109582382004962	0.16491147590473704
exact/warm/3/a	4610050045842785995	1.6367411137838868
exact/warm/3/surrogate	4653845096361413884	1393.8645031571496
exact/warm/3/ratio	4612857579022792423	2.5202774191046617
exact/warm/4/tau	4665238559752000322	7745.752601210786
exact/warm/4/beta	4594159360551177628	0.13853752202758762
exact/warm/4/a	4612484302618426717	2.354509395634223
exact/warm/4/surrogate	4659752742496831215	3426.215436369988
exact/warm/4/ratio	4612273133201426395	2.2607313360940515
exact/warm/5/tau	4670588746759231368	17678.87735112713
exact/warm/5/beta	4592952858796493408	0.1150251856725304
exact/warm/5/a	4614960396199330306	3.45411583749251
exact/warm/5/surrogate	4666032725023092933	8744.083415203155
exact/warm/5/ratio	4611735130712190711	2.02181023575201
exact/warm/6/tau	4676011704858572485	42046.967976552936
exact/warm/6/beta	4591460502509286382	0.09431458178501348
exact/warm/6/a	4617511634291823407	5.174186292254304
exact/warm/6/surrogate	4672113460109872388	23225.752207648955
exact/warm/6/ratio	4610831954865229562	1.810359793759686
exact/warm/7/tau	4681941937880699679	104854.18417556256
exact/warm/7/beta	4590162756829050554	0.07630474260619283
exact/warm/7/a	4620608960141955154	7.925164271120666
exact/warm/7/surrogate	4679080249865629694	64373.57138511537
exact/warm/7/ratio	4610014457923466463	1.6288390082984774
exact/warm/8/tau	4688480857931014711	275743.9777312609
exact/warm/8/beta	4588931245885448305	0.06085704752393973
exact/warm/8/a	4623187073815521193	12.42997839903167
exact/warm/8/surrogate	4685654852089273094	186696.3939778434
exact/warm/8/ratio	4609330476705505008	1.4769646689800844
exact/warm/9/tau	4694851205209026253	768805.9839815736
exact/warm/9/beta	4587049537229366264	0.04780007080132259
exact/warm/9/a	4626321144810656042	19.994413692810816
exact/warm/9/surrogate	4693128569541783134	568264.7983889093
exact/warm/9/ratio	4608771743374173869	1.352900947166215
exact/warm/10/tau	4702158666035174972	2283721.5511815827
exact/warm/10/beta	4585483814360385351	0.0369356859305428
exact/warm/10/a	4629846913755744626	33.04092250463408
exact/warm/10/surrogate	4700572531233158139	1821135.988715409
exact/warm/10/ratio	4608326375198473488	1.254009346546642
traj/warm/T_exit	4651997398599473769	998.8733359582958
traj/warm/T_mid	4653257010086081969	1260.1491652572115
traj/warm/p_mid	4683913940516667654	136029.19872856903
traj/warm/x_no_frozen	4559868977339587994	0.0007296413980836692
exact/hot/0/tau	4604071725552797236	0.6546436734390171
exact/hot/0/beta	4602789982095210153	0.5123415636114333
exact/hot/0/a	4599231469880639378	0.3086336721044002
exact/hot/0/surrogate	4598980096705513810	0.2946796577645233
exact/hot/0/ratio	4612184890002349842	2.2215434835415033
exact/hot/1/tau	4608752264787958017	1.348575832185418
exact/hot/1/beta	4602072999164676587	0.46637023391863747
exact/hot/1/a	4600804605706964819	0.3959602528668615
exact/hot/1/surrogate	4603549464593962160	0.5966610593028658
exact/hot/1/ratio	4612271946196364734	2.2602041999541305
exact/hot/2/tau	4613455960628234186	2.786012233454106
exact/hot/2/beta	4601268676940612784	0.42172138129997006
exact/hot/2/a	4602810408325297323	0.5146093307063401
exact/hot/2/surrogate	4608261277815400699	1.2395548238405911
exact/hot/2/ratio	4612243543735806102	2.24759097368685
exact/hot/3/tau	4618196895525372441	5.7828205317496435
exact/hot/3/beta	4600492372751241109	0.3786278420423
exact/hot/3/a	4604282782713242326	0.6780757253428316
exact/hot/3/surrogate	4613141345600190482	2.6462950942432224
exact/hot/3/ratio	4612103167897235149	2.1852515784538356
exact/hot/4/tau	4623005803940929617	12.107978417523698
exact/hot/4/beta	4599748179860468846	0.33731683793741396
exact/hot/4/a	4606341563448071130	0.9066463027889953
exact/hot/4/surrogate	4618233382292504672	5.815227290921115
exact/hot/4/ratio	4611870927465405483	2.082116108587362
exact/hot/5/tau	4627932556010782699	25.719296305673122
exact/hot/5/beta	4599040009878326360	0.29800550696126527
exact/hot/5/a	4608224197914404543	1.2313214318732404
exact/hot/5/surrogate	4623607723386671672	13.177202141735606
exact/hot/5/ratio	4611468956260367465	1.9518025168797755
exact/hot/6/tau	4633050382979465022	55.80294036608983
exact/hot/6/beta	4598371503554982143	0.2608959513470523
exact/hot/6/a	4610336292569982344	1.7003006552352833
exact/hot/6/surrogate	4629376308261451158	30.848534675421966
exact/hot/6/ratio	4610825530323861829	1.8089332590098632
exact/hot/7/tau	4638465983092802513	124.56618713845025
exact/hot/7/beta	4597316649219094251	0.22616988639031574
exact/hot/7/a	4612564025987667107	2.3899136836867725
exact/hot/7/surrogate	4634961387634818581	74.76289024948376
exact/hot/7/ratio	4610182491544162293	1.6661499672200055
exact/hot/8/tau	4643776186243121397	288.1148504633596
exact/hot/8/beta	4596156995574375706	0.1939830319663905
exact/hot/8/a	4614891263748622934	3.4234148620828746
exact/hot/8/surrogate	4640818201694202317	187.98644788267703
exact/hot/8/ratio	4609581199359097906	1.532636281542875
exact/hot/9/tau	4649324973904796227	695.0538233712508
exact/hot/9/beta	4595093296749520614	0.16445945880086937
exact/hot/9/a	4617320007202989483	5.003987247322054
exact/hot/9/surrogate	4647355164021220879	491.55618339739243
exact/hot/9/ratio	4609046848394255944	1.4139865326632322
exact/hot/10/tau	4655452024655496088	1759.2376955563432
exact/hot/10/beta	4594128687683982287	0.1376861789427992
exact/hot/10/a	4620101004757798136	7.474009260741916
exact/hot/10/surrogate	4653608372177976349	1340.0396555026593
exact/hot/10/ratio	4608591257806555649	1.3128251006097573
traj/hot/T_exit	4653247435782818574	1257.9722207344053
traj/hot/T_mid	4654704562022379304	1589.2843694081039
traj/hot/p_mid	4684262142778552921	146163.21832312903
traj/hot/x_no_frozen	4562379455760949047	0.001027093527850865
exact/vhot/0/tau	4595673657044759250	0.18056769285967406
exact/vhot/0/beta	4603065370997745028	0.5429158736434805
exact/vhot/0/a	4599413220347536742	0.3187228497586915
exact/vhot/0/surrogate	4591007123227284585	0.08802268031293327
exact/vhot/0/ratio	4611801708915854140	2.0513768976101385
exact/vhot/1/tau	4600238450935165194	0.36453234970919424
exact/vhot/1/beta	4602679315901531331	0.5000551479844478
exact/vhot/1/a	4600947063468492160	0.4038682472110722
exact/vhot/1/surrogate	4595483984675832085	0.17530322708172066
exact/vhot/1/ratio	4611864898927863280	2.0794389001136935
exact/vhot/2/tau	4604839362666690292	0.7398685132791045
exact/vhot/2/beta	4601922179288162221	0.45799804894476887
exact/vhot/2/a	4602841511632897401	0.5180624915303006
exact/vhot/2/surrogate	4600119691189196348	0.35793985949053186
exact/vhot/2/ratio	4611836931942881115	2.0670190638510753
exact/vhot/3/tau	4609488409736829609	1.512032846525168
exact/vhot/3/beta	4601182394947249755	0.41693176851786057
exact/vhot/3/a	4604239309053723691	0.6732491795666012
exact/vhot/3/surrogate	4604934383678183274	0.7504179647573725
exact/vhot/3/ratio	4611719617324032218	2.0149209074626073
exact/vhot/4/tau	4614211682204602204	3.121620031170023
exact/vhot/4/beta	4600463896812512228	0.37704710990106904
exact/vhot/4/a	4606165694861651803	0.8871209673938937
exact/vhot/4/surrogate	4609965368361630452	1.6179389359346574
exact/vhot/4/ratio	4611367977024607626	1.9293806223698504
exact/vhot/5/tau	4619051732856100293	6.54206860125618
exact/vhot/5/beta	4599770144450824323	0.33853611763436947
exact/vhot/5/a	4608021432826345278	1.1862985380025317
exact/vhot/5/surrogate	4615274431554340370	3.593575550163913
exact/vhot/5/ratio	4610877577569003898	1.8204900689948702
exact/vhot/6/tau	4624071500906921274	14.001036511791074
exact/vhot/6/beta	4599104568400224644	0.3015892248336274
exact/vhot/6/a	4609936380409245173	1.6115023174996825
exact/vhot/6/surrogate	4620826832101328191	8.23734688738716
exact/vhot/6/ratio	4610333597304408182	1.6997021860557004
exact/vhot/7/tau	4629362848939391670	30.800717557833842
exact/vhot/7/beta	4598470509273623997	0.2663918727673396
exact/vhot/7/a	4612195193771658397	2.226119276312217
exact/vhot/7/surrogate	4626188969886940850	19.52483403333344
exact/vhot/7/ratio	4609783314907636879	1.5775149486674171
exact/vhot/8/tau	4634634089371271930	70.1117021776844
exact/vhot/8/beta	4597567074159251902	0.23312057475290077
exact/vhot/8/a	4614232053652254276	3.1306667712613336
exact/vhot/8/surrogate	4631945777522564073	47.95424653327047
exact/vhot/8/ratio	4609263325418254609	1.4620540879323622
exact/vhot/9/tau	4640050905215138234	166.1785703077456
exact/vhot/9/beta	4596443618846412521	0.2019384258666073
exact/vhot/9/a	4616738730913924254	4.487710191490946
exact/vhot/9/surrogate	4638307328315553247	122.31156714908819
exact/vhot/9/ratio	4608797633318840312	1.3586496697012063
exact/vhot/10/tau	4645963518757833955	412.45030878503
exact/vhot/10/beta	4595400645701780483	0.1729901058857025
exact/vhot/10/a	4619078357551013660	6.565716080709333
exact/vhot/10/surrogate	4644420491002683771	324.7393357851758
exact/vhot/10/ratio	4608398825504685181	1.270096546166115
traj/vhot/T_exit	4653538520191151364	1324.1571525212503
traj/vhot/T_mid	4655069780305437780	1672.3253927661763
traj/vhot/p_mid	4684334013683145956	148254.9369451768
traj/vhot/x_no_frozen	4562781938487608112	0.0011143680571771945
r27/cold/anchored/Da_entry	4444711248898664095	1.4000057617859898e-11
r27/cold/anchored/Da_exit	4366219697479170465	8.30184666929036e-17
r27/cold/anchored/x_no_relaxed	4556072932954867622	0.0004031773456035732
r27/cold/anchored/max_a	4655770347503161209	1831.6159314075178
r27/cold/anchored/relaxed_fraction	4428902026257386086	1.2858442205396662e-12
r27/cold/T9_frozen	4649287324828129836	690.7736189019101
r27/cold/x_no_frozen	4556072932954877180	0.00040317734560409136
r27/cold/x_no_e_entry	4542372842981541326	4.911448187340136e-05
r27/cold/x_no_e_exit	4507411968441752475	2.2012111747343714e-07
r27/cold/max_a_frozen	4655770347503171562	1831.6159314098718
r27/cold/slow/Da_entry	4265169220235724098	1.40000576178599e-23
r27/cold/slow/Da_exit	4186745948889784866	8.30184666929036e-29
r27/cold/slow/x_no_relaxed	4556072932954877180	0.00040317734560409136
r27/cold/slow/max_a	4655770347503171562	1831.6159314098718
r27/cold/slow/relaxed_fraction	0	0.0
r27/cold/fast/Da_entry	4624070949838628314	14.000057617859898
r27/cold/fast/Da_exit	4545754106023363061	8.30184666929036e-05
r27/cold/fast/x_no_relaxed	4548616267457793615	0.00012180798725807653
r27/cold/fast/max_a	4648078692411268175	553.3680214610739
r27/cold/fast/relaxed_fraction	4604464596483560694	0.6982611087429678
r27/cold/mid/Da_entry	4534381800863951659	1.4000057617859898e-05
r27/cold/mid/Da_exit	4455979674587001617	8.301846669290359e-11
r27/cold/mid/x_no_relaxed	4556072923395791897	0.0004031768274050398
r27/cold/mid/max_a	4655770337149491929	1831.6135772556793
r27/cold/mid/relaxed_fraction	4518679743758229772	1.2859902243975026e-06
r27/dp/anchored/Da_entry	4486089427844863104	8.284707845541634e-09
r27/dp/anchored/Da_exit	4414481076485558820	1.3775508901549354e-13
r27/dp/anchored/x_no_relaxed	4558020853505745319	0.0005292674105162224
r27/dp/anchored/max_a	4643010112520125362	250.28430047441867
r27/dp/anchored/relaxed_fraction	4468845921556715351	5.975026278283038e-10
r27/dp/T9_frozen	4650351087250161843	811.7094047498161
r27/dp/x_no_frozen	4558020853508650452	0.0005292674108311976
r27/dp/x_no_e_entry	4553309390629246001	0.000253365415943843
r27/dp/x_no_e_exit	4522103537436887460	2.1146648411945373e-06
r27/dp/max_a_frozen	4643010112525366004	250.28430062336668
r27/dp/slow/Da_entry	4306443776941420117	8.284707845541634e-21
r27/dp/slow/Da_exit	4234880130452332123	1.3775508901549354e-25
r27/dp/slow/x_no_relaxed	4558020853508650452	0.0005292674108311976
r27/dp/slow/max_a	4643010112525366004	250.28430062336668
r27/dp/slow/relaxed_fraction	0	0.0
r27/dp/fast/Da_entry	4665780180632913400	8284.707845541634
r27/dp/fast/Da_exit	4594131170431003954	0.13775508901549355
r27/dp/fast/x_no_relaxed	4534290251804455063	1.3844967478492376e-05
r27/dp/fast/max_a	4619057421824565638	6.547121420277454
r27/dp/fast/relaxed_fraction	4606981988898103251	0.9777478108071541
r27/dp/mid/Da_entry	4575929430698308445	0.008284707845541634
r27/dp/mid/Da_exit	4504300267864817433	1.3775508901549354e-07
r27/dp/mid/x_no_relaxed	4558017949577585947	0.0005289525659943091
r27/dp/mid/max_a	4643004874050844873	250.13541422266852
r27/dp/mid/relaxed_fraction	4558647932249367563	0.0005972554241316942
r27/warm/anchored/Da_entry	4528690732623049621	5.9942037694383494e-06
r27/warm/anchored/Da_exit	4465886982788219118	3.7860840862854555e-10
r27/warm/anchored/x_no_relaxed	4559868978306426631	0.0007296415029085242
r27/warm/anchored/max_a	4629846914423806619	33.040927251500044
r27/warm/anchored/relaxed_fraction	13728065017229304105	-1.4815010259436936e-07
r27/warm/T9_frozen	4651997398599473769	998.8733359582958
r27/warm/x_no_frozen	4559868977339587994	0.0007296413980836692
r27/warm/x_no_e_entry	4563146321197880228	0.0011933809623958314
r27/warm/x_no_e_exit	4537138964769449981	2.208296084896948e-05
r27/warm/max_a_frozen	4629846913755744627	33.04092250463409
r27/warm/slow/Da_entry	4349250962135526235	5.9942037694383494e-18
r27/warm/slow/Da_exit	4286471756340989410	3.786084086285456e-22
r27/warm/slow/x_no_relaxed	4559868977339587994	0.0007296413980836692
r27/warm/slow/max_a	4629846913755744627	33.04092250463409
r27/warm/slow/relaxed_fraction	0	0.0
r27/warm/fast/Da_entry	4708194238263622233	5994203.76943835
r27/warm/fast/Da_exit	4645368165754184530	378.6084086285456
r27/warm/fast/x_no_relaxed	4537274371842701309	2.2541737858310086e-05
r27/warm/fast/max_a	4607275981795597727	1.0207751583892344
r27/warm/fast/relaxed_fraction	4607176578581430269	0.9993516054855714
r27/warm/mid/Da_entry	4618434891892994247	5.994203769438349
r27/warm/mid/Da_exit	4555619716062326187	0.00037860840862854556
r27/warm/mid/x_no_relaxed	4560304573629566076	0.0007768688424757554
r27/warm/mid/max_a	4630147900201839481	35.179559832983564
r27/warm/mid/relaxed_fraction	13812846089961522137	-0.06674705848560282
r27/hot/anchored/Da_entry	4566782454436324688	0.0020105583474189573
r27/hot/anchored/Da_exit	4511951211618036099	4.421291887147799e-07
r27/hot/anchored/x_no_relaxed	4562381340656727699	0.0010275022494704896
r27/hot/anchored/max_a	4620104353417631754	7.476983468141052
r27/hot/anchored/relaxed_fraction	13780482230198268748	-0.00045940734394260964
r27/hot/T9_frozen	4653247435782818574	1257.9722207344053
r27/hot/x_no_frozen	4562379455760949047	0.001027093527850865
r27/hot/x_no_e_entry	4569819974199580383	0.003327872557934749
r27/hot/x_no_e_exit	4549202002066642951	0.00013742203040151299
r27/hot/max_a_frozen	4620101004757798135	7.474009260741915
r27/hot/slow/Da_entry	4387099808423291644	2.010558347418957e-15
r27/hot/slow/Da_exit	4332550573898307263	4.421291887147799e-19
r27/hot/slow/x_no_relaxed	4562379455760949047	0.001027093527850865
r27/hot/slow/max_a	4620101004757798135	7.474009260741915
r27/hot/slow/relaxed_fraction	0	0.0
r27/hot/fast/Da_entry	4746219700912574514	2010558347.4189572
r27/hot/fast/Da_exit	4691339334089863807	442129.18871477986
r27/hot/fast/x_no_relaxed	4549254517798519985	0.00013884547216628165
r27/hot/fast/max_a	4607229067883739032	1.0103581773650827
r27/hot/fast/relaxed_fraction	4607168007611573641	0.9984000366777518
r27/hot/mid/Da_entry	4656557344571588842	2010.5583474189575
r27/hot/mid/Da_exit	4601636311316087930	0.4421291887147799
r27/hot/mid/x_no_relaxed	4556376671986270696	0.000419643071489366
r27/hot/mid/max_a	4614058697570118129	3.0536812057227896
r27/hot/mid/relaxed_fraction	4604325160634226331	0.6827806197040504
r27/vhot/anchored/Da_entry	4574159791554297519	0.006513686639209189
r27/vhot/anchored/Da_exit	4520944526156286223	1.765576551776357e-06
r27/vhot/anchored/x_no_relaxed	4562788423940920723	0.0011157743656914118
r27/vhot/anchored/max_a	4619087686523952699	6.5740018731517535
r27/vhot/anchored/relaxed_fraction	13787880368630598124	-0.0014887199279064412
r27/vhot/T9_frozen	4653538520191151364	1324.1571525212503
r27/vhot/x_no_frozen	4562781938487608112	0.0011143680571771945
r27/vhot/x_no_e_entry	4570208467015054063	0.0034963544597473788
r27/vhot/x_no_e_exit	4550393781942995254	0.0001697252886781548
r27/vhot/max_a_frozen	4619078357551013659	6.565716080709332
r27/vhot/slow/Da_entry	4394763115836755232	6.51368663920919e-15
r27/vhot/slow/Da_exit	4341550139949433214	1.765576551776357e-18
r27/vhot/slow/x_no_relaxed	4562781938487608112	0.0011143680571771945
r27/vhot/slow/max_a	4619078357551013659	6.565716080709332
r27/vhot/slow/relaxed_fraction	0	0.0
r27/vhot/fast/Da_entry	4753624102729898200	6513686639.20919
r27/vhot/fast/Da_exit	4700333905268520737	1765576.5517763572
r27/vhot/fast/x_no_relaxed	4550455278105964298	0.0001713921455154188
r27/vhot/fast/max_a	4607226648248025107	1.0098209103089217
r27/vhot/fast/relaxed_fraction	4607166525266331421	0.9982354632959162
r27/vhot/mid/Da_entry	4663883888900592543	6513.68663920919
r27/vhot/mid/Da_exit	4610630269073320999	1.765576551776357
r27/vhot/mid/x_no_relaxed	4554590384762846180	0.000322808247073368
r27/vhot/mid/max_a	4611244420165605249	1.9019454884268898
r27/vhot/mid/relaxed_fraction	4605722767856029568	0.8379461914068855
census/no_frozen_from_entry	4617315517961601024	5.0
r28/cold/coupled/T9_pool	4649287323852613110	690.7735079984984
r28/cold/coupled/s_freeze_pool	0	0.0
r28/cold/coupled/Da_entry	4444711248898664095	1.4000057617859898e-11
r28/cold/coupled/Da_exit_frozen	4366219697479170465	8.30184666929036e-17
r28/cold/coupled/Da_exit_depletion	4366014650180140184	8.049106360030749e-17
r28/cold/coupled/Da_exit_heat	4366219664886094263	8.30180649522224e-17
r28/cold/coupled/Da_exit_coupled	4366014618579323272	8.049067409016632e-17
r28/cold/coupled/x_radical_entry	4492975861915491206	2.4453553508628384e-08
r28/cold/coupled/x_radical_exit_pool	4492750862322686451	2.3709092304626708e-08
r28/cold/coupled/x_no_relaxed	4556072932954867670	0.0004031773456035758
r28/cold/coupled/x_no_e_exit	4507411968441752475	2.2012111747343714e-07
r28/cold/coupled/max_a	4655770347503161261	1831.6159314075296
r28/cold/coupled/a_entry	4620810834837893590	8.208930039073419
r28/cold/coupled/a_exit	4655770347503171561	1831.6159314098716
r28/cold/coupled/beta_max	4585923840230303453	0.03998897875687899
r28/cold/coupled/tau_ratio_min	4607367265830591321	1.0410442858753497
r28/cold/coupled/depletion_factor	4606908204831018536	0.9695561337943603
r28/cold/coupled/heat_release_factor	4607182375212626452	0.9999951608274977
r28/cold/coupled/net_factor	4606908162570596331	0.9695514419449841
r28/cold/coupled/channel_ratio	4549906676368975755	0.00015652226563861132
r28/cold/uncoupled/T9_pool	4649287323852613110	690.7735079984984
r28/cold/uncoupled/s_freeze_pool	0	0.0
r28/cold/uncoupled/Da_entry	4444711248898664095	1.4000057617859898e-11
r28/cold/uncoupled/Da_exit_frozen	4366219697479170465	8.30184666929036e-17
r28/cold/uncoupled/Da_exit_depletion	4366014650180140184	8.049106360030749e-17
r28/cold/uncoupled/Da_exit_heat	4366219664886094263	8.30180649522224e-17
r28/cold/uncoupled/Da_exit_coupled	4366219697479170465	8.30184666929036e-17
r28/cold/uncoupled/x_radical_entry	4492975861915491206	2.4453553508628384e-08
r28/cold/uncoupled/x_radical_exit_pool	4492750862322686451	2.3709092304626708e-08
r28/cold/uncoupled/x_no_relaxed	4556072932954867622	0.0004031773456035732
r28/cold/uncoupled/x_no_e_exit	4507411968441752475	2.2012111747343714e-07
r28/cold/uncoupled/max_a	4655770347503161209	1831.6159314075178
r28/cold/uncoupled/a_entry	4620810834837893590	8.208930039073419
r28/cold/uncoupled/a_exit	4655770347503171561	1831.6159314098716
r28/cold/uncoupled/beta_max	4585923840230303453	0.03998897875687899
r28/cold/uncoupled/tau_ratio_min	4607367265830591321	1.0410442858753497
r28/cold/uncoupled/depletion_factor	4606908204831018536	0.9695561337943603
r28/cold/uncoupled/heat_release_factor	4607182375212626452	0.9999951608274977
r28/cold/uncoupled/net_factor	4607182418800017408	1.0
r28/cold/uncoupled/channel_ratio	4549906676368975755	0.00015652226563861132
r28/dp/coupled/T9_pool	4650351206863954256	811.7230032636235
r28/dp/coupled/s_freeze_pool	0	0.0
r28/dp/coupled/Da_entry	4486089427844863104	8.284707845541634e-09
r28/dp/coupled/Da_exit_frozen	4414481076485558820	1.3775508901549354e-13
r28/dp/coupled/Da_exit_depletion	4413825668883269876	1.2121027511372108e-13
r28/dp/coupled/Da_exit_heat	4414483422611794937	1.378143135680179e-13
r28/dp/coupled/Da_exit_coupled	4413827733232009857	1.212623866022239e-13
r28/dp/coupled/x_radical_entry	4513009846880026777	5.195085874803463e-07
r28/dp/coupled/x_radical_exit_pool	4512234255613827799	4.5711341308715973e-07
r28/dp/coupled/x_no_relaxed	4558020853505827297	0.0005292674105251105
r28/dp/coupled/x_no_e_exit	4522103537436887460	2.1146648411945373e-06
r28/dp/coupled/max_a	4643010112520273244	250.28430047862173
r28/dp/coupled/a_entry	4611886313578472574	2.08894891538199
r28/dp/coupled/a_exit	4643010112525366003	250.28430062336665
r28/dp/coupled/beta_max	4592066694844636929	0.10272719038573187
r28/dp/coupled/tau_ratio_min	4607693044640423068	1.1133817129973869
r28/dp/coupled/depletion_factor	4606100626203381559	0.8798968951345846
r28/dp/coupled/heat_release_factor	4607184355016491050	1.0004299264219392
r28/dp/coupled/net_factor	4606104033544364463	0.8802751859757815
r28/dp/coupled/channel_ratio	4569892617033447795	0.00335937636525257
r28/dp/uncoupled/T9_pool	4650351206863954256	811.7230032636235
r28/dp/uncoupled/s_freeze_pool	0	0.0
r28/dp/uncoupled/Da_entry	4486089427844863104	8.284707845541634e-09
r28/dp/uncoupled/Da_exit_frozen	4414481076485558820	1.3775508901549354e-13
r28/dp/uncoupled/Da_exit_depletion	4413825668883269876	1.2121027511372108e-13
r28/dp/uncoupled/Da_exit_heat	4414483422611794937	1.378143135680179e-13
r28/dp/uncoupled/Da_exit_coupled	4414481076485558820	1.3775508901549354e-13
r28/dp/uncoupled/x_radical_entry	4513009846880026777	5.195085874803463e-07
r28/dp/uncoupled/x_radical_exit_pool	4512234255613827799	4.5711341308715973e-07
r28/dp/uncoupled/x_no_relaxed	4558020853505745319	0.0005292674105162224
r28/dp/uncoupled/x_no_e_exit	4522103537436887460	2.1146648411945373e-06
r28/dp/uncoupled/max_a	4643010112520125362	250.28430047441867
r28/dp/uncoupled/a_entry	4611886313578472574	2.08894891538199
r28/dp/uncoupled/a_exit	4643010112525366003	250.28430062336665
r28/dp/uncoupled/beta_max	4592066694844636929	0.10272719038573187
r28/dp/uncoupled/tau_ratio_min	4607693044640423068	1.1133817129973869
r28/dp/uncoupled/depletion_factor	4606100626203381559	0.8798968951345846
r28/dp/uncoupled/heat_release_factor	4607184355016491050	1.0004299264219392
r28/dp/uncoupled/net_factor	4607182418800017408	1.0
r28/dp/uncoupled/channel_ratio	4569892617033447795	0.00335937636525257
r28/warm/coupled/T9_pool	4652001230845052724	999.3090118395398
r28/warm/coupled/s_freeze_pool	4593131187962621461	0.11750000000000001
r28/warm/coupled/Da_entry	4528690732623049621	5.9942037694383494e-06
r28/warm/coupled/Da_exit_frozen	4465886982788219118	3.7860840862854555e-10
r28/warm/coupled/Da_exit_depletion	4463206644199363748	2.4003815139236413e-10
r28/warm/coupled/Da_exit_heat	4465954037343570337	3.820750478891638e-10
r28/warm/coupled/Da_exit_coupled	4463249155431737071	2.4223593059454847e-10
r28/warm/coupled/x_radical_entry	4534105508431767819	1.3532000031586425e-05
r28/warm/coupled/x_radical_exit_pool	4531182024653183837	8.579425869138167e-06
r28/warm/coupled/x_no_relaxed	4559868978337707705	0.0007296415063000251
r28/warm/coupled/x_no_e_exit	4537138964769449981	2.208296084896948e-05
r28/warm/coupled/max_a	4629846914445421081	33.04092740508003
r28/warm/coupled/a_entry	4603682283646461173	0.611406936322196
r28/warm/coupled/a_exit	4629846913755744626	33.04092250463408
r28/warm/coupled/beta_max	4598376164999531130	0.26115471350036723
r28/warm/coupled/tau_ratio_min	4608326375198473488	1.254009346546642
r28/warm/coupled/depletion_factor	4603885793872356208	0.6340011101757295
r28/warm/coupled/heat_release_factor	4607223654955703706	1.0091562658979911
r28/warm/coupled/net_factor	4603938079650328514	0.6398059976322588
r28/warm/coupled/channel_ratio	4581422151478041235	0.020001119058259475
r28/warm/uncoupled/T9_pool	4652001230845052724	999.3090118395398
r28/warm/uncoupled/s_freeze_pool	4593131187962621461	0.11750000000000001
r28/warm/uncoupled/Da_entry	4528690732623049621	5.9942037694383494e-06
r28/warm/uncoupled/Da_exit_frozen	4465886982788219118	3.7860840862854555e-10
r28/warm/uncoupled/Da_exit_depletion	4463206644199363748	2.4003815139236413e-10
r28/warm/uncoupled/Da_exit_heat	4465954037343570337	3.820750478891638e-10
r28/warm/uncoupled/Da_exit_coupled	4465886982788219118	3.7860840862854555e-10
r28/warm/uncoupled/x_radical_entry	4534105508431767819	1.3532000031586425e-05
r28/warm/uncoupled/x_radical_exit_pool	4531182024653183837	8.579425869138167e-06
r28/warm/uncoupled/x_no_relaxed	4559868978306426631	0.0007296415029085242
r28/warm/uncoupled/x_no_e_exit	4537138964769449981	2.208296084896948e-05
r28/warm/uncoupled/max_a	4629846914423806619	33.040927251500044
r28/warm/uncoupled/a_entry	4603682283646461173	0.611406936322196
r28/warm/uncoupled/a_exit	4629846913755744626	33.04092250463408
r28/warm/uncoupled/beta_max	4598376164999531130	0.26115471350036723
r28/warm/uncoupled/tau_ratio_min	4608326375198473488	1.254009346546642
r28/warm/uncoupled/depletion_factor	4603885793872356208	0.6340011101757295
r28/warm/uncoupled/heat_release_factor	4607223654955703706	1.0091562658979911
r28/warm/uncoupled/net_factor	4607182418800017408	1.0
r28/warm/uncoupled/channel_ratio	4581422151478041235	0.020001119058259475
r28/hot/coupled/T9_pool	4653287581223953125	1267.100237237458
r28/hot/coupled/s_freeze_pool	4600472055355235369	0.3775
r28/hot/coupled/Da_entry	4566782454436324688	0.0020105583474189573
r28/hot/coupled/Da_exit_frozen	4511951211618036099	4.421291887147799e-07
r28/hot/coupled/Da_exit_depletion	4505479106063718342	1.6895867632646192e-07
r28/hot/coupled/Da_exit_heat	4512822640856667163	4.996873787665899e-07
r28/hot/coupled/Da_exit_coupled	4506308728421463378	1.9091859728861315e-07
r28/hot/coupled/x_radical_entry	4552490430516644755	0.00022655506214039038
r28/hot/coupled/x_radical_exit_pool	4546058772915441102	8.714747302134633e-05
r28/hot/coupled/x_no_relaxed	4562381066953234984	0.001027442899486206
r28/hot/coupled/x_no_e_exit	4549202002066642951	0.00013742203040151299
r28/hot/coupled/max_a	4620103867162687180	7.476551586992809
r28/hot/coupled/a_entry	4599231469880639378	0.3086336721044002
r28/hot/coupled/a_exit	4620101004757798136	7.474009260741916
r28/hot/coupled/beta_max	4602789982095210153	0.5123415636114333
r28/hot/coupled/tau_ratio_min	4608591257806555649	1.3128251006097573
r28/hot/coupled/depletion_factor	4600555781843127659	0.382147753731451
r28/hot/coupled/heat_release_factor	4607768715859532914	1.130184098948828
r28/hot/coupled/net_factor	4601450531109962696	0.4318163155967878
r28/hot/coupled/channel_ratio	4593751660777608974	0.12722158013382806
r28/hot/uncoupled/T9_pool	4653287581223953125	1267.100237237458
r28/hot/uncoupled/s_freeze_pool	4600472055355235369	0.3775
r28/hot/uncoupled/Da_entry	4566782454436324688	0.0020105583474189573
r28/hot/uncoupled/Da_exit_frozen	4511951211618036099	4.421291887147799e-07
r28/hot/uncoupled/Da_exit_depletion	4505479106063718342	1.6895867632646192e-07
r28/hot/uncoupled/Da_exit_heat	4512822640856667163	4.996873787665899e-07
r28/hot/uncoupled/Da_exit_coupled	4511951211618036099	4.421291887147799e-07
r28/hot/uncoupled/x_radical_entry	4552490430516644755	0.00022655506214039038
r28/hot/uncoupled/x_radical_exit_pool	4546058772915441102	8.714747302134633e-05
r28/hot/uncoupled/x_no_relaxed	4562381340656727699	0.0010275022494704896
r28/hot/uncoupled/x_no_e_exit	4549202002066642951	0.00013742203040151299
r28/hot/uncoupled/max_a	4620104353417631754	7.476983468141052
r28/hot/uncoupled/a_entry	4599231469880639378	0.3086336721044002
r28/hot/uncoupled/a_exit	4620101004757798136	7.474009260741916
r28/hot/uncoupled/beta_max	4602789982095210153	0.5123415636114333
r28/hot/uncoupled/tau_ratio_min	4608591257806555649	1.3128251006097573
r28/hot/uncoupled/depletion_factor	4600555781843127659	0.382147753731451
r28/hot/uncoupled/heat_release_factor	4607768715859532914	1.130184098948828
r28/hot/uncoupled/net_factor	4607182418800017408	1.0
r28/hot/uncoupled/channel_ratio	4593751660777608974	0.12722158013382806
r28/vhot/coupled/T9_pool	4653619911309406426	1342.6633502273385
r28/vhot/coupled/s_freeze_pool	4600922415317972419	0.4025
r28/vhot/coupled/Da_entry	4574159791554297519	0.006513686639209189
r28/vhot/coupled/Da_exit_frozen	4520944526156286223	1.765576551776357e-06
r28/vhot/coupled/Da_exit_depletion	4514077240552232665	6.325232884864893e-07
r28/vhot/coupled/Da_exit_heat	4522335717269358096	2.2129968250898436e-06
r28/vhot/coupled/Da_exit_coupled	4515587029824966181	7.923784456635389e-07
r28/vhot/coupled/x_radical_entry	4555488125138250932	0.00037147485034045723
r28/vhot/coupled/x_radical_exit_pool	4549107461258523627	0.00013485949666272533
r28/vhot/coupled/x_no_relaxed	4562787512101206977	0.0011155766419716914
r28/vhot/coupled/x_no_e_exit	4550393781942995254	0.0001697252886781548
r28/vhot/coupled/max_a	4619086374891965813	6.572836909926413
r28/vhot/coupled/a_entry	4599413220347536742	0.3187228497586915
r28/vhot/coupled/a_exit	4619078357551013660	6.565716080709333
r28/vhot/coupled/beta_max	4603065370997745028	0.5429158736434805
r28/vhot/coupled/tau_ratio_min	4608398825504685181	1.270096546166115
r28/vhot/coupled/depletion_factor	4600125334186969788	0.35825310879333094
r28/vhot/coupled/heat_release_factor	4608323690060187531	1.2534131260767676
r28/vhot/coupled/net_factor	4601756356360596852	0.44879302733507775
r28/vhot/coupled/channel_ratio	4597095651231002349	0.2200359600209291
r28/vhot/uncoupled/T9_pool	4653619911309406426	1342.6633502273385
r28/vhot/uncoupled/s_freeze_pool	4600922415317972419	0.4025
r28/vhot/uncoupled/Da_entry	4574159791554297519	0.006513686639209189
r28/vhot/uncoupled/Da_exit_frozen	4520944526156286223	1.765576551776357e-06
r28/vhot/uncoupled/Da_exit_depletion	4514077240552232665	6.325232884864893e-07
r28/vhot/uncoupled/Da_exit_heat	4522335717269358096	2.2129968250898436e-06
r28/vhot/uncoupled/Da_exit_coupled	4520944526156286223	1.765576551776357e-06
r28/vhot/uncoupled/x_radical_entry	4555488125138250932	0.00037147485034045723
r28/vhot/uncoupled/x_radical_exit_pool	4549107461258523627	0.00013485949666272533
r28/vhot/uncoupled/x_no_relaxed	4562788423940920723	0.0011157743656914118
r28/vhot/uncoupled/x_no_e_exit	4550393781942995254	0.0001697252886781548
r28/vhot/uncoupled/max_a	4619087686523952699	6.5740018731517535
r28/vhot/uncoupled/a_entry	4599413220347536742	0.3187228497586915
r28/vhot/uncoupled/a_exit	4619078357551013660	6.565716080709333
r28/vhot/uncoupled/beta_max	4603065370997745028	0.5429158736434805
r28/vhot/uncoupled/tau_ratio_min	4608398825504685181	1.270096546166115
r28/vhot/uncoupled/depletion_factor	4600125334186969788	0.35825310879333094
r28/vhot/uncoupled/heat_release_factor	4608323690060187531	1.2534131260767676
r28/vhot/uncoupled/net_factor	4607182418800017408	1.0
r28/vhot/uncoupled/channel_ratio	4597095651231002349	0.2200359600209291
r28lim/dp/poolfast/depletion_factor	4518242701739152319	1.1934429770242163e-06
r28lim/dp/poolfast/heat_release_factor	4607197644834757369	1.0033808588684094
r28lim/dp/poolfast/net_factor	4518261749872664156	1.1974765761912724e-06
r28lim/dp/poolslow/depletion_factor	4607182417573524112	0.9999998638318903
r28lim/dp/poolslow/heat_release_factor	4607182170289855774	0.9999724098296701
r28lim/dp/poolslow/net_factor	4607182169063396321	0.9999722736653177
r28lim/hot/poolfast/depletion_factor	4548684206369610249	0.00012338714991085045
r28lim/hot/poolfast/heat_release_factor	4608145297135258134	1.2138019395393989
r28lim/hot/poolfast/net_factor	4549631410688236956	0.00014906117441191864
r28lim/hot/poolslow/depletion_factor	4607182405105152235	0.9999984795645366
r28lim/hot/poolslow/heat_release_factor	4607182177416396213	0.9999732010345982
r28lim/hot/poolslow/net_factor	4607182163721898408	0.9999716806399208
red/dp/100/r27_T9	4650351087250161843	811.7094047498161
red/dp/100/r28_T9	4650351087250161843	811.7094047498161
red/dp/100/r27_x_no	4558020853505665356	0.0005292674105075528
red/dp/100/r28_x_no	4558020853505665356	0.0005292674105075528
red/dp/100/r27_x_no_e_exit	4522103537436887460	2.1146648411945373e-06
red/dp/100/r28_x_no_e_exit	4522103537436887460	2.1146648411945373e-06
red/dp/100/r27_max_a	4643010112519981114	250.2843004703189
red/dp/100/r28_max_a	4643010112519981114	250.2843004703189
red/dp/100/r27_Da_entry	4486089427844863104	8.284707845541634e-09
red/dp/100/r28_Da_entry	4486089427844863104	8.284707845541634e-09
red/dp/100/r27_Da_exit	4414481076485558820	1.3775508901549354e-13
red/dp/100/r28_Da_exit	4414481076485558820	1.3775508901549354e-13
red/dp/400/r27_T9	4650351087250161843	811.7094047498161
red/dp/400/r28_T9	4650351087250161843	811.7094047498161
red/dp/400/r27_x_no	4558020853505745319	0.0005292674105162224
red/dp/400/r28_x_no	4558020853505745319	0.0005292674105162224
red/dp/400/r27_x_no_e_exit	4522103537436887460	2.1146648411945373e-06
red/dp/400/r28_x_no_e_exit	4522103537436887460	2.1146648411945373e-06
red/dp/400/r27_max_a	4643010112520125362	250.28430047441867
red/dp/400/r28_max_a	4643010112520125362	250.28430047441867
red/dp/400/r27_Da_entry	4486089427844863104	8.284707845541634e-09
red/dp/400/r28_Da_entry	4486089427844863104	8.284707845541634e-09
red/dp/400/r27_Da_exit	4414481076485558820	1.3775508901549354e-13
red/dp/400/r28_Da_exit	4414481076485558820	1.3775508901549354e-13
red/hot/100/r27_T9	4653247435782818574	1257.9722207344053
red/hot/100/r28_T9	4653247435782818574	1257.9722207344053
red/hot/100/r27_x_no	4562381422379791440	0.0010275199703351397
red/hot/100/r28_x_no	4562381422379791440	0.0010275199703351397
red/hot/100/r27_x_no_e_exit	4549202002066642951	0.00013742203040151299
red/hot/100/r28_x_no_e_exit	4549202002066642951	0.00013742203040151299
red/hot/100/r27_max_a	4620104498604832091	7.477112420279208
red/hot/100/r28_max_a	4620104498604832091	7.477112420279208
red/hot/100/r27_Da_entry	4566782454436324688	0.0020105583474189573
red/hot/100/r28_Da_entry	4566782454436324688	0.0020105583474189573
red/hot/100/r27_Da_exit	4511951211618036099	4.421291887147799e-07
red/hot/100/r28_Da_exit	4511951211618036099	4.421291887147799e-07
red/hot/400/r27_T9	4653247435782818574	1257.9722207344053
red/hot/400/r28_T9	4653247435782818574	1257.9722207344053
red/hot/400/r27_x_no	4562381340656727699	0.0010275022494704896
red/hot/400/r28_x_no	4562381340656727699	0.0010275022494704896
red/hot/400/r27_x_no_e_exit	4549202002066642951	0.00013742203040151299
red/hot/400/r28_x_no_e_exit	4549202002066642951	0.00013742203040151299
red/hot/400/r27_max_a	4620104353417631754	7.476983468141052
red/hot/400/r28_max_a	4620104353417631754	7.476983468141052
red/hot/400/r27_Da_entry	4566782454436324688	0.0020105583474189573
red/hot/400/r28_Da_entry	4566782454436324688	0.0020105583474189573
red/hot/400/r27_Da_exit	4511951211618036099	4.421291887147799e-07
red/hot/400/r28_Da_exit	4511951211618036099	4.421291887147799e-07
roots/clock_free_distinct	4629137466983448576	30.0
roots/clock_killT_distinct	4629137466983448576	30.0
roots/clock_killc_distinct	4618441417868443648	6.0
roots/r27_max_a_distinct	4626322717216342016	20.0
