# phase-3E nozzle-strand oracle — key	u64 bits	repr
# pypy 3.11.15
prim/dp/comp/CO2	4588247561122707495	0.05611303149156326
prim/dp/comp/H2O	4588245270344536262	0.05609713602487569
prim/dp/comp/CO	4509029518361034538	2.874560355615894e-07
prim/dp/comp/H2	4502984101077536787	1.1106286689394131e-07
prim/dp/comp/OH	4539868079435730855	3.214154388633756e-05
prim/dp/comp/O	4513127001863619842	5.319128538601417e-07
prim/dp/comp/H	4477335254769197561	2.1758261362851994e-09
prim/dp/comp/O2	4593686238731028133	0.12540575357302433
prim/dp/comp/N2	4605210854977551093	0.7811124449779913
prim/dp/comp/Ar	4576516852069590693	0.009303721488595438
prim/dp/mass_per_air	4584231149753163643	0.029746789561925873
prim/dp/h_absB/entry	4663112361614025850	5811.986659803539
prim/dp/S/entry/pt9	4642801427137367693	244.35310516330756
prim/dp/S/entry/p9	4643282746339518455	260.0660393402208
prim/dp/S/entry/bar	4643145813327293580	254.14114938522505
prim/dp/h_absB/mid	13888042233812399980	-7228.829651040822
prim/dp/S/mid/pt9	4642373759521220056	232.19806044436586
prim/dp/S/mid/p9	4642926609243907897	247.91099462127912
prim/dp/S/mid/bar	4642718145711145942	241.98610466628332
prim/dp/h_absB/exit	13892310735211125234	-14030.018115383547
prim/dp/S/exit/pt9	4642073370843320822	223.6605007249306
prim/dp/S/exit/p9	4642626220566008664	239.3734349018439
prim/dp/S/exit/bar	4642417757033246708	233.44854494684807
prim/dp/x_no_e/entry	4553309390629246001	0.000253365415943843
prim/dp/x_no_e/mid	4530763407770656461	7.870261285583026e-06
prim/dp/x_no_e/exit	4508311644327572431	2.494521006665431e-07
prim/hot/comp/CO2	4592648204074089202	0.1107972520803562
prim/hot/comp/H2O	4592640434833715201	0.11068943221101792
prim/hot/comp/CO	4563311042249764552	0.0012290991468572477
prim/hot/comp/H2	4552713395465211498	0.00023259853918099492
prim/hot/comp/OH	4567164654594361806	0.002176311244086216
prim/hot/comp/O	4551777580730848638	0.00020723322997999097
prim/hot/comp/H	4539895847844423716	3.232970994278297e-05
prim/hot/comp/O2	4586161135223282129	0.041635543537086435
prim/hot/comp/N2	4605210854977551093	0.7811124449779913
prim/hot/comp/Ar	4576516852069590693	0.009303721488595438
prim/hot/mass_per_air	4584457199792600327	0.03053105818223847
prim/hot/h_absB/entry	4659958750269714995	3519.896925350907
prim/hot/S/entry/pt9	4643445399995120416	269.3118292148447
prim/hot/S/entry/p9	4643777224541158401	288.17387087357935
prim/hot/S/entry/bar	4643670017004070209	282.07982793783964
prim/hot/h_absB/mid	13899162985327990039	-40440.75387362594
prim/hot/S/mid/pt9	4642563838118566891	237.60041910709637
prim/hot/S/mid/p9	4643219351514812119	256.46246076583105
prim/hot/S/mid/bar	4643013072136466479	250.36841783009137
prim/hot/h_absB/exit	13900158609638371506	-47684.874155612095
prim/hot/S/exit/pt9	4642243905275284074	228.50738079806916
prim/hot/S/exit/p9	4642907554367360044	247.36942245680382
prim/hot/S/exit/bar	4642693139293183662	241.27537952106417
prim/hot/x_no_e/entry	4569819974199580383	0.003327872557934749
prim/hot/x_no_e/mid	4526819221002553956	4.408971765709235e-06
prim/hot/x_no_e/exit	4504375433081636857	1.3974469573841745e-07
dp/cool/far	4581585113324064586	0.020566506538229924
dp/cool/Tt9	4652342732888277219	1052.2665984184066
dp/cool/pt9	4688354166737185681	268369.5796801383
dp/cool/p9	4677104761256804352	50000.0
dp/cool/V9_cycle	4651232338067957035	911.8960234645396
dp/cool/T9_cycle	4649287324828129908	690.7736189019183
nz/cool/T9_frozen	4649287324828129836	690.7736189019101
nz/cool/T9_eq	4649287426667284584	690.7851966733697
nz/cool/V9_frozen	4651232338067957122	911.8960234645494
nz/cool/V9_eq	4651232426480793941	911.9060748403814
nz/cool/dV9	4576947845454823424	0.010051375831949372
nz/cool/dV9_frac	4532624162315567300	1.1022502098168351e-05
nz/cool/co_frac_entry	4504685573237530646	1.4795403731056196e-07
nz/cool/exit_eq/CO2	4586280092451651039	0.042460975123841165
nz/cool/exit_eq/H2O	4586280092450643938	0.042460975116853
nz/cool/exit_eq/CO	4342968679838803906	2.3119782418257115e-18
nz/cool/exit_eq/H2	4358188992333990179	2.376367146701904e-17
nz/cool/exit_eq/OH	4444696532564874705	1.397628209833169e-11
nz/cool/exit_eq/O	4368389412232518484	1.0976226582411458e-16
nz/cool/exit_eq/H	4278434009303359545	1.062167979996107e-22
nz/cool/exit_eq/O2	4594424346906294989	0.14589237084415743
nz/cool/exit_eq/N2	4605210854977551093	0.7811124449779913
nz/cool/exit_eq/Ar	4576516852069590693	0.009303721488595438
clamp/cool/x_no_e_entry	4542372842981541326	4.911448187340136e-05
clamp/cool/x_no_e_exit	4507411968441752475	2.2012111747343714e-07
clamp/cool/collapse	4642054522799256567	223.1248070932049
dp/dp/far	4583491089772941734	0.02717919071928212
dp/dp/Tt9	4653268190414211658	1262.6912775567203
dp/dp/pt9	4689142792485382618	314273.63981881517
dp/dp/p9	4677104761256804352	50000.0
dp/dp/V9_cycle	4652288304451276684	1039.8910046489646
dp/dp/T9_cycle	4650351087250161908	811.7094047498235
nz/dp/T9_frozen	4650351087250161843	811.7094047498161
nz/dp/T9_eq	4650351943366027650	811.806733855323
nz/dp/V9_frozen	4652288304451276720	1039.8910046489727
nz/dp/V9_eq	4652288616425207629	1039.961939308286
nz/dp/dV9	4589775801547177984	0.07093465931325227
nz/dp/dV9_frac	4544661696147586374	6.82135521858823e-05
nz/dp/co_frac_entry	4527661933814733655	5.122777282698765e-06
nz/dp/exit_eq/CO2	4588247602549487378	0.05611331894759365
nz/dp/exit_eq/H2O	4588247602475270513	0.0561133184326107
nz/dp/exit_eq/CO	4393067255940600355	5.175889066400443e-15
nz/dp/exit_eq/H2	4401903487938946788	2.0164078727031512e-14
nz/dp/exit_eq/OH	4472551294990851774	1.0299359477877996e-09
nz/dp/exit_eq/O	4410083557671495687	7.021647261034241e-14
nz/dp/exit_eq/H	4337427745837034090	9.562057875130707e-19
nz/dp/exit_eq/O2	4593686530610454326	0.12541385485450868
nz/dp/exit_eq/N2	4605210854977551093	0.7811124449779913
nz/dp/exit_eq/Ar	4576516852069590693	0.009303721488595438
clamp/dp/x_no_e_entry	4553309390629246001	0.000253365415943843
clamp/dp/x_no_e_exit	4522103537436887460	2.1146648411945373e-06
clamp/dp/collapse	4638131543132711127	119.8135094546336
dp/warm/far	4585619188231855584	0.03787503086203592
dp/warm/Tt9	4654647017826948764	1576.2003341926384
dp/warm/pt9	4690101518835834607	370078.85813473066
dp/warm/p9	4677104761256804352	50000.0
dp/warm/V9_cycle	4653030337690208952	1208.6098294860403
dp/warm/T9_cycle	4651997398599473803	998.8733359582997
nz/warm/T9_frozen	4651997398599473769	998.8733359582958
nz/warm/T9_eq	4652006707907421435	999.9316817402427
nz/warm/V9_frozen	4653030337690208968	1208.609829486044
nz/warm/V9_eq	4653033078172241216	1209.2329429582023
nz/warm/dV9	4603787726747320320	0.6231134721583658
nz/warm/dV9_frac	4557894444712503252	0.0005155621416907904
nz/warm/co_frac_entry	4553290394884093731	0.00025233565453573937
nz/warm/exit_eq/CO2	4590299008949492986	0.07819562062205768
nz/warm/exit_eq/H2O	4590299005231216851	0.07819556902061046
nz/warm/exit_eq/CO	4447518377366027043	2.251852127746359e-11
nz/warm/exit_eq/H2	4450056500549258348	3.233544873444591e-11
nz/warm/exit_eq/OH	4502388733451596592	1.0318324197363007e-07
nz/warm/exit_eq/O	4454866584168347652	6.863211021901152e-11
nz/warm/exit_eq/H	4401396955789382884	1.8565745086917407e-14
nz/warm/exit_eq/O2	4591314643165622143	0.09229037676385408
nz/warm/exit_eq/N2	4605210854977551093	0.7811124449779913
nz/warm/exit_eq/Ar	4576516852069590693	0.009303721488595438
clamp/warm/x_no_e_entry	4563146321197880228	0.0011933809623958314
clamp/warm/x_no_e_exit	4537138964769449981	2.208296084896948e-05
clamp/warm/collapse	4632802384354938914	54.0408041547346
dp/hot/far	4587980708589503110	0.054261370075669155
dp/hot/Tt9	4656474852593391881	1991.8018431417315
dp/hot/pt9	4691084119214877324	427273.7278114937
dp/hot/p9	4677104761256804352	50000.0
dp/hot/V9_cycle	4653900841345945237	1406.5394451775694
dp/hot/T9_cycle	4653247435782818650	1257.9722207344225
nz/hot/T9_frozen	4653247435782818574	1257.9722207344053
nz/hot/T9_eq	4653308816264861714	1271.9285265370313
nz/hot/V9_frozen	4653900841345945308	1406.5394451775855
nz/hot/V9_eq	4653929315186485836	1413.01364695527
nz/hot/dV9	4618975321605763072	6.474201777684357
nz/hot/dV9_frac	4571956838453963636	0.004602929409396651
nz/hot/co_frac_entry	4577478271393319928	0.010971518159726287
nz/hot/exit_eq/CO2	4592736765048196832	0.11202628248707525
nz/hot/exit_eq/H2O	4592736529226196264	0.11202300979939095
nz/hot/exit_eq/CO	4499786286109607732	6.874013818989657e-08
nz/hot/exit_eq/H2	4496379961643309051	4.1631227013945134e-08
nz/hot/exit_eq/OH	4529405205099500152	6.599385496898321e-06
nz/hot/exit_eq/O	4494801661197576792	3.118691077799692e-08
nz/hot/exit_eq/H	4462094804722703161	2.076940206679687e-10
nz/hot/exit_eq/O2	4586147754553682258	0.04154269649036969
nz/hot/exit_eq/N2	4605210854977551093	0.7811124449779913
nz/hot/exit_eq/Ar	4576516852069590693	0.009303721488595438
clamp/hot/x_no_e_entry	4569819974199580383	0.003327872557934749
clamp/hot/x_no_e_exit	4549202002066642951	0.00013742203040151299
clamp/hot/collapse	4627509539985065862	24.21644148475709
dp/cool0/far	4581786114630726812	0.021263869908967878
dp/cool0/Tt9	4652486993103246260	1085.0675737161482
dp/cool0/pt9	4690158102991709771	373372.489492987
dp/cool0/p9	4677104761256804352	50000.0
dp/cool0/V9_cycle	4651956617081298159	994.2370141194241
dp/cool0/T9_cycle	4648976905827319412	655.4830643310693
nz/cool0/T9_frozen	4648976905827319472	655.4830643310761
nz/cool0/T9_eq	4648977002621428940	655.4940685472916
nz/cool0/V9_frozen	4651956617081298097	994.237014119417
nz/cool0/V9_eq	4651956703331918665	994.2468196797209
nz/cool0/dV9	4576806142450597888	0.009805560303902894
nz/cool0/dV9_frac	4531939357230684120	9.862397159481688e-06
nz/cool0/co_frac_entry	4504532152942516273	1.438930359151042e-07
nz/cool0/exit_eq/CO2	4586487583001059117	0.04390073003224724
nz/cool0/exit_eq/H2O	4586487583000834556	0.043900730030689034
nz/cool0/exit_eq/CO	4325965406449101119	1.6884059193541805e-19
nz/cool0/exit_eq/H2	4343409040594110174	2.481599034821176e-18
nz/cool0/exit_eq/OH	4434754318304702739	3.116420971390215e-12
nz/cool0/exit_eq/O	4352676978718509465	1.0328127976677182e-17
nz/cool0/exit_eq/H	4257324177458563205	4.353832138319309e-24
nz/cool0/exit_eq/O2	4594346537950364781	0.1437327384842634
nz/cool0/exit_eq/N2	4605210854977551093	0.7811124449779913
nz/cool0/exit_eq/Ar	4576516852069590693	0.009303721488595438
clamp/cool0/x_no_e_entry	4544541653439857922	6.658667012950442e-05
clamp/cool0/x_no_e_exit	4501663239487857731	9.358140931236551e-08
clamp/cool0/collapse	4649469964739327108	711.5373728476848
dp/dp0/far	4583674764794542402	0.02781644146312457
dp/dp0/Tt9	4653405807500276404	1293.9817802190491
dp/dp0/pt9	4690952814143653512	419630.76674947934
dp/dp0/p9	4677104761256804352	50000.0
dp/dp0/V9_cycle	4652618245388949413	1114.9108883267993
dp/dp0/T9_cycle	4650032830652080093	775.5278185298627
nz/dp0/T9_frozen	4650032830652080254	775.527818529881
nz/dp0/T9_eq	4650033646199677186	775.6205355571876
nz/dp0/V9_frozen	4652618245388949327	1114.9108883267797
nz/dp0/V9_eq	4652618551967602473	1114.980596241958
nz/dp0/dV9	4589687405316308992	0.06970791517824182
nz/dp0/dV9_frac	4544241830123203196	6.252330648851863e-05
nz/dp0/co_frac_entry	4527498528904059235	4.984367939614385e-06
nz/dp0/exit_eq/CO2	4588437207442000016	0.05742896718040058
nz/dp0/exit_eq/H2O	4588437207417554286	0.057428967010774254
nz/dp0/exit_eq/CO	4380639085493348124	7.537415391926904e-16
nz/dp0/exit_eq/H2	4391310034250422867	3.789685573213033e-15
nz/dp0/exit_eq/OH	4465125614472412237	3.392465892630704e-10
nz/dp0/exit_eq/O	4398752798125482513	1.221655468447666e-14
nz/dp0/exit_eq/H	4321924040454101037	8.998423092949066e-20
nz/dp0/exit_eq/O2	4593559237646062424	0.12344038267799584
nz/dp0/exit_eq/N2	4605210854977551093	0.7811124449779913
nz/dp0/exit_eq/Ar	4576516852069590693	0.009303721488595438
clamp/dp0/x_no_e_entry	4554343111683123173	0.00030940354656172473
clamp/dp0/x_no_e_exit	4517906909039633520	1.1223361070392448e-06
clamp/dp0/collapse	4643557397571517658	275.67815436138847
dp/warm0/far	4585696170412051188	0.03840920204290468
dp/warm0/Tt9	4654776108357421610	1605.552122571166
dp/warm0/pt9	4691891708843150000	474281.6310512228
dp/warm0/p9	4677104761256804352	50000.0
dp/warm0/V9_cycle	4653330501680788383	1276.8592192597932
dp/warm0/T9_cycle	4651665178042562080	961.1042314168917
nz/warm0/T9_frozen	4651665178042561984	961.1042314168808
nz/warm0/T9_eq	4651674052596525820	962.1131513932191
nz/warm0/V9_frozen	4653330501680788428	1276.8592192598035
nz/warm0/V9_eq	4653333210017206050	1277.475023665415
nz/warm0/dV9	4603721892528566272	0.6158044056114704
nz/warm0/dV9_frac	4557532130086283736	0.00048228058060187156
nz/warm0/co_frac_entry	4553169451320304112	0.00024577929080529717
nz/warm0/exit_eq/CO2	4590378476468222604	0.07929845398460084
nz/warm0/exit_eq/H2O	4590378474736032668	0.07929842994563646
nz/warm0/exit_eq/CO	4439038722371901654	6.055777179370632e-12
nz/warm0/exit_eq/H2	4442395769298884935	1.0259198567665826e-11
nz/warm0/exit_eq/OH	4497352888707901965	4.806951825602022e-08
nz/warm0/exit_eq/O	4446926701763224800	2.0606714294812647e-11
nz/warm0/exit_eq/H	4391145106826647873	3.659580776398122e-15
nz/warm0/exit_eq/O2	4591195442882489212	0.09063614052790386
nz/warm0/exit_eq/N2	4605210854977551093	0.7811124449779913
nz/warm0/exit_eq/Ar	4576516852069590693	0.009303721488595438
clamp/warm0/x_no_e_entry	4563827254915734511	0.0013410349256390804
clamp/warm0/x_no_e_exit	4534534124408939986	1.425810374035527e-05
clamp/warm0/collapse	4636318894774741039	94.05422698977121
dp/hot0/far	4588030975683916218	0.0546101681106594
dp/hot0/Tt9	4656594157056376306	2018.9285373872813
dp/hot0/pt9	4692789657374150667	528810.2293229116
dp/hot0/p9	4677104761256804352	50000.0
dp/hot0/V9_cycle	4654177776346744721	1469.5071741682225
dp/hot0/T9_cycle	4653069662893919109	1217.5513455911725
nz/hot0/T9_frozen	4653069662893918986	1217.5513455911446
nz/hot0/T9_eq	4653128317629924400	1230.887888498848
nz/hot0/V9_frozen	4654177776346744829	1469.507174168247
nz/hot0/V9_eq	4654206084221345633	1475.943639660218
nz/hot0/dV9	4618932834325193728	6.436465491970921
nz/hot0/dV9_frac	4571699837227606188	0.0043800163790381035
nz/hot0/co_frac_entry	4577339705500285715	0.010731144652110147
nz/hot0/exit_eq/CO2	4592788657868784595	0.1127464400399412
nz/hot0/exit_eq/H2O	4592788516522203205	0.11274447846207732
nz/hot0/exit_eq/CO	4494305608258492599	2.8853315086804547e-08
nz/hot0/exit_eq/H2	4491434194419720314	1.935260365460895e-08
nz/hot0/exit_eq/OH	4526268020960798033	3.942087169814022e-06
nz/hot0/exit_eq/O	4489449303959964347	1.38431566115251e-08
nz/hot0/exit_eq/H	4454970936738499786	6.998083557682284e-11
nz/hot0/exit_eq/O2	4585992177218921583	0.04046316187061271
nz/hot0/exit_eq/N2	4605210854977551093	0.7811124449779913
nz/hot0/exit_eq/Ar	4576516852069590693	0.009303721488595438
clamp/hot0/x_no_e_entry	4570294357902444659	0.0035336036944296156
clamp/hot0/x_no_e_exit	4547136156285870904	0.00010174874040659316
clamp/hot0/collapse	4630084450382988595	34.72872175428565
iters/cool/shipped	4631248529308778496	43.0
iters/cool/converged	4641240890982006784	200.0
resid/cool/shipped	13664484219395506176	-8.185452315956354e-12
resid/cool/converged	13654914070187343872	-1.8189894035458565e-12
conv/cool/T9	4649287324828129892	690.7736189019165
iters/dp/shipped	4631389266797133824	44.0
iters/dp/converged	4641240890982006784	200.0
resid/dp/shipped	13663991638186262528	-7.389644451905042e-12
resid/dp/converged	4432104983285989376	2.0463630789890885e-12
conv/dp/T9	4650351087250161926	811.7094047498256
iters/warm/shipped	4631389266797133824	44.0
iters/warm/converged	4641240890982006784	200.0
resid/warm/shipped	13659699144791425024	-3.865352482534945e-12
resid/warm/converged	4436749320401715200	4.206412995699793e-12
conv/warm/T9	4651997398599473840	998.8733359583039
iters/hot/shipped	4631389266797133824	44.0
iters/hot/converged	4641240890982006784	200.0
resid/hot/shipped	13669269293999587328	-1.7280399333685637e-11
resid/hot/converged	4432667933239410688	2.2737367544323206e-12
conv/hot/T9	4653247435782818660	1257.9722207344248
iters/cool0/shipped	4631389266797133824	44.0
iters/cool0/converged	4641240890982006784	200.0
resid/cool0/shipped	4439986282633887744	6.821210263296962e-12
resid/cool0/converged	4418031234450456576	2.2737367544323206e-13
conv/cool0/T9	4648976905827319414	655.4830643310695
iters/dp0/shipped	4631389266797133824	44.0
iters/dp0/converged	4641240890982006784	200.0
resid/dp0/shipped	4446213916493611008	1.830358087318018e-11
resid/dp0/converged	4429853183472304128	1.4779288903810084e-12
conv/dp0/T9	4650032830652080106	775.5278185298641
iters/warm0/shipped	4631389266797133824	44.0
iters/warm0/converged	4641240890982006784	200.0
resid/warm0/shipped	13666173069255770112	-1.0913936421275139e-11
resid/warm0/converged	13641403271305232384	-2.2737367544323206e-13
conv/warm0/T9	4651665178042562078	961.1042314168915
iters/hot0/shipped	4631389266797133824	44.0
iters/hot0/converged	4641240890982006784	200.0
resid/hot0/shipped	13672576624975937536	-2.7966962079517543e-11
resid/hot0/converged	13651536370466816000	-1.1368683772161603e-12
conv/hot0/T9	4653069662893919104	1217.5513455911714
resid/bit_equal_count	0	0.0
bp/dp/r999/T9	4653266904024651214	1262.3987864343103
bp/dp/r999/V9	4628277145827149697	26.94352525985551
bp/dp/r900/T9	4653134091741883182	1232.200769557337
bp/dp/r900/V9	4643542465143197164	274.82934408375763
bp/dp/r500/T9	4652434705950865812	1073.1788517009454
bp/dp/r500/V9	4649205462354812502	681.4669331823923
bp/dp/r250/T9	4651197353383204966	907.9187252863892
bp/dp/r250/V9	4651360002922764016	926.4098370957345
bp/dp/r159/T9	4650349995702235445	811.5853101178424
bp/dp/r159/V9	4652288906128376887	1040.0278101826677
bp/dp/r100/T9	4649558351562316894	721.5857912496538
bp/dp/r100/V9	4652701839057406531	1133.9178879676772
bp/dp/r050/T9	4648511608718795143	602.5849074619335
bp/dp/r050/V9	4653188422057377718	1244.55405307932
bp/dp/r030/T9	4647838526351735090	526.0643016246961
bp/dp/r030/V9	4653473339841288243	1309.3368568061967
guard/dp/fires	4616189618054758400	4.0
guard/dp/ladder	4622945017495814144	12.0
bp/hot/r999/T9	4656473035663520441	1991.3887211188396
bp/hot/r999/V9	4629964452893223593	33.87608830766596
bp/hot/r900/T9	4656285319800814939	1948.7070754764925
bp/hot/r900/V9	4644790316557190210	345.7614846854159
bp/hot/r500/T9	4655291982718058246	1722.8483720160452
bp/hot/r500/V9	4650779558853620127	860.4209864004987
bp/hot/r250/T9	4654248805764315548	1485.6573939058935
bp/hot/r250/V9	4652880892530251000	1174.629934189199
bp/hot/r159/T9	4653635211535825192	1346.142218943287
bp/hot/r159/V9	4653530466988742140	1322.3260662903767
bp/hot/r100/T9	4653056896168362534	1214.648528277999
bp/hot/r100/V9	4654073396481099199	1445.7739404741294
bp/hot/r050/T9	4652279678182477192	1037.9296182066628
bp/hot/r050/V9	4654722938598351396	1593.4627190289402
bp/hot/r030/T9	4651317555231404161	921.5840932964494
bp/hot/r030/V9	4655109675866134625	1681.3965930356865
bp/hot/r020/T9	4650571873606335712	836.8099073953017
bp/hot/r020/V9	4655373326408164824	1741.3437858096931
bp/hot/r010/T9	4649423896626277052	706.300034755222
bp/hot/r010/V9	4655752172661740820	1827.483450913166
bp/hot/r005/T9	4648426708126077334	592.932827555155
bp/hot/r005/V9	4656057752682834932	1896.9643034513547
guard/hot/fires	4607182418800017408	1.0
guard/hot/ladder	4622945017495814144	12.0
r17/dp/far	4583491089772941734	0.02717919071928212
r17/dp/Tt3	4648343779432381832	583.5049266125288
r17/dp/Tt4	4654311885213007872	1500.0
r17/dp/p	4694667685457302737	747441.4730230813
r17/dp/Tt9	4653268190414211658	1262.6912775567203
r17/dp/pt9	4689142792485382618	314273.63981881517
r17/dp/p9	4677104761256804352	50000.0
r17/nozzle/T9	4650351087250161843	811.7094047498161
r17/nozzle/x_no_e_exit	4522103537436887460	2.1146648411945373e-06
r17/nozzle/collapse	4638131543132711127	119.8135094546336
r17/J225/T9	4650351087250161843	811.7094047498161
r17/J225/x_no_e_exit	4522103537436887460	2.1146648411945373e-06
r17/J225/collapse	4638131543132711127	119.8135094546336
r17/J225/x_no_mixed	4495143006116862340	3.344574197340879e-08
r17/J225/x_no_bulk	4529782715630518973	6.919149354606729e-06
r17/J225/x_no_pocket	4537525888694006520	2.3393910097690784e-05
r17/J225/a_mixed	4580215900685572742	0.01581609592303803
r17/J225/a_bulk	4614550271579355557	3.2719839190678663
r17/J225/a_pocket	4622417366463531352	11.06270347998786
r17/J225/ei_bulk	4598556709089794682	0.27117692379889713
r17/J225/ei_pocket	4606433556737425663	0.916859609584236
r17/J225/gap	4614795840580583046	3.381038462786651
r17/J225/max_a_quench	4604662429096596122	0.7202249409443369
r17/J225/hides	4607182418800017408	1.0
r17/J225/monotone	4607182418800017408	1.0
r17/J225/ce15/T9	4650351087250161843	811.7094047498161
r17/J225/ce15/x_no_e_exit	4522103537436887460	2.1146648411945373e-06
r17/J225/ce15/collapse	4638131543132711127	119.8135094546336
r17/J225/ce15/x_no_mixed	4495143006116862340	3.344574197340879e-08
r17/J225/ce15/x_no_bulk	4531555304638938010	9.211786762106968e-06
r17/J225/ce15/x_no_pocket	4538202555822166039	2.5686547505191027e-05
r17/J225/ce15/a_mixed	4580215900685572742	0.01581609592303803
r17/J225/ce15/a_bulk	4616590601723647582	4.356145041359552
r17/J225/ce15/a_pocket	4623027694916826655	12.146864602279548
r17/J225/ce15/ei_bulk	4600175367338151443	0.3610305066151522
r17/J225/ce15/ei_pocket	4607212652330810726	1.006713192400491
r17/J225/ce15/gap	4613461435496793043	2.788443563506442
r17/J225/ce15/max_a_quench	4604662429096596122	0.7202249409443369
r17/J225/ce15/hides	4607182418800017408	1.0
r17/J225/ce15/monotone	4607182418800017408	1.0
r17/J225/su/T9	4650351087250161843	811.7094047498161
r17/J225/su/x_no_e_exit	4522103537436887460	2.1146648411945373e-06
r17/J225/su/collapse	4638131543132711127	119.8135094546336
r17/J225/su/x_no_mixed	4496537452976146597	4.2673417231291966e-08
r17/J225/su/x_no_bulk	4530901374278262555	8.103985640702972e-06
r17/J225/su/x_no_pocket	4538656498629711889	2.722456556183284e-05
r17/J225/su/a_mixed	4581473639623097753	0.020179754446187557
r17/J225/su/a_bulk	4615811943914519518	3.832278989480513
r17/J225/su/a_pocket	4623437134359182236	12.874175156028109
r17/J225/su/ei_bulk	4599393232571950188	0.31761330532532983
r17/J225/su/ei_pocket	4607484121949748347	1.066991556686644
r17/J225/su/gap	4614747125152887899	3.3594044669940053
r17/J225/su/max_a_quench	4605428960453904539	0.8053270171424346
r17/J225/su/hides	4607182418800017408	1.0
r17/J225/su/monotone	4607182418800017408	1.0
r17/J25/T9	4650351087250161843	811.7094047498161
r17/J25/x_no_e_exit	4522103537436887460	2.1146648411945373e-06
r17/J25/collapse	4638131543132711127	119.8135094546336
r17/J25/x_no_mixed	4495143006116862340	3.344574197340879e-08
r17/J25/x_no_bulk	4536717629521169074	2.0655421500435484e-05
r17/J25/x_no_pocket	4542956210458293064	5.3067533658723994e-05
r17/J25/a_mixed	4580215900685572742	0.01581609592303803
r17/J25/a_bulk	4621688346905330903	9.767704601721944
r17/J25/a_pocket	4627756834814120146	25.095009206634877
r17/J25/ei_bulk	4605466836674873041	0.8095321224029367
r17/J25/ei_pocket	4611865791364494478	2.0798352215920834
r17/J25/gap	4612967701971456487	2.569181832363245
r17/J25/max_a_quench	4603433947817014121	0.5838361207530457
r17/J25/hides	4607182418800017408	1.0
r17/J25/monotone	4607182418800017408	1.0
r17/J4000/T9	4650351087250161843	811.7094047498161
r17/J4000/x_no_e_exit	4522103537436887460	2.1146648411945373e-06
r17/J4000/collapse	4638131543132711127	119.8135094546336
r17/J4000/x_no_mixed	4495143006116862340	3.344574197340879e-08
r17/J4000/x_no_bulk	4520481795308381737	1.6675894833048524e-06
r17/J4000/x_no_pocket	4538623900305729168	2.71141181440783e-05
r17/J4000/a_mixed	4580215900685572742	0.01581609592303803
r17/J4000/a_bulk	4605278146902196329	0.7885833493892395
r17/J4000/a_pocket	4623407731889594999	12.821945878081562
r17/J4000/ei_bulk	4589373856988671811	0.06535655801979794
r17/J4000/ei_pocket	4607464627303192678	1.0626628755940373
r17/J4000/gap	4625269851109925116	16.259468181787256
r17/J4000/max_a_quench	4606165598898390410	0.887110313331662
r17/J4000/hides	0	0.0
r17/J4000/monotone	4607182418800017408	1.0
r17/J16000/T9	4650351087250161843	811.7094047498161
r17/J16000/x_no_e_exit	4522103537436887460	2.1146648411945373e-06
r17/J16000/collapse	4638131543132711127	119.8135094546336
r17/J16000/x_no_mixed	4495143006116862340	3.344574197340879e-08
r17/J16000/x_no_bulk	4516136912886247301	8.505995794188094e-07
r17/J16000/x_no_pocket	4539572215908452755	3.0327136383687092e-05
r17/J16000/a_mixed	4580215900685572742	0.01581609592303803
r17/J16000/a_bulk	4600917704260516206	0.40223848377708904
r17/J16000/a_pocket	4624263077111728571	14.34134421346686
r17/J16000/ei_bulk	4584965174382802808	0.03333689815177271
r17/J16000/ei_pocket	4608031744726411176	1.1885882397786904
r17/J16000/gap	4630214648386450926	35.65383420999193
r17/J16000/max_a_quench	4606847811345545616	0.9628511099834203
r17/J16000/hides	0	0.0
r17/J16000/monotone	4607182418800017408	1.0
r17/phi10/T9	4650351087250161843	811.7094047498161
r17/phi10/x_no_e_exit	4522103537436887460	2.1146648411945373e-06
r17/phi10/collapse	4638131543132711127	119.8135094546336
r17/phi10/x_no_mixed	4558020853508650452	0.0005292674108311976
r17/phi10/x_no_bulk	4558064073557622986	0.0005339533379302927
r17/phi10/x_no_pocket	4558216026405174613	0.0005504280986733759
r17/phi10/a_mixed	4643010112525366004	250.28430062336668
r17/phi10/a_bulk	4643088078262263853	252.50022014300467
r17/phi10/a_pocket	4643286702828558183	260.29093970392427
r17/phi10/ei_bulk	4626583595096443468	20.926824413132906
r17/phi10/ei_pocket	4626765338615387370	21.572507098918244
r17/phi10/gap	4607321374250003290	1.0308543079942951
r17/phi10/max_a_quench	4604662429096596122	0.7202249409443369
r17/phi10/hides	0	0.0
r17/phi10/monotone	4607182418800017408	1.0
r14c/phi10/x_no_mix	4558020853508650452	0.0005292674108311976
r14c/phi10/max_a	4643010112525366004	250.28430062336668
r14c/phi15/x_no_mix	4495143006116862340	3.344574197340879e-08
r14c/phi15/max_a	4580215900685572742	0.01581609592303803
edge/a_mixed	4580215900685572742	0.01581609592303803
edge/ce20/J25/a_bulk	4621688346905330903	9.767704601721944
edge/ce20/J25/ei_bulk	4605466836674873041	0.8095321224029367
edge/ce20/J100/a_bulk	4617200670412095082	4.8979948849733805
edge/ce20/J100/ei_bulk	4600984351999843060	0.4059381765140835
edge/ce20/J225/a_bulk	4614550271579355557	3.2719839190678663
edge/ce20/J225/ei_bulk	4598556709089794682	0.27117692379889713
edge/ce20/J400/a_bulk	4612718377904901952	2.458459704650437
edge/ce20/J400/ei_bulk	4596509006786663489	0.20375330578659326
edge/ce20/J625/a_bulk	4611551718256314975	1.9701793715727474
edge/ce20/J625/ei_bulk	4595050996584312867	0.16328539336689216
edge/ce20/J1000/a_bulk	4609709120008616664	1.561040371627021
edge/ce20/J1000/ei_bulk	4593829303233813971	0.129376591198009
edge/ce20/J2000/a_bulk	4607671433959851447	1.1085831779677002
edge/ce20/J2000/ei_bulk	4591284902686036042	0.09187764469885554
edge/ce20/J2500/a_bulk	4607121583986445747	0.9932459789273963
edge/ce20/J2500/ei_bulk	4590596106510890681	0.08231867753735402
edge/ce20/J4000/a_bulk	4605278146902196329	0.7885833493892395
edge/ce20/J4000/ei_bulk	4589373856988671811	0.06535655801979794
edge/ce20/J8000/a_bulk	4603239762087241852	0.5622771739283645
edge/ce20/J8000/ei_bulk	4586876683220692157	0.0466006551742679
edge/ce20/J16000/a_bulk	4600917704260516206	0.40223848377708904
edge/ce20/J16000/ei_bulk	4584965174382802808	0.03333689815177271
edge/ce20/first_dormant	4619567317775286272	7.0
edge/ce15/J25/a_bulk	4623512029705698715	13.007216017051908
edge/ce15/J25/ei_bulk	4607533779625770122	1.0780177757403941
edge/ce15/J100/a_bulk	4619029836110508088	6.52262038435952
edge/ce15/J100/ei_bulk	4603044372786875019	0.5405846039250987
edge/ce15/J225/a_bulk	4616590601723647582	4.356145041359552
edge/ce15/J225/ei_bulk	4600175367338151443	0.3610305066151522
edge/ce15/J400/a_bulk	4614550271579355557	3.2719839190678663
edge/ce15/J400/ei_bulk	4598556709089794682	0.27117692379889713
edge/ce15/J625/a_bulk	4613084818882049584	2.621192188648614
edge/ce15/J625/ei_bulk	4596994927692852126	0.2172403202415269
edge/ce15/J1000/a_bulk	4611856793188863150	2.075839228885875
edge/ce15/J1000/ei_bulk	4595366498027859518	0.1720423175400913
edge/ce15/J2000/a_bulk	4609311274752022141	1.4727009788051924
edge/ce15/J2000/ei_bulk	4593459421840359900	0.12205516010659018
edge/ce15/J2500/a_bulk	4608618822252506535	1.3189456371208992
edge/ce15/J2500/ei_bulk	4592541191710431910	0.10931215720470763
edge/ce15/J4000/a_bulk	4607390050539865142	1.046103507644387
edge/ce15/J4000/ei_bulk	4590911772782577899	0.08669942707391314
edge/ce15/J8000/a_bulk	4604880146340831150	0.7443964106851035
edge/ce15/J8000/ei_bulk	4589051923034771547	0.061694413459719676
edge/ce15/J16000/a_bulk	4602958301045212411	0.5310287209887571
edge/ce15/J16000/ei_bulk	4586503450386132163	0.044010832133801546
edge/ce15/first_dormant	4621256167635550208	9.0
roots/frozen_distinct	4628293042053316608	27.0
roots/shifting_distinct	4620693217682128896	8.0
