# kind	value (float: u64 bits; int: decimal; str: literal; bool: True/False)
float	3fe0000000000000
float	3ff8000000000000
float	4004000000000000
float	400c000000000000
float	4012000000000000
float	4016000000000000
float	401a000000000000
float	401e000000000000
float	4021000000000000
float	4023000000000000
float	4025000000000000
float	4027000000000000
float	4029000000000000
float	402b000000000000
float	402d000000000000
float	402f000000000000
float	4030800000000000
float	4031800000000000
float	4032800000000000
float	4033800000000000
float	3fd0000000000000
float	3fe8000000000000
float	3ff4000000000000
float	3ffc000000000000
float	4002000000000000
float	4006000000000000
float	400a000000000000
float	400e000000000000
float	4011000000000000
float	4013000000000000
float	4015000000000000
float	4017000000000000
float	4019000000000000
float	401b000000000000
float	401d000000000000
float	401f000000000000
float	4020800000000000
float	4021800000000000
float	4022800000000000
float	4023800000000000
float	3fc0000000000000
float	3fd8000000000000
float	3fe4000000000000
float	3fec000000000000
float	3ff2000000000000
float	3ff6000000000000
float	3ffa000000000000
float	3ffe000000000000
float	4001000000000000
float	4003000000000000
float	4005000000000000
float	4007000000000000
float	4009000000000000
float	400b000000000000
float	400d000000000000
float	400f000000000000
float	4010800000000000
float	4011800000000000
float	4012800000000000
float	4013800000000000
float	3fb0000000000000
float	3fc8000000000000
float	3fd4000000000000
float	3fdc000000000000
float	3fe2000000000000
float	3fe6000000000000
float	3fea000000000000
float	3fee000000000000
float	3ff1000000000000
float	3ff3000000000000
float	3ff5000000000000
float	3ff7000000000000
float	3ff9000000000000
float	3ffb000000000000
float	3ffd000000000000
float	3fff000000000000
float	4000800000000000
float	4001800000000000
float	4002800000000000
float	4003800000000000
float	3fa0000000000000
float	3fb8000000000000
float	3fc4000000000000
float	3fcc000000000000
float	3fd2000000000000
float	3fd6000000000000
float	3fda000000000000
float	3fde000000000000
float	3fe1000000000000
float	3fe3000000000000
float	3fe5000000000000
float	3fe7000000000000
float	3fe9000000000000
float	3feb000000000000
float	3fed000000000000
float	3fef000000000000
float	3ff0800000000000
float	3ff1800000000000
float	3ff2800000000000
float	3ff3800000000000
float	3f90000000000000
float	3fa8000000000000
float	3fb4000000000000
float	3fbc000000000000
float	3fc2000000000000
float	3fc6000000000000
float	3fca000000000000
float	3fce000000000000
float	3fd1000000000000
float	3fd3000000000000
float	3fd5000000000000
float	3fd7000000000000
float	3fd9000000000000
float	3fdb000000000000
float	3fdd000000000000
float	3fdf000000000000
float	3fe0800000000000
float	3fe1800000000000
float	3fe2800000000000
float	3fe3800000000000
float	3f80000000000000
float	3f98000000000000
float	3fa4000000000000
float	3fac000000000000
float	3fb2000000000000
float	3fb6000000000000
float	3fba000000000000
float	3fbe000000000000
float	3fc1000000000000
float	3fc3000000000000
float	3fc5000000000000
float	3fc7000000000000
float	3fc9000000000000
float	3fcb000000000000
float	3fcd000000000000
float	3fcf000000000000
float	3fd0800000000000
float	3fd1800000000000
float	3fd2800000000000
float	3fd3800000000000
float	3f70000000000000
float	3f88000000000000
float	3f94000000000000
float	3f9c000000000000
float	3fa2000000000000
float	3fa6000000000000
float	3faa000000000000
float	3fae000000000000
float	3fb1000000000000
float	3fb3000000000000
float	3fb5000000000000
float	3fb7000000000000
float	3fb9000000000000
float	3fbb000000000000
float	3fbd000000000000
float	3fbf000000000000
float	3fc0800000000000
float	3fc1800000000000
float	3fc2800000000000
float	3fc3800000000000
float	3f60000000000000
float	3f78000000000000
float	3f84000000000000
float	3f8c000000000000
float	3f92000000000000
float	3f96000000000000
float	3f9a000000000000
float	3f9e000000000000
float	3fa1000000000000
float	3fa3000000000000
float	3fa5000000000000
float	3fa7000000000000
float	3fa9000000000000
float	3fab000000000000
float	3fad000000000000
float	3faf000000000000
float	3fb0800000000000
float	3fb1800000000000
float	3fb2800000000000
float	3fb3800000000000
float	3f50000000000000
float	3f68000000000000
float	3f74000000000000
float	3f7c000000000000
float	3f82000000000000
float	3f86000000000000
float	3f8a000000000000
float	3f8e000000000000
float	3f91000000000000
float	3f93000000000000
float	3f95000000000000
float	3f97000000000000
float	3f99000000000000
float	3f9b000000000000
float	3f9d000000000000
float	3f9f000000000000
float	3fa0800000000000
float	3fa1800000000000
float	3fa2800000000000
float	3fa3800000000000
float	3f40000000000000
float	3f58000000000000
float	3f64000000000000
float	3f6c000000000000
float	3f72000000000000
float	3f76000000000000
float	3f7a000000000000
float	3f7e000000000000
float	3f81000000000000
float	3f83000000000000
float	3f85000000000000
float	3f87000000000000
float	3f89000000000000
float	3f8b000000000000
float	3f8d000000000000
float	3f8f000000000000
float	3f90800000000000
float	3f91800000000000
float	3f92800000000000
float	3f93800000000000
float	3fe0000000000000
float	3ff8000000000000
float	4004000000000000
float	400c000000000000
float	4012000000000000
float	4016000000000000
float	401a000000000000
float	401e000000000000
float	4021000000000000
float	4023000000000000
float	4025000000000000
float	4027000000000000
float	4029000000000000
float	402b000000000000
float	402d000000000000
float	402f000000000000
float	4030800000000000
float	4031800000000000
float	4032800000000000
float	4033800000000000
float	bfe0000000000000
float	bff8000000000000
float	c004000000000000
float	c00c000000000000
float	c012000000000000
float	c016000000000000
float	0000000000000000
float	8000000000000000
float	7ff0000000000000
float	fff0000000000000
float	7ff8000000000000
float	fff8000000000000
float	0000000000000001
float	8000000000000001
float	0010000000000000
float	7fefffffffffffff
float	7e37e43c8800759c
float	01a56e1fc2f8f359
float	4341c37937e08000
float	4341c37937e07fff
float	430c6bf526340000
float	4376345785d8a000
float	4480f0cf064dd592
float	3f1a36e2eb1c432d
float	3ee4f8b588e368f1
float	3f1a36e1334e458f
float	3f202e7ef70994dd
float	3f1a36e2eb1c432d
float	3f1a36e2eb1c432c
float	419d6f3454000000
float	4132d68700000000
float	412e847f00000000
float	416312cf60000000
float	40f869ff33333333
float	4023ffbe76c8b439
float	4023ffbe7672cdfe
float	3fee666666666666
float	3fa999999999999a
float	3fc3333333333333
float	3fd0000000000000
float	3fd6666666666666
float	4005666666666666
float	3ff0147ae147ae14
float	3fc0000000000000
float	3fd8000000000000
float	3ff0000000000000
float	bff0000000000000
float	4024000000000000
float	4059000000000000
float	412e848000000000
float	3eb0c6f7a0b5ed8d
float	3fb999999999999a
float	3fc999999999999a
float	3fd3333333333333
float	3fd5555555555555
float	3fe5555555555555
float	400921fb54442d18
float	4005bf0a8b145769
float	4097700000000000
float	406f400000000000
float	40e86a0000000000
float	3feb333333333333
float	4029000000000000
float	c029000000000000
float	3f40624dd2f1a9fc
float	3f40624dd2f1a9fc
float	3e015332d3be1d51
float	c15a934a8b783a51
float	bf2c51c14a69571d
float	c194f3dfd13561af
float	bebfd22ab0de98c2
float	c02428c8ff98a6ce
float	bd4cddefc9b1ec16
float	c0ad69549c6d737b
float	3f0a9035f8af3081
float	3faf101bfb698965
float	3d50764c4edcb329
float	404d9679f306dc63
float	3ed7f9bab2746abc
float	41a26516d7195ea4
float	c03576c2fe3f1c09
float	be7a4b43ed5f5436
float	3f8ace9b623b359c
float	bf94323601e4b949
float	bf219a86aa8894eb
float	4164d72526f77b0f
float	3d7bb5b00f45bd60
float	3f8066dcaab4b01c
float	4065e3f0dedd96d8
float	40a2a81cc958d558
float	3ee48b6037e999d9
float	41ca75d57fe5b2fc
float	be827af0f69cc6a1
float	c147e839eec0dfc3
float	4133d9960be875c2
float	c17fc3ba26500f06
float	3f7efc4deb13e0cf
float	4044771e84decf50
float	3de18d91c12d93c6
float	41ee027622c90bbf
float	3dd78726a9778abb
float	3fac3349fae4f889
float	c0cc8c532330e623
float	3def9d5846793bdb
float	c1a0748e69bb41d2
float	bf770c6f535ebdd3
float	bd6946c4f45f8676
float	3e09e393b58d6675
float	c10ca4bf427db0c3
float	be7712dc34f011e6
float	bf48220b78a07047
float	bf2f7e7cc87a8fa5
float	c12f0261f7bfbd3f
float	4064e829a767af35
float	3fc4da65ff6d225f
float	c175cb3a44411e71
float	3f6fb3b774da0fad
float	419bcab90e90c30d
float	3f2e1909bb039125
float	405c90eadd401c1d
float	c0943fdda3b41980
float	3ff4a6cf0e74aa1a
float	4148823ce21abfe4
float	402bf9881ae6f117
float	41c2ec6f0ac8720f
float	c0f7aa4da946699a
float	bf98e61766f71e30
float	c0d9245a429fbb99
float	c1748b9e88557c72
float	413c44e7100bcdc4
float	bf37137df62d9da6
float	be3bbed4cc9ad1ae
float	c0452221b071cda1
float	c133aa1743fe43a7
float	3f0ab1473ad1ed40
float	3d9b906d3bf2f0d2
float	c0e7b0c90ae3e51d
float	411f92e645dbf97f
float	bebe57e44f74d0b6
float	3f25fbaecf51fafd
float	bed8b2980cc84e77
float	c04301896b4a1bf8
float	beae15f3b91de532
float	c19125a05b2d874f
float	401511b8d2f4b7ad
float	41021ccdcdf90511
float	3d7db25fe704b3bc
float	3f2c9ccb90416142
float	c1b9a58b819487ea
float	3ebc50846ee8e770
float	bfab7988d09b2de3
float	c027da293581420e
float	be79c2fa5aedbe18
float	41d10937b91efdc5
float	bf99642061b95293
float	bf896957ced9a5d6
float	c0f6f6e6fd329579
float	bd4eaf7d4acbdab9
float	c1969b1a3587d4f9
float	c14a43cca4a24fa1
float	c08a1c19bbd947ce
float	c0a3f8008d45f4de
float	c0c15b68795f6e36
float	3e0ed79e4a40291a
float	4016e62753824be0
float	c1f31db90e741781
float	40ddc45da9c276ab
float	c1da5cbab4e0e971
float	3e6180aec625f73f
float	bf08aa8148c852ac
float	3ef55ad79e0ef944
float	3ff22d733f9d5a7a
float	c07d315299c63340
float	3f56f15b22a823c2
float	be7148115d60bfc5
float	bf9a28926bde64aa
float	3d905f034a285911
float	3ed1e0c5ee8eeaa7
float	c164128deab9b708
float	412a3279c583f6d4
float	bdf1f162343aa248
float	bd7bb38b43267158
float	3d84e0fe14408aea
float	4137db4b8f84c8b9
float	c0e06402fdd4593c
float	bd52797d3e7155b7
float	bebdd7bd3ae3b1b8
float	bf62d068df4cae5b
float	3d5e5dafca4655e9
float	bf6c2b67653aa82f
float	3f26fdd339a18f9a
float	be9b4d3578a57669
float	413447dcde1abd48
float	416d18bfe9ef9772
float	bffbaa0f3eca42b6
float	c1041ba756310f09
float	c1c915193031e53d
float	c0a2fa9f9cf7a09e
float	bd8ecc946ab74efb
float	3e7468328ecdfcbc
float	bfc3c56e33e90e16
float	408cfe904b75668d
float	c18c9a0c0e60f370
float	4071c2769dc458be
float	3fb815f0dfaa36e7
float	bd8a72baf2f0a8a4
float	bfb09b8fe8310fc8
float	40076d5c7f8d91c3
float	40c13762c8fb9de8
float	41ce832c960b0acb
float	3f1d0b9b435aecf2
float	3d62ba3b8a92eae4
float	c1f8bf6126938f80
float	3d51573dbc9d5d85
float	41a042bd025242f8
float	bf52cead0f5c21bd
float	3e7b2290e4f6b5e7
float	3f81928cdd045bb9
float	c16c28dc7dcac9ba
float	40cf63baee4be97e
float	bf189d7e69460de4
float	bf1e860b008a68d3
float	3fc0f0a87a42b22d
float	4021c564cecf6458
float	41fec325f5a5806e
float	bf9748937d60cd2c
float	411a815d66cdbdcb
float	c16b1f1e73b4b910
float	40aec5004d2b6b1f
float	3dc1a51968434f61
float	3ff1183df0317886
float	c03b8c57a03e50b0
float	3f63b3c087a9c5e5
float	bfb20f3bd1b00365
float	40dc9cdde4e7c097
float	c0fdd9cf7c3889cf
float	418dd5261b224aba
float	407ff8b5ed02f594
float	bea725f2fb9775cc
float	be2d016ff1c21c8a
float	c001f71a4b80a860
float	c0708f8a31faae47
float	bd713682663318c4
float	3fd5ab3ef9ff7f32
float	3d786339e8232c6c
float	c17ed017f8db570d
float	bdfcc537c87218ab
float	419a764d8ac11d8d
float	419b7b575825c092
float	bf7287c458864d64
float	c10758fa388cf4d7
float	3ea94e444dc05c30
float	3df7d57ce919baaf
float	3f223469145eb42b
float	c1f2bdd87ae6bad2
float	c05fd5470c773bd7
float	be965064d31467cd
float	be9edd34b4eed258
float	3d70210d111c0ba9
float	c0461c1b1d43d441
float	c066a2c6ad67212b
float	bfc0161505e9419c
float	401cfbe940c3a707
float	bd9aa125b3e5ba55
float	c034dac4095073be
float	c1040f0402b1367c
float	c1446ec9c818b357
float	3fc23a9a4fdf0004
float	c0b4bd60f398a548
float	3dd0a8aedab742f6
float	3e8a3b4a11398e90
float	3da95e96d9f344ed
float	3ec42687072a007d
float	be7787e73a30dace
float	bff31df588727020
float	bda9757d5f205e12
float	41d419fc30d36a64
float	be73ed81ba78c58b
float	41d7f77d9c9da6bf
float	4150645d1cd9b8c1
float	3f17769eac243c49
float	bd5ffb2754896395
float	bf5470c2e8c58a1b
float	3ec298a5fdb10fbc
float	3d746a3524841e71
float	3f6cc0d6db2dc199
float	3dc1dcf73dac842b
float	3d82827ddbc6ee1b
float	be753689f136116f
float	40c48e7130310f86
float	c0565bb10a4b8132
float	41eb3eb3d8a27ab5
float	be74e484c010f961
float	bdd688cb37b108e8
float	3f6e15380e402c2e
float	40e3facfee02d0ad
float	bdf06de348fab203
float	bde86b4d8982b1ca
float	3f684384c894aafa
float	bd505f861850ddce
float	405b4bb019ae12a6
float	be7555315853f5fa
float	3f2a62fb4b5caad0
float	bf3864fba8c1f781
float	bf8085ff22cd01cb
float	be6173e9fbbd70a6
float	c1b9323703ac2c9f
float	3d66fcc61a4199e5
float	3dc5716dcc0a5848
float	3f3122eb3edbe0a6
float	bf2086eb36b09e35
float	bea23f5465d4caa4
float	bd5758c34480a0ec
float	414c5880ed1e42fc
float	40b91d03cb3bab41
float	3f70516210cd1ad9
float	c00de7fcb923a29c
float	3f3436ae3ce9c04e
float	3f649911896a4c7a
float	3f547debbe299bdb
float	bfe61e6ddf00abf7
float	c0370350b0f27bb3
float	bf66e37ebff97fb3
float	bfb0506a7b9edccf
float	bffbe1ff2e48e8a7
float	405208f837b4a234
float	4128880500000000
float	c0ba12dae147ae14
float	3fd3b7564302b40f
float	c063c5df3b645a1d
float	c063f0978d4fdf3b
float	4043aa8f5c28f5c3
float	403a95013a92a305
float	c04d7bd70a3d70a4
float	402e9f34d6a161e5
float	3fd9632e3821af7d
float	40ba1a9851eb851f
float	3ffba5604189374c
float	40ba4f5ae147ae14
float	40532cd42c3c9eed
float	4079ea7ced916873
float	bf3d59ed872c8498
float	c058109930be0ded
float	3fb65f2cb641700d
float	bf6d5476fab339ff
float	3f9669057d1782d4
float	3fd8cedf61240746
float	c0f4d2359999999a
float	3fc7b4d056c508b3
float	c00237928e0c9d9d
float	411060b200000000
float	c0215b53f7ced917
float	3fb998442f03f98a
float	3f7d65c581a9e3bf
float	4057bd34d6a161e5
float	40f1a17a66666666
float	c02fa7a786c22681
float	bf74f24ebc7b9bd8
float	c0e892819999999a
float	3f828c6e8dd23b21
float	bfb7e58f3b71c616
float	bf1a29ccd80a6d97
float	bf7b6cb6e27fbc79
float	c123235700000000
float	40318989374bc6a8
float	c02a2e425aee6320
float	c047832e48e8a71e
float	4022ccb87bdcf030
float	40d74edccccccccd
float	412299ed00000000
float	40bad1dd70a3d70a
float	4043f935a858793e
float	c0d867c333333333
float	4031a32fec56d5d0
float	bfa63bd5992428d4
float	c0a1b12b851eb852
float_small	3fe0000000000000
float_small	3ff8000000000000
float_small	4004000000000000
float_small	400c000000000000
float_small	3fe0000000000000
float_small	4023000000000000
float_small	4032800000000000
float_small	0000000000000000
float_small	8000000000000000
float_small	7ff0000000000000
float_small	fff0000000000000
float_small	7ff8000000000000
float_small	fff8000000000000
float_small	0000000000000001
float_small	8000000000000001
float_small	0010000000000000
float_small	7fefffffffffffff
float_small	7e37e43c8800759c
float_small	01a56e1fc2f8f359
float_small	4341c37937e08000
float_small	4341c37937e07fff
float_small	430c6bf526340000
float_small	4376345785d8a000
float_small	4480f0cf064dd592
float_small	3f1a36e2eb1c432d
float_small	3ee4f8b588e368f1
float_small	3f1a36e1334e458f
float_small	3f202e7ef70994dd
float_small	3f1a36e2eb1c432d
float_small	3f1a36e2eb1c432c
float_small	419d6f3454000000
float_small	4132d68700000000
float_small	412e847f00000000
float_small	416312cf60000000
float_small	40f869ff33333333
float_small	4023ffbe76c8b439
float_small	4023ffbe7672cdfe
float_small	3fee666666666666
float_small	3fa999999999999a
float_small	3fc3333333333333
float_small	3fd0000000000000
float_small	3fd6666666666666
float_small	4005666666666666
float_small	3ff0147ae147ae14
float_small	3fc0000000000000
float_small	3fd8000000000000
float_small	3ff0000000000000
float_small	bff0000000000000
float_small	4024000000000000
float_small	4059000000000000
float_small	412e848000000000
float_small	3eb0c6f7a0b5ed8d
float_small	3fb999999999999a
float_small	3fc999999999999a
float_small	3fd3333333333333
float_small	3fd5555555555555
float_small	3fe5555555555555
float_small	400921fb54442d18
float_small	4005bf0a8b145769
float_small	4097700000000000
float_small	406f400000000000
float_small	40e86a0000000000
float_small	3feb333333333333
float_small	4029000000000000
float_small	c029000000000000
float_small	3f40624dd2f1a9fc
float_small	3f40624dd2f1a9fc
float_small	3e015332d3be1d51
float_small	c15a934a8b783a51
float_small	bf2c51c14a69571d
float_small	c047832e48e8a71e
float_small	4022ccb87bdcf030
float_small	40d74edccccccccd
float_small	412299ed00000000
float_small	40bad1dd70a3d70a
float_small	c08a1c19bbd947ce
float_small	c0a3f8008d45f4de
float_small	c0c15b68795f6e36
float_small	3e0ed79e4a40291a
float_small	4016e62753824be0
int	0
int	1
int	-1
int	2
int	7
int	9
int	10
int	42
int	-42
int	99
int	100
int	123
int	-123
int	999
int	1000
int	1366
int	12345
int	-12345
int	1000000
int	2147483648
int	-2147483648
int	9007199254740992
int	1000000000000000
int	-1000000000000000
str	
str	a
str	ab
str	rho=0.2
str	r=0.5
str	inst
str	shared
str	ARRESTED
str	marches
str	Δ
str	·≡≈
str	phi_lp
str	a very long label that is wider than every width
str	x
bool	True
bool	False
