# name	str(v)	repr(v)	'%s' % (v,)	format(v, '')
none	None	None	None	None
tuple_floats	(0.05, 0.2)	(0.05, 0.2)	(0.05, 0.2)	(0.05, 0.2)
tuple_one	(0.05,)	(0.05,)	(0.05,)	(0.05,)
tuple_empty	()	()	()	()
tuple_ints	(3, 7, 12)	(3, 7, 12)	(3, 7, 12)	(3, 7, 12)
tuple_strs	('demand', 'applied')	('demand', 'applied')	('demand', 'applied')	('demand', 'applied')
tuple_mixed	(1, 0.5, 'x', True, None)	(1, 0.5, 'x', True, None)	(1, 0.5, 'x', True, None)	(1, 0.5, 'x', True, None)
tuple_small_big	(1e-05, 1e+16, -0.0, 2.5e-07)	(1e-05, 1e+16, -0.0, 2.5e-07)	(1e-05, 1e+16, -0.0, 2.5e-07)	(1e-05, 1e+16, -0.0, 2.5e-07)
list_floats	[0.1, 1e-05, 2.0, 1500.0]	[0.1, 1e-05, 2.0, 1500.0]	[0.1, 1e-05, 2.0, 1500.0]	[0.1, 1e-05, 2.0, 1500.0]
list_strs	['clip', 'demand', 'demand-latched']	['clip', 'demand', 'demand-latched']	['clip', 'demand', 'demand-latched']	['clip', 'demand', 'demand-latched']
list_empty	[]	[]	[]	[]
list_nested	[(0.2, 1.0), (5.0,)]	[(0.2, 1.0), (5.0,)]	[(0.2, 1.0), (5.0,)]	[(0.2, 1.0), (5.0,)]
list_bools	[True, False]	[True, False]	[True, False]	[True, False]
dict_str_str	{'CO': '0.0123%', 'OH': '1.5000%'}	{'CO': '0.0123%', 'OH': '1.5000%'}	{'CO': '0.0123%', 'OH': '1.5000%'}	{'CO': '0.0123%', 'OH': '1.5000%'}
dict_str_float	{'a': 0.25, 'b': 1e-07}	{'a': 0.25, 'b': 1e-07}	{'a': 0.25, 'b': 1e-07}	{'a': 0.25, 'b': 1e-07}
