law	keys:25
law.rs	len:3
law.rs.0	f:3fd0000000000000
law.rs.1	f:3fd6666666666666
law.rs.2	f:3fe0000000000000
law.tau_gov	f:3fa999999999999a
law.tau_ref	f:3fa999999999999a
law.phi_lim	f:3fe8000000000000
law.phi_air	f:3fe8a3d70a3d70a4
law.bracket	len:2
law.bracket.0	f:3f70624dd2f1a9fc
law.bracket.1	f:3fd3333333333333
law.ds	f:3f747ae147ae147b
law.ds_fine	n
law.rows	len:3
law.rows.0	keys:32
law.rows.0.r	f:3fd0000000000000
law.rows.0.ok	b:1
law.rows.0.void	n
law.rows.0.tau_star	f:3f94d1eb851eb851
law.rows.0.lo	f:3f94ac083126e978
law.rows.0.hi	f:3f94f7ced916872a
law.rows.0.width	f:3f32f1a9fbe76c80
law.rows.0.tau_star_eff	f:3faf3ae147ae147a
law.rows.0.fixed	f:3f943a5e353f7ced
law.rows.0.fwd	f:3f927b453d095592
law.rows.0.tau_ref	f:3fa999999999999a
law.rows.0.tau_hat_min_ref	f:3fabb8e7db8e005b
law.rows.0.fixed_in_bracket	b:0
law.rows.0.fwd_in_bracket	b:0
law.rows.0.fixed_early	b:1
law.rows.0.fwd_early	b:1
law.rows.0.err_fixed	f:3f9d1ddab80b690b
law.rows.0.err_fwd	f:3fbcc0ea9fe3ca39
law.rows.0.dist_ref	f:3ff758c6b3850a95
law.rows.0.s_bind	f:3fb47ae147ae147b
law.rows.0.gap_bind	f:3f555447e7897290
law.rows.0.ratio_bind	f:4021fe69259abbb3
law.rows.0.tau_eff_bind	f:3faf73b645a1cabf
law.rows.0.n_riding4	i:49
law.rows.0.n_fuel	i:1
law.rows.0.agreement	f:3ff0000000000000
law.rows.0.kappa	len:1
law.rows.0.kappa.0	f:4008000000000000
law.rows.0.kappa_pure	b:1
law.rows.0.riding4_valid	b:1
law.rows.0.window_open	b:1
law.rows.0.ds_stable	n
law.rows.0.tau_star_fine	n
law.rows.1	keys:32
law.rows.1.r	f:3fd6666666666666
law.rows.1.ok	b:1
law.rows.1.void	n
law.rows.1.tau_star	f:3fa3bbe76c8b4396
law.rows.1.lo	f:3fa3a8f5c28f5c29
law.rows.1.hi	f:3fa3ced916872b02
law.rows.1.width	f:3f32f1a9fbe76c80
law.rows.1.tau_star_eff	f:3fbd99db22d0e561
law.rows.1.fixed	f:3fa2fe76c8b43958
law.rows.1.fwd	f:3fa0831f984dfc9d
law.rows.1.tau_ref	f:3fa999999999999a
law.rows.1.tau_hat_min_ref	f:3fb8c4af6474faeb
law.rows.1.fixed_in_bracket	b:0
law.rows.1.fwd_in_bracket	b:0
law.rows.1.fixed_early	b:1
law.rows.1.fwd_early	b:1
law.rows.1.err_fixed	f:3fa33308b10c9565
law.rows.1.err_fwd	f:3fc4e5bf5368c632
law.rows.1.dist_ref	f:3fd306336c521717
law.rows.1.s_bind	f:3fbeb851eb851ebb
law.rows.1.gap_bind	f:3f59c2eb1ec83d00
law.rows.1.ratio_bind	f:401c8247a2851f74
law.rows.1.tau_eff_bind	f:3fbdb645a1cac083
law.rows.1.n_riding4	i:44
law.rows.1.n_fuel	i:1
law.rows.1.agreement	f:3fef45d1745d1746
law.rows.1.kappa	len:1
law.rows.1.kappa.0	f:4008000000000000
law.rows.1.kappa_pure	b:1
law.rows.1.riding4_valid	b:1
law.rows.1.window_open	b:1
law.rows.1.ds_stable	n
law.rows.1.tau_star_fine	n
law.rows.2	keys:32
law.rows.2.r	f:3fe0000000000000
law.rows.2.ok	b:1
law.rows.2.void	n
law.rows.2.tau_star	f:3fb03b22d0e56042
law.rows.2.lo	f:3fb031a9fbe76c8c
law.rows.2.hi	f:3fb0449ba5e353f8
law.rows.2.width	f:3f32f1a9fbe76c00
law.rows.2.tau_star_eff	f:3fc858b439581063
law.rows.2.fixed	f:3faf472b020c49ba
law.rows.2.fwd	f:3fbc2e5684461e8b
law.rows.2.tau_ref	f:3fa999999999999a
law.rows.2.tau_hat_min_ref	f:3fd522c0e33496e8
law.rows.2.fixed_in_bracket	b:0
law.rows.2.fwd_in_bracket	b:0
law.rows.2.fixed_early	b:1
law.rows.2.fwd_early	b:0
law.rows.2.err_fixed	f:3fa2aca4b9cc2c2d
law.rows.2.err_fwd	f:3fe78f539e3f42e2
law.rows.2.dist_ref	f:3fcb0eaf1a9b9c02
law.rows.2.s_bind	f:3fc7ae147ae147b1
law.rows.2.gap_bind	f:3f5dc993cdaa2680
law.rows.2.ratio_bind	f:401537c4d8f4b167
law.rows.2.tau_eff_bind	f:3fc866e978d4fdf4
law.rows.2.n_riding4	i:35
law.rows.2.n_fuel	i:1
law.rows.2.agreement	f:3fef15f15f15f15f
law.rows.2.kappa	len:1
law.rows.2.kappa.0	f:4008000000000000
law.rows.2.kappa_pure	b:1
law.rows.2.riding4_valid	b:1
law.rows.2.window_open	b:1
law.rows.2.ds_stable	n
law.rows.2.tau_star_fine	n
law.n_void	i:0
law.p1_fixed_in	len:0
law.p1_fixed_out	len:3
law.p1_fixed_out.0	f:3fd0000000000000
law.p1_fixed_out.1	f:3fd6666666666666
law.p1_fixed_out.2	f:3fe0000000000000
law.p1_fwd_in	len:0
law.p1_fwd_out	len:3
law.p1_fwd_out.0	f:3fd0000000000000
law.p1_fwd_out.1	f:3fd6666666666666
law.p1_fwd_out.2	f:3fe0000000000000
law.p2_fixed_early	len:3
law.p2_fixed_early.0	f:3fd0000000000000
law.p2_fixed_early.1	f:3fd6666666666666
law.p2_fixed_early.2	f:3fe0000000000000
law.p2_fwd_early	len:2
law.p2_fwd_early.0	f:3fd0000000000000
law.p2_fwd_early.1	f:3fd6666666666666
law.p2_all_early	b:0
law.p3_fwd_never_better	b:1
law.kappa_seen	len:1
law.kappa_seen.0	f:4008000000000000
law.all_kappa_pure	b:1
law.ds_stable	len:0
law.ds_unstable	len:0
law.ds_unrun	len:3
law.ds_unrun.0	f:3fd0000000000000
law.ds_unrun.1	f:3fd6666666666666
law.ds_unrun.2	f:3fe0000000000000
law.thresholds	len:3
law.thresholds.0	len:2
law.thresholds.0.0	f:3fd0000000000000
law.thresholds.0.1	f:3f94d1eb851eb851
law.thresholds.1	len:2
law.thresholds.1.0	f:3fd6666666666666
law.thresholds.1.1	f:3fa3bbe76c8b4396
law.thresholds.2	len:2
law.thresholds.2.0	f:3fe0000000000000
law.thresholds.2.1	f:3fb03b22d0e56042
law.monotone_in_r	b:1
law@rig	keys:2
law@rig.lag_coord	s:demand
law@rig.sm_air	n
ref	keys:14
ref.r	f:3fd6666666666666
ref.tau_star	f:3fa3bbe76c8b4396
ref.bracket	len:2
ref.bracket.0	f:3fa3a8f5c28f5c29
ref.bracket.1	f:3fa3ced916872b02
ref.width	f:3f32f1a9fbe76c80
ref.tau_refs	len:5
ref.tau_refs.0	f:3f947ae147ae147b
ref.tau_refs.1	f:3f9eb851eb851eb8
ref.tau_refs.2	f:3fa999999999999a
ref.tau_refs.3	f:3fb47ae147ae147b
ref.tau_refs.4	f:3fbeb851eb851eb8
ref.rows	len:5
ref.rows.0	keys:12
ref.rows.0.tau_ref	f:3f947ae147ae147b
ref.rows.0.fwd	f:3fb39edc4645562e
ref.rows.0.ref_above	b:0
ref.rows.0.early	b:0
ref.rows.0.err	f:3fefa1ced0f5357a
ref.rows.0.dist	f:3fdeca51d4abf6c4
ref.rows.0.s_bind	f:3fc0a3d70a3d70a5
ref.rows.0.n_riding4	i:41
ref.rows.0.n_fuel	i:0
ref.rows.0.window_open	b:1
ref.rows.0.riding4_valid	b:1
ref.rows.0.kappa_pure	b:1
ref.rows.1	keys:12
ref.rows.1.tau_ref	f:3f9eb851eb851eb8
ref.rows.1.fwd	f:3fade313c8e853cb
ref.rows.1.ref_above	b:0
ref.rows.1.early	b:0
ref.rows.1.err	f:3fe076bbb36dc912
ref.rows.1.dist	f:3fcc5ef57e03e44e
ref.rows.1.s_bind	f:3fc0a3d70a3d70a5
ref.rows.1.n_riding4	i:41
ref.rows.1.n_fuel	i:0
ref.rows.1.window_open	b:1
ref.rows.1.riding4_valid	b:1
ref.rows.1.kappa_pure	b:1
ref.rows.2	keys:12
ref.rows.2.tau_ref	f:3fa999999999999a
ref.rows.2.fwd	f:3fa0831f984dfc9d
ref.rows.2.ref_above	b:1
ref.rows.2.early	b:1
ref.rows.2.err	f:3fc4e5bf5368c632
ref.rows.2.dist	f:3fd306336c521717
ref.rows.2.s_bind	f:3fbd70a3d70a3d73
ref.rows.2.n_riding4	i:46
ref.rows.2.n_fuel	i:6
ref.rows.2.window_open	b:1
ref.rows.2.riding4_valid	b:1
ref.rows.2.kappa_pure	b:1
ref.rows.3	keys:12
ref.rows.3.tau_ref	f:3fb47ae147ae147b
ref.rows.3.fwd	f:3fa25afc37353903
ref.rows.3.ref_above	b:1
ref.rows.3.early	b:1
ref.rows.3.err	f:3fb1e2404bdd5ab4
ref.rows.3.dist	f:3ff135ae2b54093c
ref.rows.3.s_bind	f:3fbc28f5c28f5c2b
ref.rows.3.n_riding4	i:49
ref.rows.3.n_fuel	i:20
ref.rows.3.window_open	b:1
ref.rows.3.riding4_valid	b:1
ref.rows.3.kappa_pure	b:1
ref.rows.4	keys:12
ref.rows.4.tau_ref	f:3fbeb851eb851eb8
ref.rows.4.fwd	f:3fa342f8bbd7d8e5
ref.rows.4.ref_above	b:1
ref.rows.4.early	b:1
ref.rows.4.err	f:3f988332bc254bf6
ref.rows.4.dist	f:4000e842a07f06ed
ref.rows.4.s_bind	f:3fbae147ae147ae3
ref.rows.4.n_riding4	i:54
ref.rows.4.n_fuel	i:39
ref.rows.4.window_open	b:1
ref.rows.4.riding4_valid	b:1
ref.rows.4.kappa_pure	b:1
ref.void	n
ref.n_live	i:5
ref.sign_follows_reference	b:1
ref.n_agree	i:5
ref.crossing	len:5
ref.crossing.0	len:2
ref.crossing.0.0	f:3f947ae147ae147b
ref.crossing.0.1	b:0
ref.crossing.1	len:2
ref.crossing.1.0	f:3f9eb851eb851eb8
ref.crossing.1.1	b:0
ref.crossing.2	len:2
ref.crossing.2.0	f:3fa999999999999a
ref.crossing.2.1	b:1
ref.crossing.3	len:2
ref.crossing.3.0	f:3fb47ae147ae147b
ref.crossing.3.1	b:1
ref.crossing.4	len:2
ref.crossing.4.0	f:3fbeb851eb851eb8
ref.crossing.4.1	b:1
ref.grows_above	b:0
ref.grows_below	b:1
ref.s_binds	len:5
ref.s_binds.0	len:2
ref.s_binds.0.0	f:3f947ae147ae147b
ref.s_binds.0.1	f:3fc0a3d70a3d70a5
ref.s_binds.1	len:2
ref.s_binds.1.0	f:3f9eb851eb851eb8
ref.s_binds.1.1	f:3fc0a3d70a3d70a5
ref.s_binds.2	len:2
ref.s_binds.2.0	f:3fa999999999999a
ref.s_binds.2.1	f:3fbd70a3d70a3d73
ref.s_binds.3	len:2
ref.s_binds.3.0	f:3fb47ae147ae147b
ref.s_binds.3.1	f:3fbc28f5c28f5c2b
ref.s_binds.4	len:2
ref.s_binds.4.0	f:3fbeb851eb851eb8
ref.s_binds.4.1	f:3fbae147ae147ae3
ref@rig	keys:2
ref@rig.lag_coord	s:demand
ref@rig.sm_air	n
terms	keys:12
terms.r	f:3fd6666666666666
terms.phi_lim	f:3fe8000000000000
terms.phi_lims	len:3
terms.phi_lims.0	f:3fe7d70a3d70a3d7
terms.phi_lims.1	f:3fe8000000000000
terms.phi_lims.2	f:3fe828f5c28f5c29
terms.phi_air	f:3fe8a3d70a3d70a4
terms.ds	f:3f747ae147ae147b
terms.tau_govs	len:3
terms.tau_govs.0	f:3f947ae147ae147b
terms.tau_govs.1	f:3fa999999999999a
terms.tau_govs.2	f:3fc999999999999a
terms.bracket	len:2
terms.bracket.0	f:3f70624dd2f1a9fc
terms.bracket.1	f:3fd3333333333333
terms.govs	len:3
terms.govs.0	keys:15
terms.govs.0.phi_lim	f:3fe8000000000000
terms.govs.0.tau_gov	f:3f947ae147ae147b
terms.govs.0.ok	b:1
terms.govs.0.void	n
terms.govs.0.tau_star	f:3fa2d89374bc6a80
terms.govs.0.width	f:3f32f1a9fbe76c80
terms.govs.0.gap_bind	f:3f5b93d448e85e78
terms.govs.0.ratio_bind	f:401bfb9fd55a98a7
terms.govs.0.s_bind	f:3fc0000000000001
terms.govs.0.n_riding4	i:43
terms.govs.0.n_fuel	i:1
terms.govs.0.riding4_valid	b:1
terms.govs.0.slope_f	f:3f9280c6b6596363
terms.govs.0.slope_r	f:3f6528c3e184ade3
terms.govs.0.kappa	f:4008000000000000
terms.govs.1	keys:15
terms.govs.1.phi_lim	f:3fe8000000000000
terms.govs.1.tau_gov	f:3fa999999999999a
terms.govs.1.ok	b:1
terms.govs.1.void	n
terms.govs.1.tau_star	f:3fa3bbe76c8b4396
terms.govs.1.width	f:3f32f1a9fbe76c80
terms.govs.1.gap_bind	f:3f59c2eb1ec83d00
terms.govs.1.ratio_bind	f:401c8247a2851f74
terms.govs.1.s_bind	f:3fbeb851eb851ebb
terms.govs.1.n_riding4	i:44
terms.govs.1.n_fuel	i:1
terms.govs.1.riding4_valid	b:1
terms.govs.1.slope_f	f:3f9289f77d0b3dd1
terms.govs.1.slope_r	f:3f64cf23e245e9f3
terms.govs.1.kappa	f:4008000000000000
terms.govs.2	keys:15
terms.govs.2.phi_lim	f:3fe8000000000000
terms.govs.2.tau_gov	f:3fc999999999999a
terms.govs.2.ok	b:1
terms.govs.2.void	n
terms.govs.2.tau_star	f:3fa536c8b4395811
terms.govs.2.width	f:3f32f1a9fbe76d00
terms.govs.2.gap_bind	f:3f5905b95efd9b60
terms.govs.2.ratio_bind	f:401b73a0778af842
terms.govs.2.s_bind	f:3fbeb851eb851ebb
terms.govs.2.n_riding4	i:42
terms.govs.2.n_fuel	i:1
terms.govs.2.riding4_valid	b:1
terms.govs.2.slope_f	f:3f90f776b1709a12
terms.govs.2.slope_r	f:3f63c71c65dcb1b3
terms.govs.2.kappa	f:4008000000000000
terms.walls	len:3
terms.walls.0	keys:15
terms.walls.0.phi_lim	f:3fe7d70a3d70a3d7
terms.walls.0.tau_gov	f:3fa999999999999a
terms.walls.0.ok	b:1
terms.walls.0.void	n
terms.walls.0.tau_star	f:3fb90978d4fdf3b6
terms.walls.0.width	f:3f32f1a9fbe76c00
terms.walls.0.gap_bind	f:3f62ee9df9e21a8c
terms.walls.0.ratio_bind	f:40149a8ea9207d85
terms.walls.0.s_bind	f:3fc1eb851eb851ed
terms.walls.0.n_riding4	i:40
terms.walls.0.n_fuel	i:1
terms.walls.0.riding4_valid	b:1
terms.walls.0.slope_f	f:3f8676227b0e6f2a
terms.walls.0.slope_r	f:3f617150407aa2bc
terms.walls.0.kappa	f:4008000000000000
terms.walls.1	keys:15
terms.walls.1.phi_lim	f:3fe8000000000000
terms.walls.1.tau_gov	f:3fa999999999999a
terms.walls.1.ok	b:1
terms.walls.1.void	n
terms.walls.1.tau_star	f:3fa3bbe76c8b4396
terms.walls.1.width	f:3f32f1a9fbe76c80
terms.walls.1.gap_bind	f:3f59c2eb1ec83d00
terms.walls.1.ratio_bind	f:401c8247a2851f74
terms.walls.1.s_bind	f:3fbeb851eb851ebb
terms.walls.1.n_riding4	i:44
terms.walls.1.n_fuel	i:1
terms.walls.1.riding4_valid	b:1
terms.walls.1.slope_f	f:3f9289f77d0b3dd1
terms.walls.1.slope_r	f:3f64cf23e245e9f3
terms.walls.1.kappa	f:4008000000000000
terms.walls.2	keys:15
terms.walls.2.phi_lim	f:3fe828f5c28f5c29
terms.walls.2.tau_gov	f:3fa999999999999a
terms.walls.2.ok	b:1
terms.walls.2.void	n
terms.walls.2.tau_star	f:3f8c0624dd2f1aa0
terms.walls.2.width	f:3f32f1a9fbe76c80
terms.walls.2.gap_bind	f:3f4b2ab8b9972d70
terms.walls.2.ratio_bind	f:40217f45f204e614
terms.walls.2.s_bind	f:3fb999999999999b
terms.walls.2.n_riding4	i:48
terms.walls.2.n_fuel	i:1
terms.walls.2.riding4_valid	b:1
terms.walls.2.slope_f	f:3f9b7328da3487e7
terms.walls.2.slope_r	f:3f6919dfc2ac86ba
terms.walls.2.kappa	f:4008000000000000
terms.n_void	i:0
terms.p4	keys:9
terms.p4.measured	f:3f9a4fa4fa4fa4f5
terms.p4.predicted	f:3fa8de31eabfcda7
terms.p4.rises	b:1
terms.p4.rel_err	f:3fde2497f518dee7
terms.p4.transfer	f:3fe0edb40573908c
terms.p4.secants	len:2
terms.p4.secants.0	keys:4
terms.p4.secants.0.lo	f:3f947ae147ae147b
terms.p4.secants.0.hi	f:3fa999999999999a
terms.p4.secants.0.measured	f:3fad999999999987
terms.p4.secants.0.predicted	f:3fa7f21b9e1bf198
terms.p4.secants.1	keys:4
terms.p4.secants.1.lo	f:3fa999999999999a
terms.p4.secants.1.hi	f:3fc999999999999a
terms.p4.secants.1.measured	f:3f93bbbbbbbbbbbd
terms.p4.secants.1.predicted	f:3fa8de31eabfcda7
terms.p4.kappa	len:3
terms.p4.kappa.0	f:4008000000000000
terms.p4.kappa.1	f:4008000000000000
terms.p4.kappa.2	f:4008000000000000
terms.p4.ratio_bind	len:3
terms.p4.ratio_bind.0	f:401bfb9fd55a98a7
terms.p4.ratio_bind.1	f:401c8247a2851f74
terms.p4.ratio_bind.2	f:401b73a0778af842
terms.p4.taus	len:3
terms.p4.taus.0	len:2
terms.p4.taus.0.0	f:3f947ae147ae147b
terms.p4.taus.0.1	f:3fa2d89374bc6a80
terms.p4.taus.1	len:2
terms.p4.taus.1.0	f:3fa999999999999a
terms.p4.taus.1.1	f:3fa3bbe76c8b4396
terms.p4.taus.2	len:2
terms.p4.taus.2.0	f:3fc999999999999a
terms.p4.taus.2.1	f:3fa536c8b4395811
terms.p5	keys:15
terms.p5.d_gap	f:3fe48531897b482c
terms.p5.d_lag	f:3fdc19a1f0a25416
terms.p5.d_slope_f	f:3ff71b5445db36b0
terms.p5.d_ratio	f:3fe659a9bcde4e49
terms.p5.rises	b:0
terms.p5.separates	b:0
terms.p5.v7_withdrawn	b:1
terms.p5.gap_falls	b:1
terms.p5.ratio_rises	b:1
terms.p5.monotone	b:1
terms.p5.taus	len:3
terms.p5.taus.0	len:2
terms.p5.taus.0.0	f:3fe7d70a3d70a3d7
terms.p5.taus.0.1	f:3fb90978d4fdf3b6
terms.p5.taus.1	len:2
terms.p5.taus.1.0	f:3fe8000000000000
terms.p5.taus.1.1	f:3fa3bbe76c8b4396
terms.p5.taus.2	len:2
terms.p5.taus.2.0	f:3fe828f5c28f5c29
terms.p5.taus.2.1	f:3f8c0624dd2f1aa0
terms.p5.gaps	len:3
terms.p5.gaps.0	f:3f62ee9df9e21a8c
terms.p5.gaps.1	f:3f59c2eb1ec83d00
terms.p5.gaps.2	f:3f4b2ab8b9972d70
terms.p5.ratios	len:3
terms.p5.ratios.0	f:40149a8ea9207d85
terms.p5.ratios.1	f:401c8247a2851f74
terms.p5.ratios.2	f:40217f45f204e614
terms.p5.slope_f	len:3
terms.p5.slope_f.0	f:3f8676227b0e6f2a
terms.p5.slope_f.1	f:3f9289f77d0b3dd1
terms.p5.slope_f.2	f:3f9b7328da3487e7
terms.p5.slope_r	len:3
terms.p5.slope_r.0	f:3f617150407aa2bc
terms.p5.slope_r.1	f:3f64cf23e245e9f3
terms.p5.slope_r.2	f:3f6919dfc2ac86ba
terms@rig	keys:2
terms@rig.lag_coord	s:demand
terms@rig.sm_air	n
scan_ctl	keys:28
scan_ctl.tau_f	f:3fa999999999999a
scan_ctl.tau_gov	f:3fa999999999999a
scan_ctl.r	f:3fe0000000000000
scan_ctl.ds	f:3f747ae147ae147b
scan_ctl.phi_lim	f:3fe8000000000000
scan_ctl.phi_air	f:3fe8a3d70a3d70a4
scan_ctl.npts	i:341
scan_ctl.n_riding4	i:33
scan_ctl.max_Tt4	f:4092b872d4b2a4d9
scan_ctl.min_phi	f:3fe87328b14a8200
scan_ctl.riding4_valid	b:1
scan_ctl.window_open	b:1
scan_ctl.n_scored	i:33
scan_ctl.n_slope_excluded	i:0
scan_ctl.n_fuel	i:0
scan_ctl.n_gov	i:33
scan_ctl.n_pred_fuel	i:0
scan_ctl.n_agree	i:33
scan_ctl.h	f:3fc7124e9335fa9c
scan_ctl.tau_hat_min	f:3fd522c0e33496e8
scan_ctl.s_bind	f:3fc851eb851eb855
scan_ctl.tau_eff_bind	f:3fc3333333333334
scan_ctl.kappa	len:1
scan_ctl.kappa.0	f:4008000000000000
scan_ctl.kappa_pure	b:1
scan_ctl.gap_bind	f:3f601bebb30766a4
scan_ctl.ratio_bind	f:400aa2ad14c6b58b
scan_ctl.slope_f_bind	f:3f798d28a3ed29ca
scan_ctl.slope_r_bind	f:3f5eb296c3ff83f8
scan_ctl@rig	keys:2
scan_ctl@rig.lag_coord	s:demand
scan_ctl@rig.sm_air	n
scan_v1	keys:28
scan_v1.tau_f	f:3fa999999999999a
scan_v1.tau_gov	f:3fa999999999999a
scan_v1.r	f:3ff0000000000000
scan_v1.ds	f:3f747ae147ae147b
scan_v1.phi_lim	f:3fe8000000000000
scan_v1.phi_air	f:3fe8a3d70a3d70a4
scan_v1.npts	i:441
scan_v1.n_riding4	i:0
scan_v1.max_Tt4	f:4092bb31749d2b49
scan_v1.min_phi	f:3fe88bf9eb868b02
scan_v1.riding4_valid	b:1
scan_v1.window_open	b:0
scan_v1.n_scored	i:0
scan_v1.n_slope_excluded	i:0
scan_v1.n_fuel	i:0
scan_v1.n_gov	i:0
scan_v1.n_pred_fuel	i:0
scan_v1.n_agree	i:0
scan_v1.h	n
scan_v1.tau_hat_min	n
scan_v1.s_bind	n
scan_v1.tau_eff_bind	n
scan_v1.kappa	len:0
scan_v1.kappa_pure	b:0
scan_v1.gap_bind	n
scan_v1.ratio_bind	n
scan_v1.slope_f_bind	n
scan_v1.slope_r_bind	n
scan_v1@rig	keys:2
scan_v1@rig.lag_coord	s:demand
scan_v1@rig.sm_air	n
bisect_v3_hi	keys:7
bisect_v3_hi.void	s:V3: threshold not strictly inside [0.004, 0.3]
bisect_v3_hi.lo	f:3f70624dd2f1a9fc
bisect_v3_hi.hi	f:3fd3333333333333
bisect_v3_hi.at_lo	keys:28
bisect_v3_hi.at_lo.tau_f	f:3f70624dd2f1a9fc
bisect_v3_hi.at_lo.tau_gov	f:3fa999999999999a
bisect_v3_hi.at_lo.r	f:3fd6666666666666
bisect_v3_hi.at_lo.ds	f:3f747ae147ae147b
bisect_v3_hi.at_lo.phi_lim	f:3fe851eb851eb852
bisect_v3_hi.at_lo.phi_air	f:3fe8a3d70a3d70a4
bisect_v3_hi.at_lo.npts	i:311
bisect_v3_hi.at_lo.n_riding4	i:52
bisect_v3_hi.at_lo.max_Tt4	f:4092b75fecd51db3
bisect_v3_hi.at_lo.min_phi	f:3fe8697e145f5bd3
bisect_v3_hi.at_lo.riding4_valid	b:1
bisect_v3_hi.at_lo.window_open	b:1
bisect_v3_hi.at_lo.n_scored	i:52
bisect_v3_hi.at_lo.n_slope_excluded	i:0
bisect_v3_hi.at_lo.n_fuel	i:3
bisect_v3_hi.at_lo.n_gov	i:49
bisect_v3_hi.at_lo.n_pred_fuel	i:3
bisect_v3_hi.at_lo.n_agree	i:52
bisect_v3_hi.at_lo.h	f:bf846bccc37c3930
bisect_v3_hi.at_lo.tau_hat_min	f:3f609e9fe3b91729
bisect_v3_hi.at_lo.s_bind	f:3fb47ae147ae147b
bisect_v3_hi.at_lo.tau_eff_bind	f:3f889374bc6a7efa
bisect_v3_hi.at_lo.kappa	len:1
bisect_v3_hi.at_lo.kappa.0	f:4008000000000000
bisect_v3_hi.at_lo.kappa_pure	b:1
bisect_v3_hi.at_lo.gap_bind	f:bf199dd78deeb700
bisect_v3_hi.at_lo.ratio_bind	f:40238990b0a4304b
bisect_v3_hi.at_lo.slope_f_bind	f:3fa03190f6711962
bisect_v3_hi.at_lo.slope_r_bind	f:3f6a85f86153d729
bisect_v3_hi.at_hi	keys:28
bisect_v3_hi.at_hi.tau_f	f:3fd3333333333333
bisect_v3_hi.at_hi.tau_gov	f:3fa999999999999a
bisect_v3_hi.at_hi.r	f:3fd6666666666666
bisect_v3_hi.at_hi.ds	f:3f747ae147ae147b
bisect_v3_hi.at_hi.phi_lim	f:3fe851eb851eb852
bisect_v3_hi.at_hi.phi_air	f:3fe8a3d70a3d70a4
bisect_v3_hi.at_hi.npts	i:311
bisect_v3_hi.at_hi.n_riding4	i:44
bisect_v3_hi.at_hi.max_Tt4	f:4092af86ffe6d58d
bisect_v3_hi.at_hi.min_phi	f:3fe874d414817a75
bisect_v3_hi.at_hi.riding4_valid	b:1
bisect_v3_hi.at_hi.window_open	b:1
bisect_v3_hi.at_hi.n_scored	i:44
bisect_v3_hi.at_hi.n_slope_excluded	i:0
bisect_v3_hi.at_hi.n_fuel	i:44
bisect_v3_hi.at_hi.n_gov	i:0
bisect_v3_hi.at_hi.n_pred_fuel	i:44
bisect_v3_hi.at_hi.n_agree	i:44
bisect_v3_hi.at_hi.h	f:bff90452ace697cc
bisect_v3_hi.at_hi.tau_hat_min	f:bfe53bd88d0062cc
bisect_v3_hi.at_hi.s_bind	f:3fc999999999999d
bisect_v3_hi.at_hi.tau_eff_bind	f:3feccccccccccccc
bisect_v3_hi.at_hi.kappa	len:1
bisect_v3_hi.at_hi.kappa.0	f:4008000000000000
bisect_v3_hi.at_hi.kappa_pure	b:1
bisect_v3_hi.at_hi.gap_bind	f:bf4b6b5a347200b0
bisect_v3_hi.at_hi.ratio_bind	f:3ffbbb5136dfcb56
bisect_v3_hi.at_hi.slope_f_bind	f:3f53ccd5259376bb
bisect_v3_hi.at_hi.slope_r_bind	f:3f46d8feec58f7ba
bisect_v3_hi.below	b:1
bisect_v3_hi.above	b:0
bisect_v3_hi@rig	keys:2
bisect_v3_hi@rig.lag_coord	s:demand
bisect_v3_hi@rig.sm_air	n
bisect_v3_lo	keys:7
bisect_v3_lo.void	s:V3: threshold not strictly inside [0.004, 0.3]
bisect_v3_lo.lo	f:3f70624dd2f1a9fc
bisect_v3_lo.hi	f:3fd3333333333333
bisect_v3_lo.at_lo	keys:28
bisect_v3_lo.at_lo.tau_f	f:3f70624dd2f1a9fc
bisect_v3_lo.at_lo.tau_gov	f:3fa999999999999a
bisect_v3_lo.at_lo.r	f:3fd6666666666666
bisect_v3_lo.at_lo.ds	f:3f747ae147ae147b
bisect_v3_lo.at_lo.phi_lim	f:3fe7ae147ae147ae
bisect_v3_lo.at_lo.phi_air	f:3fe8a3d70a3d70a4
bisect_v3_lo.at_lo.npts	i:311
bisect_v3_lo.at_lo.n_riding4	i:34
bisect_v3_lo.at_lo.max_Tt4	f:4092b76bfbfeb112
bisect_v3_lo.at_lo.min_phi	f:3fe85e92e42e950e
bisect_v3_lo.at_lo.riding4_valid	b:1
bisect_v3_lo.at_lo.window_open	b:1
bisect_v3_lo.at_lo.n_scored	i:34
bisect_v3_lo.at_lo.n_slope_excluded	i:0
bisect_v3_lo.at_lo.n_fuel	i:0
bisect_v3_lo.at_lo.n_gov	i:34
bisect_v3_lo.at_lo.n_pred_fuel	i:0
bisect_v3_lo.at_lo.n_agree	i:34
bisect_v3_lo.at_lo.h	f:3fe45dcfd5de8654
bisect_v3_lo.at_lo.tau_hat_min	f:3fe4c01da8d03050
bisect_v3_lo.at_lo.s_bind	f:3fc47ae147ae147d
bisect_v3_lo.at_lo.tau_eff_bind	f:3f889374bc6a7efa
bisect_v3_lo.at_lo.kappa	len:1
bisect_v3_lo.at_lo.kappa.0	f:4008000000000000
bisect_v3_lo.at_lo.kappa_pure	b:1
bisect_v3_lo.at_lo.gap_bind	f:3f68accce49924d0
bisect_v3_lo.at_lo.ratio_bind	f:400599f40915ebc4
bisect_v3_lo.at_lo.slope_f_bind	f:3f7395db3f831c5b
bisect_v3_lo.at_lo.slope_r_bind	f:3f5d037601087219
bisect_v3_lo.at_hi	keys:28
bisect_v3_lo.at_hi.tau_f	f:3fd3333333333333
bisect_v3_lo.at_hi.tau_gov	f:3fa999999999999a
bisect_v3_lo.at_hi.r	f:3fd6666666666666
bisect_v3_lo.at_hi.ds	f:3f747ae147ae147b
bisect_v3_lo.at_hi.phi_lim	f:3fe7ae147ae147ae
bisect_v3_lo.at_hi.phi_air	f:3fe8a3d70a3d70a4
bisect_v3_lo.at_hi.npts	i:311
bisect_v3_lo.at_hi.n_riding4	i:34
bisect_v3_lo.at_hi.max_Tt4	f:4092b76becc7796f
bisect_v3_lo.at_hi.min_phi	f:3fe85e92e42e950e
bisect_v3_lo.at_hi.riding4_valid	b:1
bisect_v3_lo.at_hi.window_open	b:1
bisect_v3_lo.at_hi.n_scored	i:34
bisect_v3_lo.at_hi.n_slope_excluded	i:0
bisect_v3_lo.at_hi.n_fuel	i:0
bisect_v3_lo.at_hi.n_gov	i:34
bisect_v3_lo.at_hi.n_pred_fuel	i:7
bisect_v3_lo.at_hi.n_agree	i:27
bisect_v3_lo.at_hi.h	f:bfd0294f0c5ebe22
bisect_v3_lo.at_hi.tau_hat_min	f:3fe4b825469d6dbb
bisect_v3_lo.at_hi.s_bind	f:3fc47ae147ae147d
bisect_v3_lo.at_hi.tau_eff_bind	f:3feccccccccccccc
bisect_v3_lo.at_hi.kappa	len:1
bisect_v3_lo.at_hi.kappa.0	f:4008000000000000
bisect_v3_lo.at_hi.kappa_pure	b:1
bisect_v3_lo.at_hi.gap_bind	f:3f68ac5995b1d528
bisect_v3_lo.at_hi.ratio_bind	f:4005a0bb613009b3
bisect_v3_lo.at_hi.slope_f_bind	f:3f739d12bff60cbb
bisect_v3_lo.at_hi.slope_r_bind	f:3f5d050b9300d279
bisect_v3_lo.below	b:0
bisect_v3_lo.above	b:1
bisect_v3_lo@rig	keys:2
bisect_v3_lo@rig.lag_coord	s:demand
bisect_v3_lo@rig.sm_air	n
bisect_v3_g	keys:7
bisect_v3_g.void	s:V3: threshold not strictly inside [0.0123457, 0.3]
bisect_v3_g.lo	f:3f8948b0f8fab5e6
bisect_v3_g.hi	f:3fd3333333333333
bisect_v3_g.at_lo	keys:28
bisect_v3_g.at_lo.tau_f	f:3f8948b0f8fab5e6
bisect_v3_g.at_lo.tau_gov	f:3fa999999999999a
bisect_v3_g.at_lo.r	f:3fd6666666666666
bisect_v3_g.at_lo.ds	f:3f747ae147ae147b
bisect_v3_g.at_lo.phi_lim	f:3fe851eb851eb852
bisect_v3_g.at_lo.phi_air	f:3fe8a3d70a3d70a4
bisect_v3_g.at_lo.npts	i:311
bisect_v3_g.at_lo.n_riding4	i:56
bisect_v3_g.at_lo.max_Tt4	f:4092b735e3574efc
bisect_v3_g.at_lo.min_phi	f:3fe86e4db8a06ce6
bisect_v3_g.at_lo.riding4_valid	b:1
bisect_v3_g.at_lo.window_open	b:1
bisect_v3_g.at_lo.n_scored	i:56
bisect_v3_g.at_lo.n_slope_excluded	i:0
bisect_v3_g.at_lo.n_fuel	i:14
bisect_v3_g.at_lo.n_gov	i:42
bisect_v3_g.at_lo.n_pred_fuel	i:14
bisect_v3_g.at_lo.n_agree	i:56
bisect_v3_g.at_lo.h	f:bfaf183c658870f6
bisect_v3_g.at_lo.tau_hat_min	f:bf98436f5598d113
bisect_v3_g.at_lo.s_bind	f:3fb47ae147ae147b
bisect_v3_g.at_lo.tau_eff_bind	f:3fa2f684babc086c
bisect_v3_g.at_lo.kappa	len:1
bisect_v3_g.at_lo.kappa.0	f:4008000000000000
bisect_v3_g.at_lo.kappa_pure	b:1
bisect_v3_g.at_lo.gap_bind	f:bf4196aa287d9740
bisect_v3_g.at_lo.ratio_bind	f:40219361f9ce2d34
bisect_v3_g.at_lo.slope_f_bind	f:3f92b488cac3f167
bisect_v3_g.at_lo.slope_r_bind	f:3f61073a74b99f7c
bisect_v3_g.at_hi	keys:28
bisect_v3_g.at_hi.tau_f	f:3fd3333333333333
bisect_v3_g.at_hi.tau_gov	f:3fa999999999999a
bisect_v3_g.at_hi.r	f:3fd6666666666666
bisect_v3_g.at_hi.ds	f:3f747ae147ae147b
bisect_v3_g.at_hi.phi_lim	f:3fe851eb851eb852
bisect_v3_g.at_hi.phi_air	f:3fe8a3d70a3d70a4
bisect_v3_g.at_hi.npts	i:311
bisect_v3_g.at_hi.n_riding4	i:44
bisect_v3_g.at_hi.max_Tt4	f:4092af86ffe6d58d
bisect_v3_g.at_hi.min_phi	f:3fe874d414817a75
bisect_v3_g.at_hi.riding4_valid	b:1
bisect_v3_g.at_hi.window_open	b:1
bisect_v3_g.at_hi.n_scored	i:44
bisect_v3_g.at_hi.n_slope_excluded	i:0
bisect_v3_g.at_hi.n_fuel	i:44
bisect_v3_g.at_hi.n_gov	i:0
bisect_v3_g.at_hi.n_pred_fuel	i:44
bisect_v3_g.at_hi.n_agree	i:44
bisect_v3_g.at_hi.h	f:bff90452ace697cc
bisect_v3_g.at_hi.tau_hat_min	f:bfe53bd88d0062cc
bisect_v3_g.at_hi.s_bind	f:3fc999999999999d
bisect_v3_g.at_hi.tau_eff_bind	f:3feccccccccccccc
bisect_v3_g.at_hi.kappa	len:1
bisect_v3_g.at_hi.kappa.0	f:4008000000000000
bisect_v3_g.at_hi.kappa_pure	b:1
bisect_v3_g.at_hi.gap_bind	f:bf4b6b5a347200b0
bisect_v3_g.at_hi.ratio_bind	f:3ffbbb5136dfcb56
bisect_v3_g.at_hi.slope_f_bind	f:3f53ccd5259376bb
bisect_v3_g.at_hi.slope_r_bind	f:3f46d8feec58f7ba
bisect_v3_g.below	b:1
bisect_v3_g.above	b:0
bisect_v3_g@rig	keys:2
bisect_v3_g@rig.lag_coord	s:demand
bisect_v3_g@rig.sm_air	n
bisect_v1	keys:5
bisect_v1.void	s:V1: four-loop window empty at a bracket end
bisect_v1.lo	f:3f70624dd2f1a9fc
bisect_v1.hi	f:3fa999999999999a
bisect_v1.at_lo	keys:28
bisect_v1.at_lo.tau_f	f:3f70624dd2f1a9fc
bisect_v1.at_lo.tau_gov	f:3fa999999999999a
bisect_v1.at_lo.r	f:3ff0000000000000
bisect_v1.at_lo.ds	f:3f747ae147ae147b
bisect_v1.at_lo.phi_lim	f:3fe8000000000000
bisect_v1.at_lo.phi_air	f:3fe8a3d70a3d70a4
bisect_v1.at_lo.npts	i:441
bisect_v1.at_lo.n_riding4	i:0
bisect_v1.at_lo.max_Tt4	f:4092bb31749d2b49
bisect_v1.at_lo.min_phi	f:3fe88bf9eb868b02
bisect_v1.at_lo.riding4_valid	b:1
bisect_v1.at_lo.window_open	b:0
bisect_v1.at_lo.n_scored	i:0
bisect_v1.at_lo.n_slope_excluded	i:0
bisect_v1.at_lo.n_fuel	i:0
bisect_v1.at_lo.n_gov	i:0
bisect_v1.at_lo.n_pred_fuel	i:0
bisect_v1.at_lo.n_agree	i:0
bisect_v1.at_lo.h	n
bisect_v1.at_lo.tau_hat_min	n
bisect_v1.at_lo.s_bind	n
bisect_v1.at_lo.tau_eff_bind	n
bisect_v1.at_lo.kappa	len:0
bisect_v1.at_lo.kappa_pure	b:0
bisect_v1.at_lo.gap_bind	n
bisect_v1.at_lo.ratio_bind	n
bisect_v1.at_lo.slope_f_bind	n
bisect_v1.at_lo.slope_r_bind	n
bisect_v1.at_hi	keys:28
bisect_v1.at_hi.tau_f	f:3fa999999999999a
bisect_v1.at_hi.tau_gov	f:3fa999999999999a
bisect_v1.at_hi.r	f:3ff0000000000000
bisect_v1.at_hi.ds	f:3f747ae147ae147b
bisect_v1.at_hi.phi_lim	f:3fe8000000000000
bisect_v1.at_hi.phi_air	f:3fe8a3d70a3d70a4
bisect_v1.at_hi.npts	i:441
bisect_v1.at_hi.n_riding4	i:0
bisect_v1.at_hi.max_Tt4	f:4092bb31749d2b49
bisect_v1.at_hi.min_phi	f:3fe88bf9eb868b02
bisect_v1.at_hi.riding4_valid	b:1
bisect_v1.at_hi.window_open	b:0
bisect_v1.at_hi.n_scored	i:0
bisect_v1.at_hi.n_slope_excluded	i:0
bisect_v1.at_hi.n_fuel	i:0
bisect_v1.at_hi.n_gov	i:0
bisect_v1.at_hi.n_pred_fuel	i:0
bisect_v1.at_hi.n_agree	i:0
bisect_v1.at_hi.h	n
bisect_v1.at_hi.tau_hat_min	n
bisect_v1.at_hi.s_bind	n
bisect_v1.at_hi.tau_eff_bind	n
bisect_v1.at_hi.kappa	len:0
bisect_v1.at_hi.kappa_pure	b:0
bisect_v1.at_hi.gap_bind	n
bisect_v1.at_hi.ratio_bind	n
bisect_v1.at_hi.slope_f_bind	n
bisect_v1.at_hi.slope_r_bind	n
bisect_v1@rig	keys:2
bisect_v1@rig.lag_coord	s:demand
bisect_v1@rig.sm_air	n
law_fine	keys:25
law_fine.rs	len:2
law_fine.rs.0	f:3fd0000000000000
law_fine.rs.1	f:3ff0000000000000
law_fine.tau_gov	f:3fa999999999999a
law_fine.tau_ref	f:3fa999999999999a
law_fine.phi_lim	f:3fe8000000000000
law_fine.phi_air	f:3fe8a3d70a3d70a4
law_fine.bracket	len:2
law_fine.bracket.0	f:3f70624dd2f1a9fc
law_fine.bracket.1	f:3fd3333333333333
law_fine.ds	f:3f747ae147ae147b
law_fine.ds_fine	f:3f647ae147ae147b
law_fine.rows	len:2
law_fine.rows.0	keys:32
law_fine.rows.0.r	f:3fd0000000000000
law_fine.rows.0.ok	b:1
law_fine.rows.0.void	n
law_fine.rows.0.tau_star	f:3f94d1eb851eb851
law_fine.rows.0.lo	f:3f94ac083126e978
law_fine.rows.0.hi	f:3f94f7ced916872a
law_fine.rows.0.width	f:3f32f1a9fbe76c80
law_fine.rows.0.tau_star_eff	f:3faf3ae147ae147a
law_fine.rows.0.fixed	f:3f943a5e353f7ced
law_fine.rows.0.fwd	f:3f927b453d095592
law_fine.rows.0.tau_ref	f:3fa999999999999a
law_fine.rows.0.tau_hat_min_ref	f:3fabb8e7db8e005b
law_fine.rows.0.fixed_in_bracket	b:0
law_fine.rows.0.fwd_in_bracket	b:0
law_fine.rows.0.fixed_early	b:1
law_fine.rows.0.fwd_early	b:1
law_fine.rows.0.err_fixed	f:3f9d1ddab80b690b
law_fine.rows.0.err_fwd	f:3fbcc0ea9fe3ca39
law_fine.rows.0.dist_ref	f:3ff758c6b3850a95
law_fine.rows.0.s_bind	f:3fb47ae147ae147b
law_fine.rows.0.gap_bind	f:3f555447e7897290
law_fine.rows.0.ratio_bind	f:4021fe69259abbb3
law_fine.rows.0.tau_eff_bind	f:3faf73b645a1cabf
law_fine.rows.0.n_riding4	i:49
law_fine.rows.0.n_fuel	i:1
law_fine.rows.0.agreement	f:3ff0000000000000
law_fine.rows.0.kappa	len:1
law_fine.rows.0.kappa.0	f:4008000000000000
law_fine.rows.0.kappa_pure	b:1
law_fine.rows.0.riding4_valid	b:1
law_fine.rows.0.window_open	b:1
law_fine.rows.0.ds_stable	b:1
law_fine.rows.0.tau_star_fine	f:3f94d1eb851eb851
law_fine.rows.1	keys:8
law_fine.rows.1.r	f:3ff0000000000000
law_fine.rows.1.ok	b:0
law_fine.rows.1.void	s:V1: four-loop window empty at a bracket end
law_fine.rows.1.kappa	len:0
law_fine.rows.1.kappa_pure	b:0
law_fine.rows.1.n_riding4	i:0
law_fine.rows.1.window_open	b:0
law_fine.rows.1.riding4_valid	b:1
law_fine.n_void	i:1
law_fine.p1_fixed_in	len:0
law_fine.p1_fixed_out	len:1
law_fine.p1_fixed_out.0	f:3fd0000000000000
law_fine.p1_fwd_in	len:0
law_fine.p1_fwd_out	len:1
law_fine.p1_fwd_out.0	f:3fd0000000000000
law_fine.p2_fixed_early	len:1
law_fine.p2_fixed_early.0	f:3fd0000000000000
law_fine.p2_fwd_early	len:1
law_fine.p2_fwd_early.0	f:3fd0000000000000
law_fine.p2_all_early	b:1
law_fine.p3_fwd_never_better	b:1
law_fine.kappa_seen	len:1
law_fine.kappa_seen.0	f:4008000000000000
law_fine.all_kappa_pure	b:0
law_fine.ds_stable	len:1
law_fine.ds_stable.0	f:3fd0000000000000
law_fine.ds_unstable	len:0
law_fine.ds_unrun	len:0
law_fine.thresholds	len:1
law_fine.thresholds.0	len:2
law_fine.thresholds.0.0	f:3fd0000000000000
law_fine.thresholds.0.1	f:3f94d1eb851eb851
law_fine.monotone_in_r	b:1
law_fine@rig	keys:2
law_fine@rig.lag_coord	s:demand
law_fine@rig.sm_air	n
ref_void	keys:3
ref_void.r	f:3ff0000000000000
ref_void.void	s:V1: four-loop window empty at a bracket end
ref_void.rows	len:0
ref_void@rig	keys:2
ref_void@rig.lag_coord	s:demand
ref_void@rig.sm_air	n
terms_void	keys:12
terms_void.r	f:3fd6666666666666
terms_void.phi_lim	f:3fe8000000000000
terms_void.phi_lims	len:2
terms_void.phi_lims.0	f:3fe851eb851eb852
terms_void.phi_lims.1	f:3fe8000000000000
terms_void.phi_air	f:3fe8a3d70a3d70a4
terms_void.ds	f:3f747ae147ae147b
terms_void.tau_govs	len:1
terms_void.tau_govs.0	f:3fa999999999999a
terms_void.bracket	len:2
terms_void.bracket.0	f:3f70624dd2f1a9fc
terms_void.bracket.1	f:3fd3333333333333
terms_void.govs	len:1
terms_void.govs.0	keys:15
terms_void.govs.0.phi_lim	f:3fe8000000000000
terms_void.govs.0.tau_gov	f:3fa999999999999a
terms_void.govs.0.ok	b:1
terms_void.govs.0.void	n
terms_void.govs.0.tau_star	f:3fa04189374bc6a8
terms_void.govs.0.width	f:3f92f1a9fbe76c8c
terms_void.govs.0.gap_bind	f:3f5929ad37e60840
terms_void.govs.0.ratio_bind	f:401c1d5903b8d2b8
terms_void.govs.0.s_bind	f:3fbeb851eb851ebb
terms_void.govs.0.n_riding4	i:44
terms_void.govs.0.n_fuel	i:2
terms_void.govs.0.riding4_valid	b:1
terms_void.govs.0.slope_f	f:3f91d1b072e03447
terms_void.govs.0.slope_r	f:3f644819ee44dc23
terms_void.govs.0.kappa	f:4008000000000000
terms_void.walls	len:2
terms_void.walls.0	keys:15
terms_void.walls.0.phi_lim	f:3fe8000000000000
terms_void.walls.0.tau_gov	f:3fa999999999999a
terms_void.walls.0.ok	b:1
terms_void.walls.0.void	n
terms_void.walls.0.tau_star	f:3fa04189374bc6a8
terms_void.walls.0.width	f:3f92f1a9fbe76c8c
terms_void.walls.0.gap_bind	f:3f5929ad37e60840
terms_void.walls.0.ratio_bind	f:401c1d5903b8d2b8
terms_void.walls.0.s_bind	f:3fbeb851eb851ebb
terms_void.walls.0.n_riding4	i:44
terms_void.walls.0.n_fuel	i:2
terms_void.walls.0.riding4_valid	b:1
terms_void.walls.0.slope_f	f:3f91d1b072e03447
terms_void.walls.0.slope_r	f:3f644819ee44dc23
terms_void.walls.0.kappa	f:4008000000000000
terms_void.walls.1	keys:4
terms_void.walls.1.phi_lim	f:3fe851eb851eb852
terms_void.walls.1.tau_gov	f:3fa999999999999a
terms_void.walls.1.ok	b:0
terms_void.walls.1.void	s:V3: threshold not strictly inside [0.004, 0.3]
terms_void.n_void	i:1
terms_void.p4	n
terms_void.p5	n
terms_void@rig	keys:2
terms_void@rig.lag_coord	s:demand
terms_void@rig.sm_air	n
