# slice N step 2 — StageStack smoke, PyPy
anchor/tau_lpc_d	0x1.68785f977c32ep+0
anchor/pi_lpc_design	0x1.8000000000000p+1
anchor/eta_lpc	0x1.ccccccccccccdp-1
anchor/tau_hpc_d	0x1.ba6c8b9d6afb8p+0
anchor/pi_hpc_design	0x1.8000000000000p+2
anchor/eta_hpc	0x1.c28f5c28f5c29p-1
anchor/kc	0x1.c000000000001p+1
cellA/e_d	0x1.d4c0bab531cdep-1
cellA/vsv_stages	0x1.0000000000000p+3
cellA/cmap_vsv	0x1.0000000000000p-2
cellA/cmap_axial_vsv	0x0.0p+0
cellA/theta_d/0	0x1.0000000000000p+0
cellA/varpi_d/0	0x1.0000000000000p+0
cellA/theta_d/1	0x1.0d0f0bf2ef866p+0
cellA/varpi_d/1	0x1.2c58642894ce3p+0
cellA/theta_d/2	0x1.1a1e17e5df0ccp+0
cellA/varpi_d/2	0x1.5db56a35e8c38p+0
cellA/theta_d/3	0x1.272d23d8ce931p+0
cellA/varpi_d/3	0x1.9462ae11fce80p+0
cellA/theta_d/4	0x1.343c2fcbbe197p+0
cellA/varpi_d/4	0x1.d0ac8419582abp+0
cellA/theta_d/5	0x1.414b3bbead9fdp+0
cellA/varpi_d/5	0x1.096ff9480e5ccp+1
cellA/theta_d/6	0x1.4e5a47b19d262p+0
cellA/varpi_d/6	0x1.2da555cbc7a8cp+1
cellA/theta_d/7	0x1.5b6953a48cac8p+0
cellA/varpi_d/7	0x1.551d83caac8e5p+1
cellA/theta_d/8	0x1.68785f977c32ep+0
cellA/varpi_d/8	0x1.7ffffffffffe7p+1
cellA/psi_at/0	0x1.4e78183f91e65p-1
cellA/vsv_at/0	0x1.0000000000000p-2
cellA/throat_ratio/0	0x1.f0b6848d2af1cp-1
cellA/capacity/0	0x1.999999999999ap-1
cellA/throat_loading/0	0x1.ffecbf54b0e64p-1
cellA/capacity_margin/0	0x1.99d7355763858p-3
cellA/psi_at/1	0x1.4e78183f91e65p-1
cellA/vsv_at/1	0x1.0000000000000p-2
cellA/throat_ratio/1	0x1.f0b6848d2af1cp-1
cellA/capacity/1	0x1.9282f3de4f5ffp-1
cellA/throat_loading/1	0x1.ffecbf54b0e64p-1
cellA/capacity_margin/1	0x1.b630bb53231ecp-3
cellA/psi_at/2	0x1.4e78183f91e65p-1
cellA/vsv_at/2	0x1.0000000000000p-2
cellA/throat_ratio/2	0x1.f0b6848d2af1cp-1
cellA/capacity/2	0x1.8bbba8176eb76p-1
cellA/throat_loading/2	0x1.ffecbf54b0e64p-1
cellA/capacity_margin/2	0x1.d14ce56cade8cp-3
cellA/psi_at/3	0x1.4e78183f91e65p-1
cellA/vsv_at/3	0x1.0000000000000p-2
cellA/throat_ratio/3	0x1.f0b6848d2af1cp-1
cellA/capacity/3	0x1.853fb1074c53ep-1
cellA/throat_loading/3	0x1.ffecbf54b0e64p-1
cellA/capacity_margin/3	0x1.eb3bc7ffe1eb8p-3
cellA/psi_at/4	0x1.4e78183f91e65p-1
cellA/vsv_at/4	0x1.0000000000000p-2
cellA/throat_ratio/4	0x1.f0b6848d2af1cp-1
cellA/capacity/4	0x1.7f0afb60eba54p-1
cellA/throat_loading/4	0x1.ffecbf54b0e64p-1
cellA/capacity_margin/4	0x1.0206d7d1e2700p-2
cellA/psi_at/5	0x1.4e78183f91e65p-1
cellA/vsv_at/5	0x1.0000000000000p-2
cellA/throat_ratio/5	0x1.f0b6848d2af1cp-1
cellA/capacity/5	0x1.791984887f98ap-1
cellA/throat_loading/5	0x1.ffecbf54b0e64p-1
cellA/capacity_margin/5	0x1.0de9531690a2ap-2
cellA/psi_at/6	0x1.4e78183f91e65p-1
cellA/vsv_at/6	0x1.0000000000000p-2
cellA/throat_ratio/6	0x1.f0b6848d2af1cp-1
cellA/capacity/6	0x1.73676d1ec926fp-1
cellA/throat_loading/6	0x1.ffecbf54b0e64p-1
cellA/capacity_margin/6	0x1.194d1441eb1aep-2
cellA/psi_at/7	0x1.4e78183f91e65p-1
cellA/vsv_at/7	0x1.0000000000000p-2
cellA/throat_ratio/7	0x1.f0b6848d2af1cp-1
cellA/capacity/7	0x1.6df103975e2ecp-1
cellA/throat_loading/7	0x1.ffecbf54b0e64p-1
cellA/capacity_margin/7	0x1.24397e25a9d3ep-2
cellA/design/tau	0x1.227bfd705bd39p+0
cellA/design/pi_internal	0x1.7ff01796415c9p+0
cellA/design/e	0x1.d4c0bab531cdep-1
cellA/design/clamped	0x0.0p+0
cellA/design/phi/0	0x1.0000000000000p+0
cellA/design/n_k/0	0x1.0000000000000p+0
cellA/design/tau_k/0	0x1.078240787ced4p+0
cellA/design/phi/1	0x1.0c18531d70801p+0
cellA/design/n_k/1	0x1.02ae8ee1bdf5cp+0
cellA/design/tau_k/1	0x1.069e201aed4fdp+0
cellA/design/phi/2	0x1.1965c0afcbd47p+0
cellA/design/n_k/2	0x1.0586bf5b95852p+0
cellA/design/tau_k/2	0x1.05b7f376cfb35p+0
cellA/design/phi/3	0x1.28323bf38ae54p+0
cellA/design/n_k/3	0x1.08926f4353234p+0
cellA/design/tau_k/3	0x1.04c9fb98b5133p+0
cellA/design/phi/4	0x1.38df79242eae0p+0
cellA/design/n_k/4	0x1.0bde00b418febp+0
cellA/design/tau_k/4	0x1.03cd2d6bff6c2p+0
cellA/design/phi/5	0x1.4bf2212c2c11cp+0
cellA/design/n_k/5	0x1.0f79729b795fap+0
cellA/design/tau_k/5	0x1.02b84b3e97cacp+0
cellA/design/phi/6	0x1.622403dab4fe7p+0
cellA/design/n_k/6	0x1.137a13495aebep+0
cellA/design/tau_k/6	0x1.017e68cbdc005p+0
cellA/design/phi/7	0x1.7c83145d9fd7fp+0
cellA/design/n_k/7	0x1.17fd40d1fab0bp+0
cellA/design/tau_k/7	0x1.000c4b25bec2bp+0
cellA/design/tau_of	0x1.227bfd705bd39p+0
cellA/design/lumped_tau	0x1.3c1203c3e76a1p+0
cellA/design/m_k_last	0x1.a02b49160a750p+0
cellA/design/row_margin/0	0x1.672d0a200796cp-3
cellA/design/row_margin/1	0x1.23c90de06b234p-3
cellA/design/row_margin/2	0x1.af84d6f368448p-4
cellA/design/row_margin/3	0x1.01d22ea821f50p-4
cellA/design/row_margin/4	0x1.c5595cbc0f740p-7
cellA/design/row_margin/5	-0x1.67c8f8aed2b20p-5
cellA/design/row_margin/6	-0x1.cf217ce87a7c0p-4
cellA/design/row_margin/7	-0x1.94d247a678168p-3
cellA/design/row_argmin	0x1.c000000000000p+2
cellA/part/tau	0x1.26b532375969fp+0
cellA/part/pi_internal	0x1.921f3761d9dc2p+0
cellA/part/e	0x1.d4c0bab531cdep-1
cellA/part/clamped	0x0.0p+0
cellA/part/phi/0	0x1.d27d27d27d27cp-1
cellA/part/n_k/0	0x1.ccccccccccccdp-1
cellA/part/tau_k/0	0x1.0721abd5139dbp+0
cellA/part/phi/1	0x1.ea144fb0636c6p-1
cellA/part/n_k/1	0x1.d1f606d53846bp-1
cellA/part/tau_k/1	0x1.06693b96fa77dp+0
cellA/part/phi/2	0x1.01a568cd5fd57p+0
cellA/part/n_k/2	0x1.d7452ca47f23cp-1
cellA/part/tau_k/2	0x1.05b33672db32cp+0
cellA/part/phi/3	0x1.0f3cfa523e1ccp+0
cellA/part/n_k/3	0x1.dcc67c5b2c58dp-1
cellA/part/tau_k/3	0x1.04fc60d573305p+0
cellA/part/phi/4	0x1.1e084dadabdcbp+0
cellA/part/n_k/4	0x1.e28808d0c9d64p-1
cellA/part/tau_k/4	0x1.044124ba9efb2p+0
cellA/part/phi/5	0x1.2e4dc210d6c55p+0
cellA/part/n_k/5	0x1.e89a83255e524p-1
cellA/part/tau_k/5	0x1.037d4926b2d6fp+0
cellA/part/phi/6	0x1.4068b89546d3fp+0
cellA/part/n_k/6	0x1.ef1250d7389cfp-1
cellA/part/tau_k/6	0x1.02ab8ae803059p+0
cellA/part/phi/7	0x1.54d2d42d800a2p+0
cellA/part/n_k/7	0x1.f6091c848a782p-1
cellA/part/tau_k/7	0x1.01c4ff22b9936p+0
cellA/part/tau_of	0x1.26b532375969fp+0
cellA/part/lumped_tau	0x1.390d5ea89ced5p+0
cellA/part/m_k_last	0x1.4e30c6b91978bp+0
cellA/part/row_margin/0	0x1.4b9506b617978p-2
cellA/part/row_margin/1	0x1.2d261b240c538p-2
cellA/part/row_margin/2	0x1.0c3ef985655acp-2
cellA/part/row_margin/3	0x1.d08adb5c9a208p-3
cellA/part/row_margin/4	0x1.80f5a89a13e3cp-3
cellA/part/row_margin/5	0x1.27da0bf614180p-3
cellA/part/row_margin/6	0x1.8580459d99700p-4
cellA/part/row_margin/7	0x1.3960da0141230p-5
cellA/part/row_argmin	0x1.c000000000000p+2
cellA/deep/tau	0x1.21f2223f4148dp+0
cellA/deep/pi_internal	0x1.7da18025cd382p+0
cellA/deep/e	0x1.d4c0bab531cdep-1
cellA/deep/clamped	0x0.0p+0
cellA/deep/phi/0	0x1.871c71c71c71dp-1
cellA/deep/n_k/0	0x1.70a3d70a3d70ap-1
cellA/deep/tau_k/0	0x1.05a72be5d0391p+0
cellA/deep/phi/1	0x1.a00a6b39445dep-1
cellA/deep/n_k/1	0x1.75d20f554d297p-1
cellA/deep/tau_k/1	0x1.052e85c99af59p+0
cellA/deep/phi/2	0x1.ba02365ea7488p-1
cellA/deep/n_k/2	0x1.7af7f623231f2p-1
cellA/deep/tau_k/2	0x1.04b81bcb2aeb4p+0
cellA/deep/phi/3	0x1.d5343c87522a7p-1
cellA/deep/n_k/3	0x1.801db43bef519p-1
cellA/deep/tau_k/3	0x1.0442a31e14c93p+0
cellA/deep/phi/4	0x1.f1d9344253c9fp-1
cellA/deep/n_k/4	0x1.854b7ff04bcddp-1
cellA/deep/tau_k/4	0x1.03ccc15b8e4e9p+0
cellA/deep/phi/5	0x1.081a3af71b0e5p+0
cellA/deep/n_k/5	0x1.8a89dffcd7ebcp-1
cellA/deep/tau_k/5	0x1.0354fd7824695p+0
cellA/deep/phi/6	0x1.184b8ddd2cfdfp+0
cellA/deep/n_k/6	0x1.8fe1f5ad0b7f5p-1
cellA/deep/tau_k/6	0x1.02d9acf8c5054p+0
cellA/deep/phi/7	0x1.29b22278b5a21p+0
cellA/deep/n_k/7	0x1.955dd48416499p-1
cellA/deep/tau_k/7	0x1.0258db28f5bb5p+0
cellA/deep/tau_of	0x1.21f2223f4148dp+0
cellA/deep/lumped_tau	0x1.2d395f2e81c89p+0
cellA/deep/m_k_last	0x1.d763ed609b83fp-1
cellA/deep/row_margin/0	0x1.17c964979aa4bp-1
cellA/deep/row_margin/1	0x1.09d94e82f33f6p-1
cellA/deep/row_margin/2	0x1.f6b23e8db29aep-2
cellA/deep/row_margin/3	0x1.d84bd161f713ap-2
cellA/deep/row_margin/4	0x1.b82e7653a6ea6p-2
cellA/deep/row_margin/5	0x1.95fad8b35d5cap-2
cellA/deep/row_margin/6	0x1.713e8e2cf067cp-2
cellA/deep/row_margin/7	0x1.496dc2c0e725ap-2
cellA/deep/row_argmin	0x1.c000000000000p+2
cellA/bracket_lo/tau	0x1.b4c6172ad6537p-1
cellA/bracket_lo/clamped	0x0.0p+0
cellA/clamp_T/tau	0x1.283c0df795200p-72
cellA/clamp_T/clamped	0x1.c000000000000p+2
cellA/clamp_T/tau_k/0	0x1.f5d7460ad1da4p-3
cellA/clamp_T/tau_k/1	0x1.0624dd2f1a9fcp-10
cellA/clamp_T/tau_k/2	0x1.0624dd2f1a9fcp-10
cellA/clamp_T/tau_k/3	0x1.0624dd2f1a9fcp-10
cellA/clamp_T/tau_k/4	0x1.0624dd2f1a9fcp-10
cellA/clamp_T/tau_k/5	0x1.0624dd2f1a9fcp-10
cellA/clamp_T/tau_k/6	0x1.0624dd2f1a9fcp-10
cellA/clamp_T/tau_k/7	0x1.0624dd2f1a9fcp-10
cellA/clamp_TP/eta_live	0x1.fae147ae147aep-1
cellA/clamp_TP/e	0x1.01d066b074fe0p+0
cellA/clamp_TP/tau	0x1.283c0df795200p-72
cellA/clamp_TP/pi_internal	0x1.611821de39196p-496
cellA/clamp_TP/clamped	0x1.c000000000000p+3
cellA/solve_n/at_design	0x1.2acb11aad7e82p+0
cellA/solve_n/throttled	0x1.0d16d38df5d57p+0
cellA/march_eta_lo/tau	0x1.1e1e83c96290bp+0
cellA/march_eta_lo/e	0x1.c6b0b51b4759ap-1
cellB/e_d	0x1.d4c2c7f1316d4p-1
cellB/vsv_stages	0x1.0000000000000p+0
cellB/cmap_vsv	0x1.0000000000000p-2
cellB/cmap_axial_vsv	0x0.0p+0
cellB/theta_d/0	0x1.0000000000000p+0
cellB/varpi_d/0	0x1.0000000000000p+0
cellB/theta_d/1	0x1.0b306504dc119p+0
cellB/varpi_d/1	0x1.25af1355528e3p+0
cellB/theta_d/2	0x1.16ddfbde2cbc0p+0
cellB/varpi_d/2	0x1.50ea39fcbf162p+0
cellB/theta_d/3	0x1.230e3d5ad1e0fp+0
cellB/varpi_d/3	0x1.82827ded97342p+0
cellB/theta_d/4	0x1.2fc6df835e8efp+0
cellB/varpi_d/4	0x1.bb67ae8584c9fp+0
cellB/theta_d/5	0x1.3d0dd84726aeep+0
cellB/varpi_d/5	0x1.fcace81b989f4p+0
cellB/theta_d/6	0x1.4ae960473dc8cp+0
cellB/varpi_d/6	0x1.23c6e3224f9c5p+1
cellB/theta_d/7	0x1.595ff5c0b5e4ep+0
cellB/varpi_d/7	0x1.4eba2cf48b8f5p+1
cellB/theta_d/8	0x1.68785f977c32dp+0
cellB/varpi_d/8	0x1.7fffffffffff1p+1
cellB/psi_at/0	0x1.4e78183f91e65p-1
cellB/vsv_at/0	0x1.0000000000000p-2
cellB/throat_ratio/0	0x1.f0b6848d2af1cp-1
cellB/capacity/0	0x1.999999999999ap-1
cellB/throat_loading/0	0x1.ffecbf54b0e64p-1
cellB/capacity_margin/0	0x1.99d7355763858p-3
cellB/psi_at/1	0x1.0c6b26bf8769fp+0
cellB/vsv_at/1	0x0.0p+0
cellB/throat_ratio/1	0x1.0000000000000p+0
cellB/capacity/1	0x1.9381cfc3b86e9p-1
cellB/throat_loading/1	0x1.f0a3d70a3d70ap-1
cellB/capacity_margin/1	0x1.e2647db6af48cp-3
cellB/psi_at/2	0x1.0c6b26bf8769fp+0
cellB/vsv_at/2	0x0.0p+0
cellB/throat_ratio/2	0x1.0000000000000p+0
cellB/capacity/2	0x1.8d6462775a056p-1
cellB/throat_loading/2	0x1.f0a3d70a3d70ap-1
cellB/capacity_margin/2	0x1.fa1e58fdb732cp-3
cellB/psi_at/3	0x1.0c6b26bf8769fp+0
cellB/vsv_at/3	0x0.0p+0
cellB/throat_ratio/3	0x1.0000000000000p+0
cellB/capacity/3	0x1.87439b6aa4937p-1
cellB/throat_loading/3	0x1.f0a3d70a3d70ap-1
cellB/capacity_margin/3	0x1.08f29a2bfe29ap-2
cellB/psi_at/4	0x1.0c6b26bf8769fp+0
cellB/vsv_at/4	0x0.0p+0
cellB/throat_ratio/4	0x1.0000000000000p+0
cellB/capacity/4	0x1.81219b657639cp-1
cellB/throat_loading/4	0x1.f0a3d70a3d70ap-1
cellB/capacity_margin/4	0x1.14d86702d8152p-2
cellB/psi_at/5	0x1.0c6b26bf8769fp+0
cellB/vsv_at/5	0x0.0p+0
cellB/throat_ratio/5	0x1.0000000000000p+0
cellB/capacity/5	0x1.7b005c4d7b2a5p-1
cellB/throat_loading/5	0x1.f0a3d70a3d70ap-1
cellB/capacity_margin/5	0x1.20bcbd92a58a2p-2
cellB/psi_at/6	0x1.0c6b26bf8769fp+0
cellB/vsv_at/6	0x0.0p+0
cellB/throat_ratio/6	0x1.0000000000000p+0
cellB/capacity/6	0x1.74e1b3234dd14p-1
cellB/throat_loading/6	0x1.f0a3d70a3d70ap-1
cellB/capacity_margin/6	0x1.2c9c0ffe11fe8p-2
cellB/psi_at/7	0x1.0c6b26bf8769fp+0
cellB/vsv_at/7	0x0.0p+0
cellB/throat_ratio/7	0x1.0000000000000p+0
cellB/capacity/7	0x1.6ec751efbcfe8p-1
cellB/throat_loading/7	0x1.f0a3d70a3d70ap-1
cellB/capacity_margin/7	0x1.3873143e448d2p-2
cellB/design/tau	0x1.60d18d5e49cebp+0
cellB/design/pi_internal	0x1.666a035c9b1afp+1
cellB/design/e	0x1.d4c2c7f1316d4p-1
cellB/design/clamped	0x0.0p+0
cellB/design/phi/0	0x1.0000000000000p+0
cellB/design/n_k/0	0x1.0000000000000p+0
cellB/design/tau_k/0	0x1.066f06e2cb56ep+0
cellB/design/phi/1	0x1.0a61711670d61p+0
cellB/design/n_k/1	0x1.024f189263cfdp+0
cellB/design/tau_k/1	0x1.0b110a669ea8bp+0
cellB/design/phi/2	0x1.0aa6c1325355ep+0
cellB/design/n_k/2	0x1.025e41d511128p+0
cellB/design/tau_k/2	0x1.0b10278a9b25ep+0
cellB/design/phi/3	0x1.0aee19b9dc2c9p+0
cellB/design/n_k/3	0x1.026dd9be80553p+0
cellB/design/tau_k/3	0x1.0b0f3d200cb0dp+0
cellB/design/phi/4	0x1.0b378d074ae6cp+0
cellB/design/n_k/4	0x1.027de40b3911bp+0
cellB/design/tau_k/4	0x1.0b0e4ad661f27p+0
cellB/design/phi/5	0x1.0b832e46bd4c9p+0
cellB/design/n_k/5	0x1.028e64a04a04fp+0
cellB/design/tau_k/5	0x1.0b0d5058c5d54p+0
cellB/design/phi/6	0x1.0bd111821a482p+0
cellB/design/n_k/6	0x1.029f5f8d782b5p+0
cellB/design/tau_k/6	0x1.0b0c4d4dd7dc2p+0
cellB/design/phi/7	0x1.0c214badd24ddp+0
cellB/design/n_k/7	0x1.02b0d90f9308bp+0
cellB/design/tau_k/7	0x1.0b0b41575ed4fp+0
cellB/design/tau_of	0x1.60d18d5e49cebp+0
cellB/design/lumped_tau	0x1.3c1203c3e76a1p+0
cellB/design/m_k_last	0x1.0ef2c881be8d0p+0
cellB/design/row_margin/0	0x1.672d0a200796cp-3
cellB/design/row_margin/1	0x1.6160432a1cbecp-3
cellB/design/row_margin/2	0x1.78fa535f50f10p-3
cellB/design/row_margin/3	0x1.90a361779083cp-3
cellB/design/row_margin/4	0x1.a852b195d89fcp-3
cellB/design/row_margin/5	0x1.c000230e34248p-3
cellB/design/row_margin/6	0x1.d7a42865d8088p-3
cellB/design/row_margin/7	0x1.ef37bf905a558p-3
cellB/design/row_argmin	0x1.0000000000000p+0
cellB/part/tau	0x1.51f9256a4332fp+0
cellB/part/pi_internal	0x1.38274be8f8f91p+1
cellB/part/e	0x1.d4c2c7f1316d4p-1
cellB/part/clamped	0x0.0p+0
cellB/part/phi/0	0x1.d27d27d27d27cp-1
cellB/part/n_k/0	0x1.ccccccccccccdp-1
cellB/part/tau_k/0	0x1.061c46481e978p+0
cellB/part/phi/1	0x1.e6baadc3eb053p-1
cellB/part/n_k/1	0x1.d13e25a91e0bfp-1
cellB/part/tau_k/1	0x1.098e40b9fff7fp+0
cellB/part/phi/2	0x1.ed6297d71c241p-1
cellB/part/n_k/2	0x1.d2abde8af8d36p-1
cellB/part/tau_k/2	0x1.0987e8ddf5044p+0
cellB/part/phi/3	0x1.f43c4378bb74bp-1
cellB/part/n_k/3	0x1.d4204e3b916a6p-1
cellB/part/tau_k/3	0x1.0980e8f0c72fap+0
cellB/part/phi/4	0x1.fb4be3e4e2404p-1
cellB/part/n_k/4	0x1.d59c17c42e5a1p-1
cellB/part/tau_k/4	0x1.097932dbd855ap+0
cellB/part/phi/5	0x1.014b0f893a780p+0
cellB/part/n_k/5	0x1.d71fecee16c13p-1
cellB/part/tau_k/5	0x1.0970b69ebe437p+0
cellB/part/phi/6	0x1.05100f1d95e11p+0
cellB/part/n_k/6	0x1.d8ac9047b55d3p-1
cellB/part/tau_k/6	0x1.096761ff53b15p+0
cellB/part/phi/7	0x1.08f7d0b0e17a6p+0
cellB/part/n_k/7	0x1.da42d780bbf6bp-1
cellB/part/tau_k/7	0x1.095d20298d48dp+0
cellB/part/tau_of	0x1.51f9256a4332fp+0
cellB/part/lumped_tau	0x1.390d5ea89ced5p+0
cellB/part/m_k_last	0x1.eae00758adcffp-1
cellB/part/row_margin/0	0x1.4b9506b617978p-2
cellB/part/row_margin/1	0x1.46e0fb5066e02p-2
cellB/part/row_margin/2	0x1.45eaf75572ecap-2
cellB/part/row_margin/3	0x1.44f7a736b2c5ap-2
cellB/part/row_margin/4	0x1.44001bbd3915cp-2
cellB/part/row_margin/5	0x1.42fd1381fda5ep-2
cellB/part/row_margin/6	0x1.41e6ea202e5b6p-2
cellB/part/row_margin/7	0x1.40b5843cedb32p-2
cellB/part/row_argmin	0x1.c000000000000p+2
cellB/deep/tau	0x1.382fb574400ebp+0
cellB/deep/pi_internal	0x1.e3cd2e482f404p+0
cellB/deep/e	0x1.d4c2c7f1316d4p-1
cellB/deep/clamped	0x0.0p+0
cellB/deep/phi/0	0x1.871c71c71c71dp-1
cellB/deep/n_k/0	0x1.70a3d70a3d70ap-1
cellB/deep/tau_k/0	0x1.04d7f7c07a643p+0
cellB/deep/phi/1	0x1.9c7955e7c2fcfp-1
cellB/deep/n_k/1	0x1.7518cfd7eadbfp-1
cellB/deep/tau_k/1	0x1.06ba3e872c041p+0
cellB/deep/phi/2	0x1.ac238d38c3bb9p-1
cellB/deep/n_k/2	0x1.7840606121b4fp-1
cellB/deep/tau_k/2	0x1.06b80e99ce0d1p+0
cellB/deep/phi/3	0x1.bc6e3fc3744b7p-1
cellB/deep/n_k/3	0x1.7b7059374c23ep-1
cellB/deep/tau_k/3	0x1.06b3c352422d2p+0
cellB/deep/phi/4	0x1.cd685422d7299p-1
cellB/deep/n_k/4	0x1.7eaa5c3c7d2e1p-1
cellB/deep/tau_k/4	0x1.06ad276c2b78fp+0
cellB/deep/phi/5	0x1.df231416ced6fp-1
cellB/deep/n_k/5	0x1.81f0403fefabbp-1
cellB/deep/tau_k/5	0x1.06a3fc09016ecp+0
cellB/deep/phi/6	0x1.f1b2a4cf6cc8dp-1
cellB/deep/n_k/6	0x1.85441a4e0cae8p-1
cellB/deep/tau_k/6	0x1.0697f66c197dap+0
cellB/deep/phi/7	0x1.02974ef2bfdb6p+0
cellB/deep/n_k/7	0x1.88a84942dd38ep-1
cellB/deep/tau_k/7	0x1.0688bd10dc500p+0
cellB/deep/tau_of	0x1.382fb574400ebp+0
cellB/deep/lumped_tau	0x1.2d395f2e81c89p+0
cellB/deep/m_k_last	0x1.8ca1ae3035118p-1
cellB/deep/row_margin/0	0x1.17c964979aa4bp-1
cellB/deep/row_margin/1	0x1.131e92d860f34p-1
cellB/deep/row_margin/2	0x1.0bcd4c14bf6c2p-1
cellB/deep/row_margin/3	0x1.044de30de8a75p-1
cellB/deep/row_margin/4	0x1.f93253d9bbb38p-2
cellB/deep/row_margin/5	0x1.e94d438e09f20p-2
cellB/deep/row_margin/6	0x1.d8d875d05e56cp-2
cellB/deep/row_margin/7	0x1.c7bc085614c7cp-2
cellB/deep/row_argmin	0x1.c000000000000p+2
cellB/bracket_lo/tau	0x1.c4d862562d1e9p-1
cellB/bracket_lo/clamped	0x0.0p+0
cellB/clamp_T/tau	0x1.aae989b1644b3p-72
cellB/clamp_T/clamped	0x1.c000000000000p+2
cellB/clamp_T/tau_k/0	0x1.699bd6e04f23ap-2
cellB/clamp_T/tau_k/1	0x1.0624dd2f1a9fcp-10
cellB/clamp_T/tau_k/2	0x1.0624dd2f1a9fcp-10
cellB/clamp_T/tau_k/3	0x1.0624dd2f1a9fcp-10
cellB/clamp_T/tau_k/4	0x1.0624dd2f1a9fcp-10
cellB/clamp_T/tau_k/5	0x1.0624dd2f1a9fcp-10
cellB/clamp_T/tau_k/6	0x1.0624dd2f1a9fcp-10
cellB/clamp_T/tau_k/7	0x1.0624dd2f1a9fcp-10
cellB/clamp_TP/eta_live	0x1.fae147ae147aep-1
cellB/clamp_TP/e	0x1.01d1879174c8ep+0
cellB/clamp_TP/tau	0x1.aae989b1644b3p-72
cellB/clamp_TP/pi_internal	0x1.474ad5fa7ed94p-494
cellB/clamp_TP/clamped	0x1.c000000000000p+3
cellB/solve_n/at_design	0x1.0589f9eba8c1ep+0
cellB/solve_n/throttled	0x1.d5b2482235d2ap-1
cellB/march_eta_lo/tau	0x1.5757538183f07p+0
cellB/march_eta_lo/e	0x1.c6b2b2957a2f1p-1
cellC/e_d	0x1.dce6181a84746p-1
cellC/vsv_stages	0x1.0000000000000p+1
cellC/cmap_vsv	-0x1.3333333333333p-3
cellC/cmap_axial_vsv	0x0.0p+0
cellC/theta_d/0	0x1.0000000000000p+0
cellC/varpi_d/0	0x1.0000000000000p+0
cellC/theta_d/1	0x1.2e9b22e75abeep+0
cellC/varpi_d/1	0x1.baee6984e6044p+0
cellC/theta_d/2	0x1.5d3645ceb57dcp+0
cellC/varpi_d/2	0x1.620f0829d6545p+1
cellC/theta_d/3	0x1.8bd168b6103cap+0
cellC/varpi_d/3	0x1.0ac6ccc94e5c2p+2
cellC/theta_d/4	0x1.ba6c8b9d6afb8p+0
cellC/varpi_d/4	0x1.7ffffffffffeep+2
cellC/psi_at/0	0x1.5937f38c5436cp+0
cellC/vsv_at/0	-0x1.3333333333333p-3
cellC/throat_ratio/0	0x1.fa55dd9aca2a4p-1
cellC/capacity/0	0x1.b333333333333p-1
cellC/throat_loading/0	0x1.f63234f6d7bb4p-1
cellC/capacity_margin/0	0x1.54887f1f22838p-3
cellC/psi_at/1	0x1.5937f38c5436cp+0
cellC/vsv_at/1	-0x1.3333333333333p-3
cellC/throat_ratio/1	0x1.fa55dd9aca2a4p-1
cellC/capacity/1	0x1.b333333333333p-1
cellC/throat_loading/1	0x1.f63234f6d7bb4p-1
cellC/capacity_margin/1	0x1.54887f1f22838p-3
cellC/psi_at/2	0x1.11cb6848beb5bp+0
cellC/vsv_at/2	0x0.0p+0
cellC/throat_ratio/2	0x1.0000000000000p+0
cellC/capacity/2	0x1.b333333333333p-1
cellC/throat_loading/2	0x1.f0a3d70a3d70ap-1
cellC/capacity_margin/2	0x1.676c8b4395810p-3
cellC/psi_at/3	0x1.11cb6848beb5bp+0
cellC/vsv_at/3	0x0.0p+0
cellC/throat_ratio/3	0x1.0000000000000p+0
cellC/capacity/3	0x1.b333333333333p-1
cellC/throat_loading/3	0x1.f0a3d70a3d70ap-1
cellC/capacity_margin/3	0x1.676c8b4395810p-3
cellC/design/tau	0x1.eaa357df3ece6p+0
cellC/design/pi_internal	0x1.0df87f1a3baebp+3
cellC/design/e	0x1.dce6181a84746p-1
cellC/design/clamped	0x0.0p+0
cellC/design/phi/0	0x1.0000000000000p+0
cellC/design/n_k/0	0x1.0000000000000p+0
cellC/design/tau_k/0	0x1.3c967a2cc2c4fp+0
cellC/design/phi/1	0x1.cd7f1eb5e0fe3p-1
cellC/design/n_k/1	0x1.f490fb838974dp-1
cellC/design/tau_k/1	0x1.338ee3d0017efp+0
cellC/design/phi/2	0x1.a4cd59a1b1dd4p-1
cellC/design/n_k/2	0x1.ea9884eaf5c0bp-1
cellC/design/tau_k/2	0x1.24db5f0107d2ap+0
cellC/design/phi/3	0x1.9c0261f080c8fp-1
cellC/design/n_k/3	0x1.e856288c3831ep-1
cellC/design/tau_k/3	0x1.20abf4569d5e8p+0
cellC/design/tau_of	0x1.eaa357df3ece6p+0
cellC/design/lumped_tau	0x1.f259e8b30b13cp+0
cellC/design/m_k_last	0x1.88f79a60b3ab2p-1
cellC/design/row_margin/0	0x1.1fb99587068ccp-3
cellC/design/row_margin/1	0x1.f0ca1f1575694p-3
cellC/design/row_margin/2	0x1.528ace52e885cp-2
cellC/design/row_margin/3	0x1.63f4acc201c38p-2
cellC/design/row_argmin	0x0.0p+0
cellC/part/tau	0x1.bd4cd28876364p+0
cellC/part/pi_internal	0x1.885fea8dd9d05p+2
cellC/part/e	0x1.dce6181a84746p-1
cellC/part/clamped	0x0.0p+0
cellC/part/phi/0	0x1.d27d27d27d27cp-1
cellC/part/n_k/0	0x1.ccccccccccccdp-1
cellC/part/tau_k/0	0x1.33652e0ecbb07p+0
cellC/part/phi/1	0x1.c1f7ad4578dbep-1
cellC/part/n_k/1	0x1.c9323e6df8382p-1
cellC/part/tau_k/1	0x1.2b7db1a5ec7edp+0
cellC/part/phi/2	0x1.b419fc1246d43p-1
cellC/part/n_k/2	0x1.c6159b97e282ep-1
cellC/part/tau_k/2	0x1.1ecc5b8609d29p+0
cellC/part/phi/3	0x1.bfe4953d89d9cp-1
cellC/part/n_k/3	0x1.c8be196769420p-1
cellC/part/tau_k/3	0x1.1af4205d6ced0p+0
cellC/part/tau_of	0x1.bd4cd28876364p+0
cellC/part/lumped_tau	0x1.cd94b83b2ec1cp+0
cellC/part/m_k_last	0x1.8f8de0f75075cp-1
cellC/part/row_margin/0	0x1.2e49878bd72a4p-2
cellC/part/row_margin/1	0x1.4d4ac69b936ecp-2
cellC/part/row_margin/2	0x1.6e7d246985aa0p-2
cellC/part/row_margin/3	0x1.58c2018ec404ap-2
cellC/part/row_argmin	0x0.0p+0
cellC/deep/tau	0x1.7837797da9623p+0
cellC/deep/pi_internal	0x1.c2f786db18e02p+1
cellC/deep/e	0x1.dce6181a84746p-1
cellC/deep/clamped	0x0.0p+0
cellC/deep/phi/0	0x1.871c71c71c71dp-1
cellC/deep/n_k/0	0x1.70a3d70a3d70ap-1
cellC/deep/tau_k/0	0x1.23446901adf02p+0
cellC/deep/phi/1	0x1.aadfe601731f2p-1
cellC/deep/n_k/1	0x1.77bf355619c4ap-1
cellC/deep/tau_k/1	0x1.1e04b4b3423d3p+0
cellC/deep/phi/2	0x1.cbac56b9758a0p-1
cellC/deep/n_k/2	0x1.7de0ad72c05dbp-1
cellC/deep/tau_k/2	0x1.14edd842710c2p+0
cellC/deep/phi/3	0x1.ff5a0fb4f74f6p-1
cellC/deep/n_k/3	0x1.86e5d07b2120ep-1
cellC/deep/tau_k/3	0x1.11979f551922ep+0
cellC/deep/tau_of	0x1.7837797da9623p+0
cellC/deep/lumped_tau	0x1.8d11a406b7c06p+0
cellC/deep/m_k_last	0x1.86671ff66e6c8p-1
cellC/deep/row_margin/0	0x1.0df6515c2a802p-1
cellC/deep/row_margin/1	0x1.e579727128828p-2
cellC/deep/row_margin/2	0x1.b927eb2fb3932p-2
cellC/deep/row_margin/3	0x1.6850b0104447ap-2
cellC/deep/row_argmin	0x1.8000000000000p+1
cellC/bracket_lo/tau	0x1.0e1166fd17812p-1
cellC/bracket_lo/clamped	0x0.0p+0
cellC/clamp_T/tau	0x1.19799812dea12p-40
cellC/clamp_T/clamped	0x1.0000000000000p+2
cellC/clamp_T/tau_k/0	0x1.0624dd2f1a9fcp-10
cellC/clamp_T/tau_k/1	0x1.0624dd2f1a9fcp-10
cellC/clamp_T/tau_k/2	0x1.0624dd2f1a9fcp-10
cellC/clamp_T/tau_k/3	0x1.0624dd2f1a9fcp-10
cellC/clamp_TP/eta_live	0x1.ef9db22d0e560p-1
cellC/clamp_TP/e	0x1.064b5a0e95a66p+0
cellC/clamp_TP/tau	0x1.19799812dea12p-40
cellC/clamp_TP/pi_internal	0x1.f152bf9f10db4p-280
cellC/clamp_TP/clamped	0x1.0000000000000p+3
cellC/solve_n/at_design	0x1.e15e7d7bda390p-1
cellC/solve_n/throttled	0x1.b508fb090d2f6p-1
cellC/march_eta_lo/tau	0x1.cfa870a4d19b7p+0
cellC/march_eta_lo/e	0x1.ce9782e68599dp-1
cellD/e_d	0x1.cea1bdee570cdp-1
cellD/vsv_stages	0x1.0000000000000p+0
cellD/cmap_vsv	0x0.0p+0
cellD/cmap_axial_vsv	0x0.0p+0
cellD/theta_d/0	0x1.0000000000000p+0
cellD/varpi_d/0	0x1.0000000000000p+0
cellD/theta_d/1	0x1.68785f977c32ep+0
cellD/varpi_d/1	0x1.8000000000012p+1
cellD/psi_at/0	0x1.0c6b26bf8769fp+0
cellD/vsv_at/0	0x0.0p+0
cellD/throat_ratio/0	0x1.0000000000000p+0
cellD/capacity/0	0x1.999999999999ap-1
cellD/throat_loading/0	0x1.f0a3d70a3d70ap-1
cellD/capacity_margin/0	0x1.cac083126e978p-3
cellD/design/tau	0x1.68785f977c32ep+0
cellD/design/pi_internal	0x1.8000000000012p+1
cellD/design/e	0x1.cea1bdee570cdp-1
cellD/design/clamped	0x0.0p+0
cellD/design/phi/0	0x1.0000000000000p+0
cellD/design/n_k/0	0x1.0000000000000p+0
cellD/design/tau_k/0	0x1.68785f977c32ep+0
cellD/design/tau_of	0x1.68785f977c32ep+0
cellD/design/lumped_tau	0x1.68785f977c32ep+0
cellD/design/m_k_last	0x1.0000000000000p+0
cellD/design/row_margin/0	0x1.9999999999998p-3
cellD/design/row_argmin	0x0.0p+0
cellD/part/tau	0x1.59d1be13188ddp+0
cellD/part/pi_internal	0x1.4f93612d6ff09p+1
cellD/part/e	0x1.cea1bdee570cdp-1
cellD/part/clamped	0x0.0p+0
cellD/part/phi/0	0x1.d27d27d27d27cp-1
cellD/part/n_k/0	0x1.ccccccccccccdp-1
cellD/part/tau_k/0	0x1.59d1be13188ddp+0
cellD/part/tau_of	0x1.59d1be13188ddp+0
cellD/part/lumped_tau	0x1.59d1be13188ddp+0
cellD/part/m_k_last	0x1.a3d70a3d70a3dp-1
cellD/part/row_margin/0	0x1.604189374bc6ap-2
cellD/part/row_argmin	0x0.0p+0
cellD/deep/tau	0x1.3ece73293482ap+0
cellD/deep/pi_internal	0x1.01f766bf5aca9p+1
cellD/deep/e	0x1.cea1bdee570cdp-1
cellD/deep/clamped	0x0.0p+0
cellD/deep/phi/0	0x1.871c71c71c71dp-1
cellD/deep/n_k/0	0x1.70a3d70a3d70ap-1
cellD/deep/tau_k/0	0x1.3ece73293482ap+0
cellD/deep/tau_of	0x1.3ece73293482ap+0
cellD/deep/lumped_tau	0x1.3ece73293482ap+0
cellD/deep/m_k_last	0x1.199999999999ap-1
cellD/deep/row_margin/0	0x1.1eb851eb851ebp-1
cellD/deep/row_argmin	0x0.0p+0
cellD/bracket_lo/tau	0x1.e9043ce3cb138p-1
cellD/bracket_lo/clamped	0x0.0p+0
cellD/clamp_T/tau	0x1.0624dd2f1a9fcp-10
cellD/clamp_T/clamped	0x1.0000000000000p+0
cellD/clamp_T/tau_k/0	0x1.0624dd2f1a9fcp-10
cellD/clamp_TP/eta_live	0x1.fae147ae147aep-1
cellD/clamp_TP/e	0x1.fce51db95fc14p-1
cellD/clamp_TP/tau	0x1.0624dd2f1a9fcp-10
cellD/clamp_TP/pi_internal	0x1.fb91db09a2a56p-26
cellD/clamp_TP/clamped	0x1.0000000000000p+0
cellD/solve_n/at_design	0x1.000000000000ap+0
cellD/solve_n/throttled	0x1.c5685beae2434p-1
cellD/march_eta_lo/tau	0x1.60fb11bc0f363p+0
cellD/march_eta_lo/e	0x1.c0c0bacb07a37p-1
cellE/e_d	0x1.d4c0bab531cdep-1
cellE/vsv_stages	0x1.0000000000000p+3
cellE/cmap_vsv	0x0.0p+0
cellE/cmap_axial_vsv	0x0.0p+0
cellE/theta_d/0	0x1.0000000000000p+0
cellE/varpi_d/0	0x1.0000000000000p+0
cellE/theta_d/1	0x1.0d0f0bf2ef866p+0
cellE/varpi_d/1	0x1.2c58642894ce3p+0
cellE/theta_d/2	0x1.1a1e17e5df0ccp+0
cellE/varpi_d/2	0x1.5db56a35e8c38p+0
cellE/theta_d/3	0x1.272d23d8ce931p+0
cellE/varpi_d/3	0x1.9462ae11fce80p+0
cellE/theta_d/4	0x1.343c2fcbbe197p+0
cellE/varpi_d/4	0x1.d0ac8419582abp+0
cellE/theta_d/5	0x1.414b3bbead9fdp+0
cellE/varpi_d/5	0x1.096ff9480e5ccp+1
cellE/theta_d/6	0x1.4e5a47b19d262p+0
cellE/varpi_d/6	0x1.2da555cbc7a8cp+1
cellE/theta_d/7	0x1.5b6953a48cac8p+0
cellE/varpi_d/7	0x1.551d83caac8e5p+1
cellE/theta_d/8	0x1.68785f977c32ep+0
cellE/varpi_d/8	0x1.7ffffffffffe7p+1
cellE/psi_at/0	0x1.0c6b26bf8769fp+0
cellE/vsv_at/0	0x0.0p+0
cellE/throat_ratio/0	0x1.0000000000000p+0
cellE/capacity/0	0x1.999999999999ap-1
cellE/throat_loading/0	0x1.f0a3d70a3d70ap-1
cellE/capacity_margin/0	0x1.cac083126e978p-3
cellE/psi_at/1	0x1.0c6b26bf8769fp+0
cellE/vsv_at/1	0x0.0p+0
cellE/throat_ratio/1	0x1.0000000000000p+0
cellE/capacity/1	0x1.999999999999ap-1
cellE/throat_loading/1	0x1.f0a3d70a3d70ap-1
cellE/capacity_margin/1	0x1.cac083126e978p-3
cellE/psi_at/2	0x1.0c6b26bf8769fp+0
cellE/vsv_at/2	0x0.0p+0
cellE/throat_ratio/2	0x1.0000000000000p+0
cellE/capacity/2	0x1.999999999999ap-1
cellE/throat_loading/2	0x1.f0a3d70a3d70ap-1
cellE/capacity_margin/2	0x1.cac083126e978p-3
cellE/psi_at/3	0x1.0c6b26bf8769fp+0
cellE/vsv_at/3	0x0.0p+0
cellE/throat_ratio/3	0x1.0000000000000p+0
cellE/capacity/3	0x1.999999999999ap-1
cellE/throat_loading/3	0x1.f0a3d70a3d70ap-1
cellE/capacity_margin/3	0x1.cac083126e978p-3
cellE/psi_at/4	0x1.0c6b26bf8769fp+0
cellE/vsv_at/4	0x0.0p+0
cellE/throat_ratio/4	0x1.0000000000000p+0
cellE/capacity/4	0x1.999999999999ap-1
cellE/throat_loading/4	0x1.f0a3d70a3d70ap-1
cellE/capacity_margin/4	0x1.cac083126e978p-3
cellE/psi_at/5	0x1.0c6b26bf8769fp+0
cellE/vsv_at/5	0x0.0p+0
cellE/throat_ratio/5	0x1.0000000000000p+0
cellE/capacity/5	0x1.999999999999ap-1
cellE/throat_loading/5	0x1.f0a3d70a3d70ap-1
cellE/capacity_margin/5	0x1.cac083126e978p-3
cellE/psi_at/6	0x1.0c6b26bf8769fp+0
cellE/vsv_at/6	0x0.0p+0
cellE/throat_ratio/6	0x1.0000000000000p+0
cellE/capacity/6	0x1.999999999999ap-1
cellE/throat_loading/6	0x1.f0a3d70a3d70ap-1
cellE/capacity_margin/6	0x1.cac083126e978p-3
cellE/psi_at/7	0x1.0c6b26bf8769fp+0
cellE/vsv_at/7	0x0.0p+0
cellE/throat_ratio/7	0x1.0000000000000p+0
cellE/capacity/7	0x1.999999999999ap-1
cellE/throat_loading/7	0x1.f0a3d70a3d70ap-1
cellE/capacity_margin/7	0x1.cac083126e978p-3
cellE/design/tau	0x1.68785f977c32fp+0
cellE/design/pi_internal	0x1.7ffffffffffe7p+1
cellE/design/e	0x1.d4c0bab531cdep-1
cellE/design/clamped	0x0.0p+0
cellE/design/phi/0	0x1.0000000000000p+0
cellE/design/n_k/0	0x1.0000000000000p+0
cellE/design/tau_k/0	0x1.0d0f0bf2ef866p+0
cellE/design/phi/1	0x1.0000000000000p+0
cellE/design/n_k/1	0x1.0000000000000p+0
cellE/design/tau_k/1	0x1.0c6ccab37a9afp+0
cellE/design/phi/2	0x1.0000000000001p+0
cellE/design/n_k/2	0x1.fffffffffffffp-1
cellE/design/tau_k/2	0x1.0bd98ed7286f1p+0
cellE/design/phi/3	0x1.0000000000001p+0
cellE/design/n_k/3	0x1.fffffffffffffp-1
cellE/design/tau_k/3	0x1.0b535a001c680p+0
cellE/design/phi/4	0x1.0000000000001p+0
cellE/design/n_k/4	0x1.fffffffffffffp-1
cellE/design/tau_k/4	0x1.0ad8844dc038dp+0
cellE/design/phi/5	0x1.0000000000001p+0
cellE/design/n_k/5	0x1.fffffffffffffp-1
cellE/design/tau_k/5	0x1.0a67aac92da3bp+0
cellE/design/phi/6	0x1.0000000000001p+0
cellE/design/n_k/6	0x1.fffffffffffffp-1
cellE/design/tau_k/6	0x1.09ffa1f008b17p+0
cellE/design/phi/7	0x1.0000000000001p+0
cellE/design/n_k/7	0x1.0000000000000p+0
cellE/design/tau_k/7	0x1.099f6b4858465p+0
cellE/design/tau_of	0x1.68785f977c32fp+0
cellE/design/lumped_tau	0x1.68785f977c32ep+0
cellE/design/m_k_last	0x1.0000000000001p+0
cellE/design/row_margin/0	0x1.9999999999998p-3
cellE/design/row_margin/1	0x1.9999999999998p-3
cellE/design/row_margin/2	0x1.9999999999998p-3
cellE/design/row_margin/3	0x1.9999999999998p-3
cellE/design/row_margin/4	0x1.9999999999998p-3
cellE/design/row_margin/5	0x1.9999999999998p-3
cellE/design/row_margin/6	0x1.9999999999998p-3
cellE/design/row_margin/7	0x1.9999999999990p-3
cellE/design/row_argmin	0x1.c000000000000p+2
cellE/part/tau	0x1.57138965b3a92p+0
cellE/part/pi_internal	0x1.478cc8ee8df0bp+1
cellE/part/e	0x1.d4c0bab531cdep-1
cellE/part/clamped	0x0.0p+0
cellE/part/phi/0	0x1.d27d27d27d27cp-1
cellE/part/n_k/0	0x1.ccccccccccccdp-1
cellE/part/tau_k/0	0x1.0b3a37c26311cp+0
cellE/part/phi/1	0x1.d99ae186972c0p-1
cellE/part/n_k/1	0x1.ce6053f597e12p-1
cellE/part/tau_k/1	0x1.0aa8cfd478d36p+0
cellE/part/phi/2	0x1.e094ffd918be7p-1
cellE/part/n_k/2	0x1.cfe789e5aee06p-1
cellE/part/tau_k/2	0x1.0a2470054e111p+0
cellE/part/phi/3	0x1.e7709af470bd1p-1
cellE/part/n_k/3	0x1.d163e522fed22p-1
cellE/part/tau_k/3	0x1.09ab61ab1cd88p+0
cellE/part/phi/4	0x1.ee3231737b63fp-1
cellE/part/n_k/4	0x1.d2d6aa7757d9ep-1
cellE/part/tau_k/4	0x1.093c375f76042p+0
cellE/part/phi/5	0x1.f4ddc39a425e8p-1
cellE/part/n_k/5	0x1.d440f5d454d0bp-1
cellE/part/tau_k/5	0x1.08d5be47e942ap+0
cellE/part/phi/6	0x1.fb76e91c654bdp-1
cellE/part/n_k/6	0x1.d5a3c15c41fecp-1
cellE/part/tau_k/6	0x1.0876f2c778af1p+0
cellE/part/phi/7	0x1.0100715c559d4p+0
cellE/part/n_k/7	0x1.d6ffeb0253dcdp-1
cellE/part/tau_k/7	0x1.081ef7b599923p+0
cellE/part/tau_of	0x1.57138965b3a92p+0
cellE/part/lumped_tau	0x1.59d1be13188ddp+0
cellE/part/m_k_last	0x1.d8d7bb7e2e697p-1
cellE/part/row_margin/0	0x1.604189374bc6ap-2
cellE/part/row_margin/1	0x1.53ad06125f820p-2
cellE/part/row_margin/2	0x1.474caff6dd7c8p-2
cellE/part/row_margin/3	0x1.3b18348fc4be4p-2
cellE/part/row_margin/4	0x1.2f082f2895ac8p-2
cellE/part/row_margin/5	0x1.2315fe678b740p-2
cellE/part/row_margin/6	0x1.173ba25738090p-2
cellE/part/row_margin/7	0x1.0b73a0cfb5bdap-2
cellE/part/row_argmin	0x1.c000000000000p+2
cellE/deep/tau	0x1.3a8b62b62494dp+0
cellE/deep/pi_internal	0x1.efa165f6ec391p+0
cellE/deep/e	0x1.d4c0bab531cdep-1
cellE/deep/clamped	0x0.0p+0
cellE/deep/phi/0	0x1.871c71c71c71dp-1
cellE/deep/n_k/0	0x1.70a3d70a3d70ap-1
cellE/deep/tau_k/0	0x1.07d9ce6526905p+0
cellE/deep/phi/1	0x1.986a7ede59585p-1
cellE/deep/n_k/1	0x1.7442a8d2e264bp-1
cellE/deep/tau_k/1	0x1.0778b6f741f33p+0
cellE/deep/phi/2	0x1.a99d4a890b981p-1
cellE/deep/n_k/2	0x1.77be53169dbb0p-1
cellE/deep/tau_k/2	0x1.071e181662506p+0
cellE/deep/phi/3	0x1.babf77c5267d6p-1
cellE/deep/n_k/3	0x1.7b1b7b4c620ddp-1
cellE/deep/tau_k/3	0x1.06c92fa896058p+0
cellE/deep/phi/4	0x1.cbdb56d9f785ap-1
cellE/deep/n_k/4	0x1.7e5e3083973acp-1
cellE/deep/tau_k/4	0x1.067954f8323f3p+0
cellE/deep/phi/5	0x1.dcfaffd16147fp-1
cellE/deep/n_k/5	0x1.818a07463c05cp-1
cellE/deep/tau_k/5	0x1.062df4523c624p+0
cellE/deep/phi/6	0x1.ee286c626f275p-1
cellE/deep/n_k/6	0x1.84a22ffaeec7ep-1
cellE/deep/tau_k/6	0x1.05e68b74e4381p+0
cellE/deep/phi/7	0x1.ff6d9193efe09p-1
cellE/deep/n_k/7	0x1.87a98915f939cp-1
cellE/deep/tau_k/7	0x1.05a2a6a03510bp+0
cellE/deep/tau_of	0x1.3a8b62b62494dp+0
cellE/deep/lumped_tau	0x1.3ece73293482ap+0
cellE/deep/m_k_last	0x1.87398545cb69bp-1
cellE/deep/row_margin/0	0x1.1eb851eb851ebp-1
cellE/deep/row_margin/1	0x1.12712923f204cp-1
cellE/deep/row_margin/2	0x1.061f446022276p-1
cellE/deep/row_margin/3	0x1.f378ce991dcd8p-2
cellE/deep/row_margin/4	0x1.da846892af8c6p-2
cellE/deep/row_margin/5	0x1.c15446bb96b1ap-2
cellE/deep/row_margin/6	0x1.a7daee06bd8f0p-2
cellE/deep/row_margin/7	0x1.8e0a5df6ba8a0p-2
cellE/deep/row_argmin	0x1.c000000000000p+2
cellE/bracket_lo/tau	0x1.c5bbb5ef4015dp-1
cellE/bracket_lo/clamped	0x0.0p+0
cellE/clamp_T/tau	0x1.65ca237cd58c7p-71
cellE/clamp_T/clamped	0x1.c000000000000p+2
cellE/clamp_T/tau_k/0	0x1.2f0f40d1079a1p-1
cellE/clamp_T/tau_k/1	0x1.0624dd2f1a9fcp-10
cellE/clamp_T/tau_k/2	0x1.0624dd2f1a9fcp-10
cellE/clamp_T/tau_k/3	0x1.0624dd2f1a9fcp-10
cellE/clamp_T/tau_k/4	0x1.0624dd2f1a9fcp-10
cellE/clamp_T/tau_k/5	0x1.0624dd2f1a9fcp-10
cellE/clamp_T/tau_k/6	0x1.0624dd2f1a9fcp-10
cellE/clamp_T/tau_k/7	0x1.0624dd2f1a9fcp-10
cellE/clamp_TP/eta_live	0x1.fae147ae147aep-1
cellE/clamp_TP/e	0x1.01d066b074fe0p+0
cellE/clamp_TP/tau	0x1.65ca237cd58c7p-71
cellE/clamp_TP/pi_internal	0x1.00b355aa679f5p-491
cellE/clamp_TP/clamped	0x1.c000000000000p+3
cellE/solve_n/at_design	0x1.000000000000ap+0
cellE/solve_n/throttled	0x1.cc86629b80c5ap-1
cellE/march_eta_lo/tau	0x1.5e1a7709d9492p+0
cellE/march_eta_lo/e	0x1.c6b0b51b4759ap-1
cellF/e_d	0x1.d3e625f810a3dp-1
cellF/vsv_stages	0x1.0000000000000p+2
cellF/cmap_vsv	0x0.0p+0
cellF/cmap_axial_vsv	0x0.0p+0
cellF/theta_d/0	0x1.0000000000000p+0
cellF/varpi_d/0	0x1.0000000000000p+0
cellF/theta_d/1	0x1.1a1e17e5df0ccp+0
cellF/varpi_d/1	0x1.5dbb86fa8735dp+0
cellF/theta_d/2	0x1.343c2fcbbe197p+0
cellF/varpi_d/2	0x1.d0b62a470e6e0p+0
cellF/theta_d/3	0x1.4e5a47b19d262p+0
cellF/varpi_d/3	0x1.2da98e7f6a8a8p+1
cellF/theta_d/4	0x1.68785f977c32ep+0
cellF/varpi_d/4	0x1.800000000000bp+1
cellF/psi_at/0	0x1.0c6b26bf8769fp+0
cellF/vsv_at/0	0x0.0p+0
cellF/throat_ratio/0	0x1.0000000000000p+0
cellF/capacity/0	0x1.999999999999ap-1
cellF/throat_loading/0	0x1.f0a3d70a3d70ap-1
cellF/capacity_margin/0	0x1.cac083126e978p-3
cellF/psi_at/1	0x1.0c6b26bf8769fp+0
cellF/vsv_at/1	0x0.0p+0
cellF/throat_ratio/1	0x1.0000000000000p+0
cellF/capacity/1	0x1.999999999999ap-1
cellF/throat_loading/1	0x1.f0a3d70a3d70ap-1
cellF/capacity_margin/1	0x1.cac083126e978p-3
cellF/psi_at/2	0x1.0c6b26bf8769fp+0
cellF/vsv_at/2	0x0.0p+0
cellF/throat_ratio/2	0x1.0000000000000p+0
cellF/capacity/2	0x1.999999999999ap-1
cellF/throat_loading/2	0x1.f0a3d70a3d70ap-1
cellF/capacity_margin/2	0x1.cac083126e978p-3
cellF/psi_at/3	0x1.0c6b26bf8769fp+0
cellF/vsv_at/3	0x0.0p+0
cellF/throat_ratio/3	0x1.0000000000000p+0
cellF/capacity/3	0x1.999999999999ap-1
cellF/throat_loading/3	0x1.f0a3d70a3d70ap-1
cellF/capacity_margin/3	0x1.cac083126e978p-3
cellF/design/tau	0x1.68785f977c32cp+0
cellF/design/pi_internal	0x1.800000000000bp+1
cellF/design/e	0x1.d3e625f810a3dp-1
cellF/design/clamped	0x0.0p+0
cellF/design/phi/0	0x1.0000000000000p+0
cellF/design/n_k/0	0x1.0000000000000p+0
cellF/design/tau_k/0	0x1.1a1e17e5df0ccp+0
cellF/design/phi/1	0x1.0000000000000p+0
cellF/design/n_k/1	0x1.0000000000000p+0
cellF/design/tau_k/1	0x1.17b31dae50de4p+0
cellF/design/phi/2	0x1.0000000000000p+0
cellF/design/n_k/2	0x1.0000000000000p+0
cellF/design/tau_k/2	0x1.15b1089b80719p+0
cellF/design/phi/3	0x1.ffffffffffffep-1
cellF/design/n_k/3	0x1.0000000000000p+0
cellF/design/tau_k/3	0x1.13ff43e01162ep+0
cellF/design/tau_of	0x1.68785f977c32cp+0
cellF/design/lumped_tau	0x1.68785f977c32ep+0
cellF/design/m_k_last	0x1.ffffffffffffep-1
cellF/design/row_margin/0	0x1.9999999999998p-3
cellF/design/row_margin/1	0x1.9999999999998p-3
cellF/design/row_margin/2	0x1.9999999999998p-3
cellF/design/row_margin/3	0x1.99999999999a0p-3
cellF/design/row_argmin	0x0.0p+0
cellF/part/tau	0x1.578615391f280p+0
cellF/part/pi_internal	0x1.48d939f7429ebp+1
cellF/part/e	0x1.d3e625f810a3dp-1
cellF/part/clamped	0x0.0p+0
cellF/part/phi/0	0x1.d27d27d27d27cp-1
cellF/part/n_k/0	0x1.ccccccccccccdp-1
cellF/part/tau_k/0	0x1.16746f84c6238p+0
cellF/part/phi/1	0x1.e03c8d9beb863p-1
cellF/part/n_k/1	0x1.cfd21aeb9abc1p-1
cellF/part/tau_k/1	0x1.14494fb2d907ep+0
cellF/part/phi/2	0x1.ed82859285a65p-1
cellF/part/n_k/2	0x1.d2ad4fb410b0cp-1
cellF/part/tau_k/2	0x1.127971f905669p+0
cellF/part/phi/3	0x1.fa6f80b4e85ebp-1
cellF/part/n_k/3	0x1.d5676d76a2a5ep-1
cellF/part/tau_k/3	0x1.10ef95a417fbap+0
cellF/part/tau_of	0x1.578615391f280p+0
cellF/part/lumped_tau	0x1.59d1be13188ddp+0
cellF/part/m_k_last	0x1.d04d711a30ba0p-1
cellF/part/row_margin/0	0x1.604189374bc6ap-2
cellF/part/row_margin/1	0x1.47ed12f892500p-2
cellF/part/row_margin/2	0x1.30483e66e46cap-2
cellF/part/row_margin/3	0x1.191db16fb2098p-2
cellF/part/row_argmin	0x1.8000000000000p+1
cellF/deep/tau	0x1.3b36a41a7ebf4p+0
cellF/deep/pi_internal	0x1.f2caa99d3698bp+0
cellF/deep/e	0x1.d3e625f810a3dp-1
cellF/deep/clamped	0x0.0p+0
cellF/deep/phi/0	0x1.871c71c71c71dp-1
cellF/deep/n_k/0	0x1.70a3d70a3d70ap-1
cellF/deep/tau_k/0	0x1.0fb39cca4d20bp+0
cellF/deep/phi/1	0x1.a92b06076f12cp-1
cellF/deep/n_k/1	0x1.77a3bec923aadp-1
cellF/deep/tau_k/1	0x1.0e3c1237fa1f0p+0
cellF/deep/phi/2	0x1.cae5c611767a1p-1
cellF/deep/n_k/2	0x1.7e295403df3e3p-1
cellF/deep/tau_k/2	0x1.0cf305dfb21adp+0
cellF/deep/phi/3	0x1.ec9ba4fc319e7p-1
cellF/deep/n_k/3	0x1.8452a7a52dabfp-1
cellF/deep/tau_k/3	0x1.0bce6fc2c2746p+0
cellF/deep/tau_of	0x1.3b36a41a7ebf4p+0
cellF/deep/lumped_tau	0x1.3ece73293482ap+0
cellF/deep/m_k_last	0x1.759d79403a681p-1
cellF/deep/row_margin/0	0x1.1eb851eb851ebp-1
cellF/deep/row_margin/1	0x1.067402c41d3a6p-1
cellF/deep/row_margin/2	0x1.dbf5a408b53dcp-2
cellF/deep/row_margin/3	0x1.aa373dffa28cap-2
cellF/deep/row_argmin	0x1.8000000000000p+1
cellF/bracket_lo/tau	0x1.cdaf5fc4996bep-1
cellF/bracket_lo/clamped	0x0.0p+0
cellF/clamp_T/tau	0x1.943d1dede8039p-33
cellF/clamp_T/clamped	0x1.8000000000000p+1
cellF/clamp_T/tau_k/0	0x1.787a06883cd08p-3
cellF/clamp_T/tau_k/1	0x1.0624dd2f1a9fcp-10
cellF/clamp_T/tau_k/2	0x1.0624dd2f1a9fcp-10
cellF/clamp_T/tau_k/3	0x1.0624dd2f1a9fcp-10
cellF/clamp_TP/eta_live	0x1.fae147ae147aep-1
cellF/clamp_TP/e	0x1.01582e7ba2c07p+0
cellF/clamp_TP/tau	0x1.943d1dede8039p-33
cellF/clamp_TP/pi_internal	0x1.087350a788200p-218
cellF/clamp_TP/clamped	0x1.8000000000000p+2
cellF/solve_n/at_design	0x1.000000000000ap+0
cellF/solve_n/throttled	0x1.cb856bc4414a0p-1
cellF/march_eta_lo/tau	0x1.5e9ca052a82efp+0
cellF/march_eta_lo/e	0x1.c5dcaf11e72e4p-1
cellG/e_d	0x1.d52e34c0c57f5p-1
cellG/vsv_stages	0x1.8000000000000p+1
cellG/cmap_vsv	0x1.999999999999ap-4
cellG/cmap_axial_vsv	0x0.0p+0
cellG/theta_d/0	0x1.0000000000000p+0
cellG/varpi_d/0	0x1.0000000000000p+0
cellG/theta_d/1	0x1.0588e182afd8ap+0
cellG/varpi_d/1	0x1.123200bb58774p+0
cellG/theta_d/2	0x1.0b306504dc119p+0
cellG/varpi_d/2	0x1.25af1355528e6p+0
cellG/theta_d/3	0x1.10f734118dd78p+0
cellG/varpi_d/3	0x1.3a8ebfba05665p+0
cellG/theta_d/4	0x1.16ddfbde2cbbfp+0
cellG/varpi_d/4	0x1.50ea39fcbf167p+0
cellG/theta_d/5	0x1.1ce56d5ec8494p+0
cellG/varpi_d/5	0x1.68dc80c667692p+0
cellG/theta_d/6	0x1.230e3d5ad1e0ep+0
cellG/varpi_d/6	0x1.82827ded9734fp+0
cellG/theta_d/7	0x1.29592482494ecp+0
cellG/varpi_d/7	0x1.9dfb295fbf211p+0
cellG/theta_d/8	0x1.2fc6df835e8edp+0
cellG/varpi_d/8	0x1.bb67ae8584cb2p+0
cellG/theta_d/9	0x1.36582f208b4bdp+0
cellG/varpi_d/9	0x1.daeb944f7c2c0p+0
cellG/theta_d/10	0x1.3d0dd84726aecp+0
cellG/varpi_d/10	0x1.fcace81b98a0ep+0
cellG/theta_d/11	0x1.43e8a4267623dp+0
cellG/varpi_d/11	0x1.106a35d3906afp+1
cellG/theta_d/12	0x1.4ae960473dc89p+0
cellG/varpi_d/12	0x1.23c6e3224f9d6p+1
cellG/theta_d/13	0x1.5210dea3d3455p+0
cellG/varpi_d/13	0x1.3883dcc89d05ep+1
cellG/theta_d/14	0x1.595ff5c0b5e49p+0
cellG/varpi_d/14	0x1.4eba2cf48b902p+1
cellG/theta_d/15	0x1.60d780c5aec8bp+0
cellG/varpi_d/15	0x1.6684a56f7ace4p+1
cellG/theta_d/16	0x1.68785f977c328p+0
cellG/varpi_d/16	0x1.8000000000003p+1
cellG/psi_at/0	0x1.c7e3d1cc100e7p-1
cellG/vsv_at/0	0x1.999999999999ap-4
cellG/throat_ratio/0	0x1.fd7583bc82e2ap-1
cellG/capacity/0	0x1.999999999999ap-1
cellG/throat_loading/0	0x1.f31df535963e6p-1
cellG/capacity_margin/0	0x1.c2d355baec050p-3
cellG/psi_at/1	0x1.c7e3d1cc100e7p-1
cellG/vsv_at/1	0x1.999999999999ap-4
cellG/throat_ratio/1	0x1.fd7583bc82e2ap-1
cellG/capacity/1	0x1.968e8f60c87b0p-1
cellG/throat_loading/1	0x1.f31df535963e6p-1
cellG/capacity_margin/1	0x1.ceb115e923d74p-3
cellG/psi_at/2	0x1.c7e3d1cc100e7p-1
cellG/vsv_at/2	0x1.999999999999ap-4
cellG/throat_ratio/2	0x1.fd7583bc82e2ap-1
cellG/capacity/2	0x1.9381cfc3b86e9p-1
cellG/throat_loading/2	0x1.f31df535963e6p-1
cellG/capacity_margin/2	0x1.da957fa2879bcp-3
cellG/psi_at/3	0x1.0c6b26bf8769fp+0
cellG/vsv_at/3	0x0.0p+0
cellG/throat_ratio/3	0x1.0000000000000p+0
cellG/capacity/3	0x1.9073a7f523902p-1
cellG/throat_loading/3	0x1.f0a3d70a3d70ap-1
cellG/capacity_margin/3	0x1.ee3f411fe6a80p-3
cellG/psi_at/4	0x1.0c6b26bf8769fp+0
cellG/vsv_at/4	0x0.0p+0
cellG/throat_ratio/4	0x1.0000000000000p+0
cellG/capacity/4	0x1.8d6462775a056p-1
cellG/throat_loading/4	0x1.f0a3d70a3d70ap-1
cellG/capacity_margin/4	0x1.fa1e58fdb732cp-3
cellG/psi_at/5	0x1.0c6b26bf8769fp+0
cellG/vsv_at/5	0x0.0p+0
cellG/throat_ratio/5	0x1.0000000000000p+0
cellG/capacity/5	0x1.8a54472d2cebbp-1
cellG/throat_loading/5	0x1.f0a3d70a3d70ap-1
cellG/capacity_margin/5	0x1.03005732997e8p-2
cellG/psi_at/6	0x1.0c6b26bf8769fp+0
cellG/vsv_at/6	0x0.0p+0
cellG/throat_ratio/6	0x1.0000000000000p+0
cellG/capacity/6	0x1.87439b6aa4937p-1
cellG/throat_loading/6	0x1.f0a3d70a3d70ap-1
cellG/capacity_margin/6	0x1.08f29a2bfe29ap-2
cellG/psi_at/7	0x1.0c6b26bf8769fp+0
cellG/vsv_at/7	0x0.0p+0
cellG/throat_ratio/7	0x1.0000000000000p+0
cellG/capacity/7	0x1.8432a2057f48bp-1
cellG/throat_loading/7	0x1.f0a3d70a3d70ap-1
cellG/capacity_margin/7	0x1.0ee573c222ab6p-2
cellG/psi_at/8	0x1.0c6b26bf8769fp+0
cellG/vsv_at/8	0x0.0p+0
cellG/throat_ratio/8	0x1.0000000000000p+0
cellG/capacity/8	0x1.81219b657639ap-1
cellG/throat_loading/8	0x1.f0a3d70a3d70ap-1
cellG/capacity_margin/8	0x1.14d86702d8156p-2
cellG/psi_at/9	0x1.0c6b26bf8769fp+0
cellG/vsv_at/9	0x0.0p+0
cellG/throat_ratio/9	0x1.0000000000000p+0
cellG/capacity/9	0x1.7e10c59446530p-1
cellG/throat_loading/9	0x1.f0a3d70a3d70ap-1
cellG/capacity_margin/9	0x1.1acafb938c0d2p-2
cellG/psi_at/10	0x1.0c6b26bf8769fp+0
cellG/vsv_at/10	0x0.0p+0
cellG/throat_ratio/10	0x1.0000000000000p+0
cellG/capacity/10	0x1.7b005c4d7b2a6p-1
cellG/throat_loading/10	0x1.f0a3d70a3d70ap-1
cellG/capacity_margin/10	0x1.20bcbd92a58a0p-2
cellG/psi_at/11	0x1.0c6b26bf8769fp+0
cellG/vsv_at/11	0x0.0p+0
cellG/throat_ratio/11	0x1.0000000000000p+0
cellG/capacity/11	0x1.77f0990dfa587p-1
cellG/throat_loading/11	0x1.f0a3d70a3d70ap-1
cellG/capacity_margin/11	0x1.26ad3d795ce3ep-2
cellG/psi_at/12	0x1.0c6b26bf8769fp+0
cellG/vsv_at/12	0x0.0p+0
cellG/throat_ratio/12	0x1.0000000000000p+0
cellG/capacity/12	0x1.74e1b3234dd15p-1
cellG/throat_loading/12	0x1.f0a3d70a3d70ap-1
cellG/capacity_margin/12	0x1.2c9c0ffe11fe6p-2
cellG/psi_at/13	0x1.0c6b26bf8769fp+0
cellG/vsv_at/13	0x0.0p+0
cellG/throat_ratio/13	0x1.0000000000000p+0
cellG/capacity/13	0x1.71d3dfbaac0cfp-1
cellG/throat_loading/13	0x1.f0a3d70a3d70ap-1
cellG/capacity_margin/13	0x1.3288cdf722dcap-2
cellG/psi_at/14	0x1.0c6b26bf8769fp+0
cellG/vsv_at/14	0x0.0p+0
cellG/throat_ratio/14	0x1.0000000000000p+0
cellG/capacity/14	0x1.6ec751efbcfe7p-1
cellG/throat_loading/14	0x1.f0a3d70a3d70ap-1
cellG/capacity_margin/14	0x1.3873143e448d4p-2
cellG/psi_at/15	0x1.0c6b26bf8769fp+0
cellG/vsv_at/15	0x0.0p+0
cellG/throat_ratio/15	0x1.0000000000000p+0
cellG/capacity/15	0x1.6bbc3adb1b07fp-1
cellG/throat_loading/15	0x1.f0a3d70a3d70ap-1
cellG/capacity_margin/15	0x1.3e5a8394600a4p-2
cellG/design/tau	0x1.63d024a1c930fp+0
cellG/design/pi_internal	0x1.7049e453d1e08p+1
cellG/design/e	0x1.d52e34c0c57f5p-1
cellG/design/clamped	0x0.0p+0
cellG/design/phi/0	0x1.0000000000000p+0
cellG/design/n_k/0	0x1.0000000000000p+0
cellG/design/tau_k/0	0x1.049802da8cd51p+0
cellG/design/phi/1	0x1.020cad10713aep+0
cellG/design/n_k/1	0x1.00763489cceb5p+0
cellG/design/tau_k/1	0x1.049257fd1bd4dp+0
cellG/design/phi/2	0x1.042a11568a85bp+0
cellG/design/n_k/2	0x1.00ef6aeb6d960p+0
cellG/design/tau_k/2	0x1.048c61fd68ee6p+0
cellG/design/phi/3	0x1.06592bc8d84d1p+0
cellG/design/n_k/3	0x1.016bcc6182998p+0
cellG/design/tau_k/3	0x1.057fb2af783d7p+0
cellG/design/phi/4	0x1.066d8f64b9a26p+0
cellG/design/n_k/4	0x1.0170516cbb1ddp+0
cellG/design/tau_k/4	0x1.057f93aa6bb7ap+0
cellG/design/phi/5	0x1.0682397f28fadp+0
cellG/design/n_k/5	0x1.0174e5d16adb3p+0
cellG/design/tau_k/5	0x1.057f74305b82ap+0
cellG/design/phi/6	0x1.06972b2c9b6e3p+0
cellG/design/n_k/6	0x1.017989ca00053p+0
cellG/design/tau_k/6	0x1.057f543f3d925p+0
cellG/design/phi/7	0x1.06ac65869bcc4p+0
cellG/design/n_k/7	0x1.017e3d91f0df6p+0
cellG/design/tau_k/7	0x1.057f33d4fcac1p+0
cellG/design/phi/8	0x1.06c1e9abe83a4p+0
cellG/design/n_k/8	0x1.01830165c17a8p+0
cellG/design/tau_k/8	0x1.057f12ef781a7p+0
cellG/design/phi/9	0x1.06d7b8c090a4bp+0
cellG/design/n_k/9	0x1.0187d5830999ap+0
cellG/design/tau_k/9	0x1.057ef18c83601p+0
cellG/design/phi/10	0x1.06edd3ee160a2p+0
cellG/design/n_k/10	0x1.018cba287abfbp+0
cellG/design/tau_k/10	0x1.057ecfa9e5e77p+0
cellG/design/phi/11	0x1.07043c638aa88p+0
cellG/design/n_k/11	0x1.0191af95e6664p+0
cellG/design/tau_k/11	0x1.057ead455ab04p+0
cellG/design/phi/12	0x1.071af355b311cp+0
cellG/design/n_k/12	0x1.0196b60c445fcp+0
cellG/design/tau_k/12	0x1.057e8a5c8ffa4p+0
cellG/design/phi/13	0x1.0731f9ff28329p+0
cellG/design/n_k/13	0x1.019bcdcdb9664p+0
cellG/design/tau_k/13	0x1.057e66ed26ed4p+0
cellG/design/phi/14	0x1.074951a07a507p+0
cellG/design/n_k/14	0x1.01a0f71d9dd79p+0
cellG/design/tau_k/14	0x1.057e42f4b33ddp+0
cellG/design/phi/15	0x1.0760fb80550a8p+0
cellG/design/n_k/15	0x1.01a6324084a1bp+0
cellG/design/tau_k/15	0x1.057e1e70bad04p+0
cellG/design/tau_of	0x1.63d024a1c930fp+0
cellG/design/lumped_tau	0x1.56b5d4760d7c2p+0
cellG/design/m_k_last	0x1.091359123c690p+0
cellG/design/row_margin/0	0x1.916daa3230050p-3
cellG/design/row_margin/1	0x1.8d9b15aa97b90p-3
cellG/design/row_margin/2	0x1.898362dd9b950p-3
cellG/design/row_margin/3	0x1.8d5bd4137de68p-3
cellG/design/row_margin/4	0x1.995c5c2307670p-3
cellG/design/row_margin/5	0x1.a560a32313abcp-3
cellG/design/row_margin/6	0x1.b167904650bacp-3
cellG/design/row_margin/7	0x1.bd7014bb2237cp-3
cellG/design/row_margin/8	0x1.c9792b6a91370p-3
cellG/design/row_margin/9	0x1.d581d8b8283bcp-3
cellG/design/row_margin/10	0x1.e1892a42c33bcp-3
cellG/design/row_margin/11	0x1.ed8e36a65a364p-3
cellG/design/row_margin/12	0x1.f9901d3ecc4b0p-3
cellG/design/row_margin/13	0x1.02c702f5d80d6p-2
cellG/design/row_margin/14	0x1.08c3906a96d2cp-2
cellG/design/row_margin/15	0x1.0ebd5318f2746p-2
cellG/design/row_argmin	0x1.0000000000000p+1
cellG/part/tau	0x1.53b656b196507p+0
cellG/part/pi_internal	0x1.3d622e6358bc9p+1
cellG/part/e	0x1.d52e34c0c57f5p-1
cellG/part/clamped	0x0.0p+0
cellG/part/phi/0	0x1.d27d27d27d27cp-1
cellG/part/n_k/0	0x1.ccccccccccccdp-1
cellG/part/tau_k/0	0x1.04106a67b85e6p+0
cellG/part/phi/1	0x1.d85828d13414dp-1
cellG/part/n_k/1	0x1.ce19da8d2c010p-1
cellG/part/tau_k/1	0x1.040b08e50d55ep+0
cellG/part/phi/2	0x1.de5bddc873654p-1
cellG/part/n_k/2	0x1.cf6ca462af4b1p-1
cellG/part/tau_k/2	0x1.04054dc079278p+0
cellG/part/phi/3	0x1.e48acafe3061dp-1
cellG/part/n_k/3	0x1.d0c585bb74308p-1
cellG/part/tau_k/3	0x1.04bb092bc33cfp+0
cellG/part/phi/4	0x1.e7dac737b2425p-1
cellG/part/n_k/4	0x1.d17cd922b6fdcp-1
cellG/part/tau_k/4	0x1.04b98b0e1ec90p+0
cellG/part/phi/5	0x1.eb36c7ff79eebp-1
cellG/part/n_k/5	0x1.d235ca7b3ad72p-1
cellG/part/tau_k/5	0x1.04b7f8f43ed8fp+0
cellG/part/phi/6	0x1.ee9f4c4874664p-1
cellG/part/n_k/6	0x1.d2f06d602f4b6p-1
cellG/part/tau_k/6	0x1.04b6521240308p+0
cellG/part/phi/7	0x1.f214d980342a5p-1
cellG/part/n_k/7	0x1.d3acd64517667p-1
cellG/part/tau_k/7	0x1.04b4958ef64acp+0
cellG/part/phi/8	0x1.f597fbffc2550p-1
cellG/part/n_k/8	0x1.d46b1a83e8bd8p-1
cellG/part/tau_k/8	0x1.04b2c282e79dcp+0
cellG/part/phi/9	0x1.f9294785ef261p-1
cellG/part/n_k/9	0x1.d52b506c46742p-1
cellG/part/tau_k/9	0x1.04b0d7f73180dp+0
cellG/part/phi/10	0x1.fcc957bc16b96p-1
cellG/part/n_k/10	0x1.d5ed8f53f354dp-1
cellG/part/tau_k/10	0x1.04aed4e451028p+0
cellG/part/phi/11	0x1.003c686335c1bp+0
cellG/part/n_k/11	0x1.d6b1efa8991fdp-1
cellG/part/tau_k/11	0x1.04acb830cda99p+0
cellG/part/phi/12	0x1.021c2ff07c709p+0
cellG/part/n_k/12	0x1.d7788b0306a51p-1
cellG/part/tau_k/12	0x1.04aa80afc2b30p+0
cellG/part/phi/13	0x1.04045e055aaf8p+0
cellG/part/n_k/13	0x1.d8417c3c0a203p-1
cellG/part/tau_k/13	0x1.04a82d1f42efcp+0
cellG/part/phi/14	0x1.05f553601363cp+0
cellG/part/n_k/14	0x1.d90cdf8311b33p-1
cellG/part/tau_k/14	0x1.04a5bc2692dcdp+0
cellG/part/phi/15	0x1.07ef7663a54bcp+0
cellG/part/n_k/15	0x1.d9dad276c0e28p-1
cellG/part/tau_k/15	0x1.04a32c5433fb4p+0
cellG/part/tau_of	0x1.53b656b196507p+0
cellG/part/lumped_tau	0x1.4cb664b54d80dp+0
cellG/part/m_k_last	0x1.e88b0ca5cb9f2p-1
cellG/part/row_margin/0	0x1.5ce7d7b34c022p-2
cellG/part/row_margin/1	0x1.57983b5979956p-2
cellG/part/row_margin/2	0x1.5224304f1f0dep-2
cellG/part/row_margin/3	0x1.4ff6acd089286p-2
cellG/part/row_margin/4	0x1.4f7e61162a618p-2
cellG/part/row_margin/5	0x1.4f0738010fd4ep-2
cellG/part/row_margin/6	0x1.4e905b24686f0p-2
cellG/part/row_margin/7	0x1.4e18ef9b332c6p-2
cellG/part/row_margin/8	0x1.4da01596fde82p-2
cellG/part/row_margin/9	0x1.4d24e7e486586p-2
cellG/part/row_margin/10	0x1.4ca67b6544df8p-2
cellG/part/row_margin/11	0x1.4c23de7cc9ce6p-2
cellG/part/row_margin/12	0x1.4b9c1870b2b8ap-2
cellG/part/row_margin/13	0x1.4b0e28b9d5586p-2
cellG/part/row_margin/14	0x1.4a7906450ff72p-2
cellG/part/row_margin/15	0x1.49db9ea1fb1cap-2
cellG/part/row_argmin	0x1.e000000000000p+3
cellG/deep/tau	0x1.38bc1a689c301p+0
cellG/deep/pi_internal	0x1.e6a5f039c68ecp+0
cellG/deep/e	0x1.d52e34c0c57f5p-1
cellG/deep/clamped	0x0.0p+0
cellG/deep/phi/0	0x1.871c71c71c71dp-1
cellG/deep/n_k/0	0x1.70a3d70a3d70ap-1
cellG/deep/tau_k/0	0x1.02f46e21ffba3p+0
cellG/deep/phi/1	0x1.8fc7eca4e08fcp-1
cellG/deep/n_k/1	0x1.7278c60174632p-1
cellG/deep/tau_k/1	0x1.02f19c0f311f8p+0
cellG/deep/phi/2	0x1.98ae716ac7e28p-1
cellG/deep/n_k/2	0x1.7452109505590p-1
cellG/deep/tau_k/2	0x1.02ee5de18c43fp+0
cellG/deep/phi/3	0x1.a1d34132382d8p-1
cellG/deep/n_k/3	0x1.76300fa39f34dp-1
cellG/deep/tau_k/3	0x1.0353aa094f0f1p+0
cellG/deep/phi/4	0x1.a9bbed910f4e2p-1
cellG/deep/n_k/4	0x1.77c6fa5a0e53dp-1
cellG/deep/tau_k/4	0x1.035313f3ca210p+0
cellG/deep/phi/5	0x1.b1cd180193bf4p-1
cellG/deep/n_k/5	0x1.79600cc67a660p-1
cellG/deep/tau_k/5	0x1.03523b46a931ap+0
cellG/deep/phi/6	0x1.ba0894b8d1bacp-1
cellG/deep/n_k/6	0x1.7afb7ad7f9532p-1
cellG/deep/tau_k/6	0x1.03511cd2b9da8p+0
cellG/deep/phi/7	0x1.c2705bf9ea089p-1
cellG/deep/n_k/7	0x1.7c997bae45166p-1
cellG/deep/tau_k/7	0x1.034fb52340bbcp+0
cellG/deep/phi/8	0x1.cb068d6ad891ap-1
cellG/deep/n_k/8	0x1.7e3a49dd3628cp-1
cellG/deep/tau_k/8	0x1.034e0076505c9p+0
cellG/deep/phi/9	0x1.d3cd73ccdd208p-1
cellG/deep/n_k/9	0x1.7fde23b7d6410p-1
cellG/deep/tau_k/9	0x1.034bfab4219f3p+0
cellG/deep/phi/10	0x1.dcc78926b4e4bp-1
cellG/deep/n_k/10	0x1.81854ba40e620p-1
cellG/deep/tau_k/10	0x1.03499f65462d8p+0
cellG/deep/phi/11	0x1.e5f77b7132031p-1
cellG/deep/n_k/11	0x1.833008781c316p-1
cellG/deep/tau_k/11	0x1.0346e9a7860eep+0
cellG/deep/phi/12	0x1.ef6031d992cf6p-1
cellG/deep/n_k/12	0x1.84dea5e32b214p-1
cellG/deep/tau_k/12	0x1.0343d42130e9dp+0
cellG/deep/phi/13	0x1.f904d2b05e200p-1
cellG/deep/n_k/13	0x1.869174e2a7c0dp-1
cellG/deep/tau_k/13	0x1.034058f2a0e5bp+0
cellG/deep/phi/14	0x1.0174650fcf22ap+0
cellG/deep/n_k/14	0x1.8848cc4628701p-1
cellG/deep/tau_k/14	0x1.033c71a5a047cp+0
cellG/deep/phi/15	0x1.0687e8e420a0ep+0
cellG/deep/n_k/15	0x1.8a050944194f8p-1
cellG/deep/tau_k/15	0x1.0338171a532eep+0
cellG/deep/tau_of	0x1.38bc1a689c301p+0
cellG/deep/lumped_tau	0x1.37c604c4ed050p+0
cellG/deep/m_k_last	0x1.9412569743eafp-1
cellG/deep/row_margin/0	0x1.1d98adcd4d00bp-1
cellG/deep/row_margin/1	0x1.1927d703666c4p-1
cellG/deep/row_margin/2	0x1.149e205290858p-1
cellG/deep/row_margin/3	0x1.112aba5d028aap-1
cellG/deep/row_margin/4	0x1.0d7ac79e4556ep-1
cellG/deep/row_margin/5	0x1.09bf01fcb2196p-1
cellG/deep/row_margin/6	0x1.05f68857359c0p-1
cellG/deep/row_margin/7	0x1.022065860a9b8p-1
cellG/deep/row_margin/8	0x1.fc771d2e32186p-2
cellG/deep/row_margin/9	0x1.f48dc1a6e3840p-2
cellG/deep/row_margin/10	0x1.ec823f0bb1426p-2
cellG/deep/row_margin/11	0x1.e451e2f1e39a4p-2
cellG/deep/row_margin/12	0x1.dbf9bc4407734p-2
cellG/deep/row_margin/13	0x1.d37694d691facp-2
cellG/deep/row_margin/14	0x1.cac4ea1cdbd86p-2
cellG/deep/row_margin/15	0x1.c1e0e4d9eda32p-2
cellG/deep/row_argmin	0x1.e000000000000p+3
cellG/bracket_lo/tau	0x1.c0482f1ca575bp-1
cellG/bracket_lo/clamped	0x0.0p+0
cellG/clamp_T/tau	0x1.18b1b12915b6cp-150
cellG/clamp_T/clamped	0x1.e000000000000p+3
cellG/clamp_T/tau_k/0	0x1.895612d0a2048p-1
cellG/clamp_T/tau_k/1	0x1.0624dd2f1a9fcp-10
cellG/clamp_T/tau_k/2	0x1.0624dd2f1a9fcp-10
cellG/clamp_T/tau_k/3	0x1.0624dd2f1a9fcp-10
cellG/clamp_T/tau_k/4	0x1.0624dd2f1a9fcp-10
cellG/clamp_T/tau_k/5	0x1.0624dd2f1a9fcp-10
cellG/clamp_T/tau_k/6	0x1.0624dd2f1a9fcp-10
cellG/clamp_T/tau_k/7	0x1.0624dd2f1a9fcp-10
cellG/clamp_T/tau_k/8	0x1.0624dd2f1a9fcp-10
cellG/clamp_T/tau_k/9	0x1.0624dd2f1a9fcp-10
cellG/clamp_T/tau_k/10	0x1.0624dd2f1a9fcp-10
cellG/clamp_T/tau_k/11	0x1.0624dd2f1a9fcp-10
cellG/clamp_T/tau_k/12	0x1.0624dd2f1a9fcp-10
cellG/clamp_T/tau_k/13	0x1.0624dd2f1a9fcp-10
cellG/clamp_T/tau_k/14	0x1.0624dd2f1a9fcp-10
cellG/clamp_T/tau_k/15	0x1.0624dd2f1a9fcp-10
cellG/clamp_TP/eta_live	0x1.fae147ae147aep-1
cellG/clamp_TP/e	0x1.020c9d039fd2dp+0
cellG/clamp_TP/tau	0x1.18b1b12915b6cp-150
cellG/clamp_TP/pi_internal	0x0.0000004c0feebp-1022
cellG/clamp_TP/clamped	0x1.e000000000000p+4
cellG/solve_n/at_design	0x1.034e35957b1c0p+0
cellG/solve_n/throttled	0x1.d28fa3d3f791ap-1
cellG/march_eta_lo/tau	0x1.59aff2a87cc85p+0
cellG/march_eta_lo/e	0x1.c71ae65ed40d6p-1
