margin/eq/flow_press/1500/lp/v0/vsv	0x0.0p+0
margin/eq/flow_press/1500/lp/v0/phi_op	0x1.ffffffffc8ab8p-1
margin/eq/flow_press/1500/lp/v0/n	0x1.fffffffff3ff0p-1
margin/eq/flow_press/1500/lp/v0/m	0x1.ffffffffbcaa8p-1
margin/eq/flow_press/1500/lp/v0/phi_surge	0x1.199999999999ap-1
margin/eq/flow_press/1500/lp/v0/phi_surge_design	0x1.199999999999ap-1
margin/eq/flow_press/1500/lp/v0/m_phi	0x1.cccccccc5e23cp-2
margin/eq/flow_press/1500/lp/v0/tan_b1	0x1.000000001baa4p+0
margin/eq/flow_press/1500/lp/v0/tan_b1_crit	0x1.d1745d1745d17p+0
margin/eq/flow_press/1500/lp/v0/m_i	0x1.a2e8ba2e544e6p-1
margin/eq/flow_press/1500/lp/v0/pi_op	0x1.800000003e618p+1
margin/eq/flow_press/1500/lp/v0/sm_n	0x1.f4d9b5aafe138p-3
margin/eq/flow_press/1500/lp/vmv/vsv	0x1.eb851eb851eb8p-4
margin/eq/flow_press/1500/lp/vmv/phi_op	0x1.da8f89399b33bp-1
margin/eq/flow_press/1500/lp/vmv/n	0x1.13cce7f2c41fep+0
margin/eq/flow_press/1500/lp/vmv/m	0x1.ff4408c3c7b3ep-1
margin/eq/flow_press/1500/lp/vmv/phi_surge	0x1.082a4433df56fp-1
margin/eq/flow_press/1500/lp/vmv/phi_surge_design	0x1.199999999999ap-1
margin/eq/flow_press/1500/lp/vmv/m_phi	0x1.a4ca8a0b77b98p-2
margin/eq/flow_press/1500/lp/vmv/tan_b1	0x1.eaf3f78abfb69p-1
margin/eq/flow_press/1500/lp/vmv/tan_b1_crit	0x1.d1745d1745d17p+0
margin/eq/flow_press/1500/lp/vmv/m_i	0x1.b7f4c2a3cbec5p-1
margin/eq/flow_press/1500/lp/vmv/pi_op	0x1.7f73068aa25cdp+1
margin/eq/flow_press/1500/lp/vmv/sm_n	0x1.6c1a686a6bf14p-2
scan/eq/flow_press/1500/lp/n	0x1.0000000000000p+5
scan/eq/flow_press/1500/lp/v_edge	0x1.3d70a3d70a3d9p+0
scan/eq/flow_press/1500/lp/x_edge	0x1.7382756e8c394p+0
scan/eq/flow_press/1500/lp/m_i_0	0x1.a2e8ba2e544e6p-1
scan/eq/flow_press/1500/lp/m_i_edge	0x1.06d6562c0c9c6p+0
throat/eq/flow_press/1500/lp/noC/area	0x1.0000000000000p+0
throat/eq/flow_press/1500/lp/noC/throat_loading	0x1.ffffffffbcaa8p-1
throat/eq/flow_press/1500/lp/noC/c_min	0x1.0000000021aacp+0
throat/eq/flow_press/1500/lp/noC/capacity	0x0.0p+0
throat/eq/flow_press/1500/lp/noC/has_choke	0x0.0p+0
throat/eq/flow_press/1500/lp/C80/area	0x1.0000000000000p+0
throat/eq/flow_press/1500/lp/C80/throat_loading	0x1.ffffffffbcaa8p-1
throat/eq/flow_press/1500/lp/C80/c_min	0x1.0000000021aacp+0
throat/eq/flow_press/1500/lp/C80/capacity	0x1.999999999999ap-1
throat/eq/flow_press/1500/lp/C80/has_choke	0x1.0000000000000p+0
throat/eq/flow_press/1500/lp/C80/m_c	0x1.9999999a71118p-3
throat/eq/flow_press/1500/lp/C80/choked	0x0.0p+0
throat/eq/flow_press/1500/lp/C80/throat_mach_design	0x1.1b4d2d26ca3c0p-1
margin/eq/flow_press/1500/hp/v0/vsv	0x0.0p+0
margin/eq/flow_press/1500/hp/v0/phi_op	0x1.ffffffffbf7eap-1
margin/eq/flow_press/1500/hp/v0/n	0x1.ffffffffac234p-1
margin/eq/flow_press/1500/hp/v0/m	0x1.ffffffff6ba1ep-1
margin/eq/flow_press/1500/hp/v0/phi_surge	0x1.199999999999ap-1
margin/eq/flow_press/1500/hp/v0/phi_surge_design	0x1.199999999999ap-1
margin/eq/flow_press/1500/hp/v0/m_phi	0x1.cccccccc4bca0p-2
margin/eq/flow_press/1500/hp/v0/tan_b1	0x1.000000002040bp+0
margin/eq/flow_press/1500/hp/v0/tan_b1_crit	0x1.d1745d1745d17p+0
margin/eq/flow_press/1500/hp/v0/m_i	0x1.a2e8ba2e4b218p-1
margin/eq/flow_press/1500/hp/v0/pi_op	0x1.7fffffff8fcc5p+2
margin/eq/flow_press/1500/hp/v0/sm_n	0x1.7b1775d0efa48p-1
margin/eq/flow_press/1500/hp/vmv/vsv	0x1.eb851eb851eb8p-4
margin/eq/flow_press/1500/hp/vmv/phi_op	0x1.d86589b0685cep-1
margin/eq/flow_press/1500/hp/vmv/n	0x1.14ce85c6f260cp+0
margin/eq/flow_press/1500/hp/vmv/m	0x1.feca9102dacbcp-1
margin/eq/flow_press/1500/hp/vmv/phi_surge	0x1.082a4433df56fp-1
margin/eq/flow_press/1500/hp/vmv/phi_surge_design	0x1.199999999999ap-1
margin/eq/flow_press/1500/hp/vmv/m_phi	0x1.a0768af9120bep-2
margin/eq/flow_press/1500/hp/vmv/tan_b1	0x1.ed7bc7b0e9509p-1
margin/eq/flow_press/1500/hp/vmv/tan_b1_crit	0x1.d1745d1745d17p+0
margin/eq/flow_press/1500/hp/vmv/m_i	0x1.b56cf27da2525p-1
margin/eq/flow_press/1500/hp/vmv/pi_op	0x1.7f17ecd92231cp+2
margin/eq/flow_press/1500/hp/vmv/sm_n	0x1.0b5e395d22e48p+0
scan/eq/flow_press/1500/hp/n	0x1.f000000000000p+4
scan/eq/flow_press/1500/hp/v_edge	0x1.3333333333335p+0
scan/eq/flow_press/1500/hp/x_edge	0x1.50f47adc123f0p+0
scan/eq/flow_press/1500/hp/m_i_0	0x1.a2e8ba2e4b218p-1
scan/eq/flow_press/1500/hp/m_i_edge	0x1.e672909ef0054p-1
throat/eq/flow_press/1500/hp/noC/area	0x1.0000000000000p+0
throat/eq/flow_press/1500/hp/noC/throat_loading	0x1.ffffffff6ba1ep-1
throat/eq/flow_press/1500/hp/noC/c_min	0x1.000000004a2f1p+0
throat/eq/flow_press/1500/hp/noC/capacity	0x0.0p+0
throat/eq/flow_press/1500/hp/noC/has_choke	0x0.0p+0
throat/eq/flow_press/1500/hp/C80/area	0x1.0000000000000p+0
throat/eq/flow_press/1500/hp/C80/throat_loading	0x1.ffffffff6ba1ep-1
throat/eq/flow_press/1500/hp/C80/c_min	0x1.000000004a2f1p+0
throat/eq/flow_press/1500/hp/C80/capacity	0x1.999999999999ap-1
throat/eq/flow_press/1500/hp/C80/has_choke	0x1.0000000000000p+0
throat/eq/flow_press/1500/hp/C80/m_c	0x1.9999999b74604p-3
throat/eq/flow_press/1500/hp/C80/choked	0x0.0p+0
throat/eq/flow_press/1500/hp/C80/throat_mach_design	0x1.1b4d2d26ca3c0p-1
margin/eq/flow_press/1200/lp/v0/vsv	0x0.0p+0
margin/eq/flow_press/1200/lp/v0/phi_op	0x1.b92801cd7e0abp-1
margin/eq/flow_press/1200/lp/v0/n	0x1.b3447d431beaap-1
margin/eq/flow_press/1200/lp/v0/m	0x1.770a80c66b1b8p-1
margin/eq/flow_press/1200/lp/v0/phi_surge	0x1.199999999999ap-1
margin/eq/flow_press/1200/lp/v0/phi_surge_design	0x1.199999999999ap-1
margin/eq/flow_press/1200/lp/v0/m_phi	0x1.3f1cd067c8e22p-2
margin/eq/flow_press/1200/lp/v0/tan_b1	0x1.291c31a255174p+0
margin/eq/flow_press/1200/lp/v0/tan_b1_crit	0x1.d1745d1745d17p+0
margin/eq/flow_press/1200/lp/v0/m_i	0x1.50b056e9e1746p-1
margin/eq/flow_press/1200/lp/v0/pi_op	0x1.37db89609532cp+1
margin/eq/flow_press/1200/lp/v0/sm_n	0x1.c456629725540p-4
margin/eq/flow_press/1200/lp/vmv/vsv	0x1.eb851eb851eb8p-4
margin/eq/flow_press/1200/lp/vmv/phi_op	0x1.9d63fa7e08c6dp-1
margin/eq/flow_press/1200/lp/vmv/n	0x1.cf4ff46306036p-1
margin/eq/flow_press/1200/lp/vmv/m	0x1.76147743b8721p-1
margin/eq/flow_press/1200/lp/vmv/phi_surge	0x1.082a4433df56fp-1
margin/eq/flow_press/1200/lp/vmv/phi_surge_design	0x1.199999999999ap-1
margin/eq/flow_press/1200/lp/vmv/m_phi	0x1.2a736c9452dfcp-2
margin/eq/flow_press/1200/lp/vmv/tan_b1	0x1.1e5885f08386ap+0
margin/eq/flow_press/1200/lp/vmv/tan_b1_crit	0x1.d1745d1745d17p+0
margin/eq/flow_press/1200/lp/vmv/m_i	0x1.6637ae4d8495ap-1
margin/eq/flow_press/1200/lp/vmv/pi_op	0x1.370ef315a46b5p+1
margin/eq/flow_press/1200/lp/vmv/sm_n	0x1.5136075348438p-3
scan/eq/flow_press/1200/lp/n	0x1.8000000000000p+5
scan/eq/flow_press/1200/lp/v_edge	0x1.e147ae147ae19p+0
scan/eq/flow_press/1200/lp/x_edge	0x1.6a311a5a5d870p+0
scan/eq/flow_press/1200/lp/m_i_0	0x1.50b056e9e1746p-1
scan/eq/flow_press/1200/lp/m_i_edge	0x1.e9d549318fa78p-1
throat/eq/flow_press/1200/lp/noC/area	0x1.0000000000000p+0
throat/eq/flow_press/1200/lp/noC/throat_loading	0x1.770a80c66b1b8p-1
throat/eq/flow_press/1200/lp/noC/c_min	0x1.5d7cb266445c9p+0
throat/eq/flow_press/1200/lp/noC/capacity	0x0.0p+0
throat/eq/flow_press/1200/lp/noC/has_choke	0x0.0p+0
throat/eq/flow_press/1200/lp/C80/area	0x1.0000000000000p+0
throat/eq/flow_press/1200/lp/C80/throat_loading	0x1.770a80c66b1b8p-1
throat/eq/flow_press/1200/lp/C80/c_min	0x1.5d7cb266445c9p+0
throat/eq/flow_press/1200/lp/C80/capacity	0x1.999999999999ap-1
throat/eq/flow_press/1200/lp/C80/has_choke	0x1.0000000000000p+0
throat/eq/flow_press/1200/lp/C80/m_c	0x1.a7ef31f5bb072p-2
throat/eq/flow_press/1200/lp/C80/choked	0x0.0p+0
throat/eq/flow_press/1200/lp/C80/throat_mach_design	0x1.1b4d2d26ca3c0p-1
margin/eq/flow_press/1200/hp/v0/vsv	0x0.0p+0
margin/eq/flow_press/1200/hp/v0/phi_op	0x1.ed0696ae038acp-1
margin/eq/flow_press/1200/hp/v0/n	0x1.d0d87d3803f84p-1
margin/eq/flow_press/1200/hp/v0/m	0x1.bf9e6fe950f3dp-1
margin/eq/flow_press/1200/hp/v0/phi_surge	0x1.199999999999ap-1
margin/eq/flow_press/1200/hp/v0/phi_surge_design	0x1.199999999999ap-1
margin/eq/flow_press/1200/hp/v0/m_phi	0x1.a6d9fa28d3e24p-2
margin/eq/flow_press/1200/hp/v0/tan_b1	0x1.09da2cde74970p+0
margin/eq/flow_press/1200/hp/v0/tan_b1_crit	0x1.d1745d1745d17p+0
margin/eq/flow_press/1200/hp/v0/m_i	0x1.8f346071a274ep-1
margin/eq/flow_press/1200/hp/v0/pi_op	0x1.31e5306e7537ep+2
margin/eq/flow_press/1200/hp/v0/sm_n	0x1.181d3503cfb92p-1
margin/eq/flow_press/1200/hp/vmv/vsv	0x1.eb851eb851eb8p-4
margin/eq/flow_press/1200/hp/vmv/phi_op	0x1.c958a4a178b9dp-1
margin/eq/flow_press/1200/hp/vmv/n	0x1.f567825e9f7acp-1
margin/eq/flow_press/1200/hp/vmv/m	0x1.bfe1b2e126a58p-1
margin/eq/flow_press/1200/hp/vmv/phi_surge	0x1.082a4433df56fp-1
margin/eq/flow_press/1200/hp/vmv/phi_surge_design	0x1.199999999999ap-1
margin/eq/flow_press/1200/hp/vmv/m_phi	0x1.825cc0db32c5cp-2
margin/eq/flow_press/1200/hp/vmv/tan_b1	0x1.ffbeb5da24901p-1
margin/eq/flow_press/1200/hp/vmv/tan_b1_crit	0x1.d1745d1745d17p+0
margin/eq/flow_press/1200/hp/vmv/m_i	0x1.a32a04546712dp-1
margin/eq/flow_press/1200/hp/vmv/pi_op	0x1.32132795f63c0p+2
margin/eq/flow_press/1200/hp/vmv/sm_n	0x1.89f772584f96ap-1
scan/eq/flow_press/1200/hp/n	0x1.3000000000000p+5
scan/eq/flow_press/1200/hp/v_edge	0x1.7ae147ae147b1p+0
scan/eq/flow_press/1200/hp/x_edge	0x1.54737eee801ffp+0
scan/eq/flow_press/1200/hp/m_i_0	0x1.8f346071a274ep-1
scan/eq/flow_press/1200/hp/m_i_edge	0x1.e6f2838d81868p-1
throat/eq/flow_press/1200/hp/noC/area	0x1.0000000000000p+0
throat/eq/flow_press/1200/hp/noC/throat_loading	0x1.bf9e6fe950f3dp-1
throat/eq/flow_press/1200/hp/noC/c_min	0x1.24d20df1ef4f2p+0
throat/eq/flow_press/1200/hp/noC/capacity	0x0.0p+0
throat/eq/flow_press/1200/hp/noC/has_choke	0x0.0p+0
throat/eq/flow_press/1200/hp/C80/area	0x1.0000000000000p+0
throat/eq/flow_press/1200/hp/C80/throat_loading	0x1.bf9e6fe950f3dp-1
throat/eq/flow_press/1200/hp/C80/c_min	0x1.24d20df1ef4f2p+0
throat/eq/flow_press/1200/hp/C80/capacity	0x1.999999999999ap-1
throat/eq/flow_press/1200/hp/C80/has_choke	0x1.0000000000000p+0
throat/eq/flow_press/1200/hp/C80/m_c	0x1.33cf4cf118138p-2
throat/eq/flow_press/1200/hp/C80/choked	0x0.0p+0
throat/eq/flow_press/1200/hp/C80/throat_mach_design	0x1.1b4d2d26ca3c0p-1
margin/eq/press_flow/1500/lp/v0/vsv	0x0.0p+0
margin/eq/press_flow/1500/lp/v0/phi_op	0x1.ffffffffce350p-1
margin/eq/press_flow/1500/lp/v0/n	0x1.ffffffffee758p-1
margin/eq/press_flow/1500/lp/v0/m	0x1.ffffffffbcaa8p-1
margin/eq/press_flow/1500/lp/v0/phi_surge	0x1.199999999999ap-1
margin/eq/press_flow/1500/lp/v0/phi_surge_design	0x1.199999999999ap-1
margin/eq/press_flow/1500/lp/v0/m_phi	0x1.cccccccc6936cp-2
margin/eq/press_flow/1500/lp/v0/tan_b1	0x1.0000000018e58p+0
margin/eq/press_flow/1500/lp/v0/tan_b1_crit	0x1.d1745d1745d17p+0
margin/eq/press_flow/1500/lp/v0/m_i	0x1.a2e8ba2e59d7ep-1
margin/eq/press_flow/1500/lp/v0/pi_op	0x1.800000003e5e7p+1
margin/eq/press_flow/1500/lp/v0/sm_n	0x1.d0a1cbeaacdf8p-2
margin/eq/press_flow/1500/lp/vmv/vsv	0x1.eb851eb851eb8p-4
margin/eq/press_flow/1500/lp/vmv/phi_op	0x1.d8956ff55d503p-1
margin/eq/press_flow/1500/lp/vmv/n	0x1.14e111607015fp+0
margin/eq/press_flow/1500/lp/vmv/m	0x1.ff20981fe2a4ap-1
margin/eq/press_flow/1500/lp/vmv/phi_surge	0x1.082a4433df56fp-1
margin/eq/press_flow/1500/lp/vmv/phi_surge_design	0x1.199999999999ap-1
margin/eq/press_flow/1500/lp/vmv/m_phi	0x1.a0d65782fbf28p-2
margin/eq/press_flow/1500/lp/vmv/tan_b1	0x1.ed4388ed631f7p-1
margin/eq/press_flow/1500/lp/vmv/tan_b1_crit	0x1.d1745d1745d17p+0
margin/eq/press_flow/1500/lp/vmv/m_i	0x1.b5a5314128837p-1
margin/eq/press_flow/1500/lp/vmv/pi_op	0x1.7f58720e0db6ep+1
margin/eq/press_flow/1500/lp/vmv/sm_n	0x1.3ed51eae54d0ap-1
scan/eq/press_flow/1500/lp/n	0x1.f000000000000p+4
scan/eq/press_flow/1500/lp/v_edge	0x1.3333333333335p+0
scan/eq/press_flow/1500/lp/x_edge	0x1.5a75ba5750128p+0
scan/eq/press_flow/1500/lp/m_i_0	0x1.a2e8ba2e59d7ep-1
scan/eq/press_flow/1500/lp/m_i_edge	0x1.eee1660ddb918p-1
throat/eq/press_flow/1500/lp/noC/area	0x1.0000000000000p+0
throat/eq/press_flow/1500/lp/noC/throat_loading	0x1.ffffffffbcaa8p-1
throat/eq/press_flow/1500/lp/noC/c_min	0x1.0000000021aacp+0
throat/eq/press_flow/1500/lp/noC/capacity	0x0.0p+0
throat/eq/press_flow/1500/lp/noC/has_choke	0x0.0p+0
throat/eq/press_flow/1500/lp/C80/area	0x1.0000000000000p+0
throat/eq/press_flow/1500/lp/C80/throat_loading	0x1.ffffffffbcaa8p-1
throat/eq/press_flow/1500/lp/C80/c_min	0x1.0000000021aacp+0
throat/eq/press_flow/1500/lp/C80/capacity	0x1.999999999999ap-1
throat/eq/press_flow/1500/lp/C80/has_choke	0x1.0000000000000p+0
throat/eq/press_flow/1500/lp/C80/m_c	0x1.9999999a71118p-3
throat/eq/press_flow/1500/lp/C80/choked	0x0.0p+0
throat/eq/press_flow/1500/lp/C80/throat_mach_design	0x1.1b4d2d26ca3c0p-1
margin/eq/press_flow/1500/hp/v0/vsv	0x0.0p+0
margin/eq/press_flow/1500/hp/v0/phi_op	0x1.ffffffffb8536p-1
margin/eq/press_flow/1500/hp/v0/n	0x1.ffffffffb34e8p-1
margin/eq/press_flow/1500/hp/v0/m	0x1.ffffffff6ba1ep-1
margin/eq/press_flow/1500/hp/v0/phi_surge	0x1.199999999999ap-1
margin/eq/press_flow/1500/hp/v0/phi_surge_design	0x1.199999999999ap-1
margin/eq/press_flow/1500/hp/v0/m_phi	0x1.cccccccc3d738p-2
margin/eq/press_flow/1500/hp/v0/tan_b1	0x1.0000000023d65p+0
margin/eq/press_flow/1500/hp/v0/tan_b1_crit	0x1.d1745d1745d17p+0
margin/eq/press_flow/1500/hp/v0/m_i	0x1.a2e8ba2e43f64p-1
margin/eq/press_flow/1500/hp/v0/pi_op	0x1.7fffffff8fcddp+2
margin/eq/press_flow/1500/hp/v0/sm_n	0x1.94e091825aea0p-2
margin/eq/press_flow/1500/hp/vmv/vsv	0x1.eb851eb851eb8p-4
margin/eq/press_flow/1500/hp/vmv/phi_op	0x1.da4ef66cfdf29p-1
margin/eq/press_flow/1500/hp/vmv/n	0x1.13baf5ea76a27p+0
margin/eq/press_flow/1500/hp/vmv/m	0x1.fedd37b619cd0p-1
margin/eq/press_flow/1500/hp/vmv/phi_surge	0x1.082a4433df56fp-1
margin/eq/press_flow/1500/hp/vmv/phi_surge_design	0x1.199999999999ap-1
margin/eq/press_flow/1500/hp/vmv/m_phi	0x1.a44964723d374p-2
margin/eq/press_flow/1500/hp/vmv/tan_b1	0x1.eb3f2bc6ee29fp-1
margin/eq/press_flow/1500/hp/vmv/tan_b1_crit	0x1.d1745d1745d17p+0
margin/eq/press_flow/1500/hp/vmv/m_i	0x1.b7a98e679d78fp-1
margin/eq/press_flow/1500/hp/vmv/pi_op	0x1.7f25e9de2e43ap+2
margin/eq/press_flow/1500/hp/vmv/sm_n	0x1.2c1cfd7942eb8p-1
scan/eq/press_flow/1500/hp/n	0x1.0000000000000p+5
scan/eq/press_flow/1500/hp/v_edge	0x1.3d70a3d70a3d9p+0
scan/eq/press_flow/1500/hp/x_edge	0x1.6315decdbcea1p+0
scan/eq/press_flow/1500/hp/m_i_0	0x1.a2e8ba2e43f64p-1
scan/eq/press_flow/1500/hp/m_i_edge	0x1.fed9d68e16124p-1
throat/eq/press_flow/1500/hp/noC/area	0x1.0000000000000p+0
throat/eq/press_flow/1500/hp/noC/throat_loading	0x1.ffffffff6ba1ep-1
throat/eq/press_flow/1500/hp/noC/c_min	0x1.000000004a2f1p+0
throat/eq/press_flow/1500/hp/noC/capacity	0x0.0p+0
throat/eq/press_flow/1500/hp/noC/has_choke	0x0.0p+0
throat/eq/press_flow/1500/hp/C80/area	0x1.0000000000000p+0
throat/eq/press_flow/1500/hp/C80/throat_loading	0x1.ffffffff6ba1ep-1
throat/eq/press_flow/1500/hp/C80/c_min	0x1.000000004a2f1p+0
throat/eq/press_flow/1500/hp/C80/capacity	0x1.999999999999ap-1
throat/eq/press_flow/1500/hp/C80/has_choke	0x1.0000000000000p+0
throat/eq/press_flow/1500/hp/C80/m_c	0x1.9999999b74604p-3
throat/eq/press_flow/1500/hp/C80/choked	0x0.0p+0
throat/eq/press_flow/1500/hp/C80/throat_mach_design	0x1.1b4d2d26ca3c0p-1
margin/eq/press_flow/1200/lp/v0/vsv	0x0.0p+0
margin/eq/press_flow/1200/lp/v0/phi_op	0x1.bf2facd63947cp-1
margin/eq/press_flow/1200/lp/v0/n	0x1.ad6a78a868ba0p-1
margin/eq/press_flow/1200/lp/v0/m	0x1.770e70928af79p-1
margin/eq/press_flow/1200/lp/v0/phi_surge	0x1.199999999999ap-1
margin/eq/press_flow/1200/lp/v0/phi_surge_design	0x1.199999999999ap-1
margin/eq/press_flow/1200/lp/v0/m_phi	0x1.4b2c26793f5c4p-2
margin/eq/press_flow/1200/lp/v0/tan_b1	0x1.251a950973dfcp+0
margin/eq/press_flow/1200/lp/v0/tan_b1_crit	0x1.d1745d1745d17p+0
margin/eq/press_flow/1200/lp/v0/m_i	0x1.58b3901ba3e36p-1
margin/eq/press_flow/1200/lp/v0/pi_op	0x1.3791b7f90db31p+1
margin/eq/press_flow/1200/lp/v0/sm_n	0x1.c11fe4fac2ba0p-3
margin/eq/press_flow/1200/lp/vmv/vsv	0x1.eb851eb851eb8p-4
margin/eq/press_flow/1200/lp/vmv/phi_op	0x1.a2bdd737b1a84p-1
margin/eq/press_flow/1200/lp/vmv/n	0x1.cb7d77e1e49b2p-1
margin/eq/press_flow/1200/lp/vmv/m	0x1.77cbcdd557c72p-1
margin/eq/press_flow/1200/lp/vmv/phi_surge	0x1.082a4433df56fp-1
margin/eq/press_flow/1200/lp/vmv/phi_surge_design	0x1.199999999999ap-1
margin/eq/press_flow/1200/lp/vmv/m_phi	0x1.35272607a4a2ap-2
margin/eq/press_flow/1200/lp/vmv/tan_b1	0x1.1a4b47eba1706p+0
margin/eq/press_flow/1200/lp/vmv/tan_b1_crit	0x1.d1745d1745d17p+0
margin/eq/press_flow/1200/lp/vmv/m_i	0x1.6e522a5748c22p-1
margin/eq/press_flow/1200/lp/vmv/pi_op	0x1.382f074f4e527p+1
margin/eq/press_flow/1200/lp/vmv/sm_n	0x1.353758cdc6ddcp-2
scan/eq/press_flow/1200/lp/n	0x1.7800000000000p+5
scan/eq/press_flow/1200/lp/v_edge	0x1.d70a3d70a3d75p+0
scan/eq/press_flow/1200/lp/x_edge	0x1.5c0b3633f9213p+0
scan/eq/press_flow/1200/lp/m_i_0	0x1.58b3901ba3e36p-1
scan/eq/press_flow/1200/lp/m_i_edge	0x1.d71d1a9c96540p-1
throat/eq/press_flow/1200/lp/noC/area	0x1.0000000000000p+0
throat/eq/press_flow/1200/lp/noC/throat_loading	0x1.770e70928af79p-1
throat/eq/press_flow/1200/lp/noC/c_min	0x1.5d79074eeaab9p+0
throat/eq/press_flow/1200/lp/noC/capacity	0x0.0p+0
throat/eq/press_flow/1200/lp/noC/has_choke	0x0.0p+0
throat/eq/press_flow/1200/lp/C80/area	0x1.0000000000000p+0
throat/eq/press_flow/1200/lp/C80/throat_loading	0x1.770e70928af79p-1
throat/eq/press_flow/1200/lp/C80/c_min	0x1.5d79074eeaab9p+0
throat/eq/press_flow/1200/lp/C80/capacity	0x1.999999999999ap-1
throat/eq/press_flow/1200/lp/C80/has_choke	0x1.0000000000000p+0
throat/eq/press_flow/1200/lp/C80/m_c	0x1.a7e8e57bee73ep-2
throat/eq/press_flow/1200/lp/C80/choked	0x0.0p+0
throat/eq/press_flow/1200/lp/C80/throat_mach_design	0x1.1b4d2d26ca3c0p-1
margin/eq/press_flow/1200/hp/v0/vsv	0x0.0p+0
margin/eq/press_flow/1200/hp/v0/phi_op	0x1.eb619610f8178p-1
margin/eq/press_flow/1200/hp/v0/n	0x1.d2da287be3d74p-1
margin/eq/press_flow/1200/hp/v0/m	0x1.c00d30fcdd5c4p-1
margin/eq/press_flow/1200/hp/v0/phi_surge	0x1.199999999999ap-1
margin/eq/press_flow/1200/hp/v0/phi_surge_design	0x1.199999999999ap-1
margin/eq/press_flow/1200/hp/v0/m_phi	0x1.a38ff8eebcfbcp-2
margin/eq/press_flow/1200/hp/v0/tan_b1	0x1.0abdf34fae988p+0
margin/eq/press_flow/1200/hp/v0/tan_b1_crit	0x1.d1745d1745d17p+0
margin/eq/press_flow/1200/hp/v0/m_i	0x1.8d6cd38f2e71ep-1
margin/eq/press_flow/1200/hp/v0/pi_op	0x1.3230e0732a89fp+2
margin/eq/press_flow/1200/hp/v0/sm_n	0x1.2abc38eeddfdcp-2
margin/eq/press_flow/1200/hp/vmv/vsv	0x1.eb851eb851eb8p-4
margin/eq/press_flow/1200/hp/vmv/phi_op	0x1.c8bd57ecf18bap-1
margin/eq/press_flow/1200/hp/vmv/n	0x1.f512adfcc662ap-1
margin/eq/press_flow/1200/hp/vmv/m	0x1.befdf066ea0fbp-1
margin/eq/press_flow/1200/hp/vmv/phi_surge	0x1.082a4433df56fp-1
margin/eq/press_flow/1200/hp/vmv/phi_surge_design	0x1.199999999999ap-1
margin/eq/press_flow/1200/hp/vmv/m_phi	0x1.8126277224696p-2
margin/eq/press_flow/1200/hp/vmv/tan_b1	0x1.0040cd3efce64p+0
margin/eq/press_flow/1200/hp/vmv/tan_b1_crit	0x1.d1745d1745d17p+0
margin/eq/press_flow/1200/hp/vmv/m_i	0x1.a2671fb091d66p-1
margin/eq/press_flow/1200/hp/vmv/pi_op	0x1.317781eabfc6dp+2
margin/eq/press_flow/1200/hp/vmv/sm_n	0x1.ba808b1f5a6a8p-2
scan/eq/press_flow/1200/hp/n	0x1.3800000000000p+5
scan/eq/press_flow/1200/hp/v_edge	0x1.851eb851eb855p+0
scan/eq/press_flow/1200/hp/x_edge	0x1.61e9b55ebcfc9p+0
scan/eq/press_flow/1200/hp/m_i_0	0x1.8d6cd38f2e71ep-1
scan/eq/press_flow/1200/hp/m_i_edge	0x1.fae431da1c378p-1
throat/eq/press_flow/1200/hp/noC/area	0x1.0000000000000p+0
throat/eq/press_flow/1200/hp/noC/throat_loading	0x1.c00d30fcdd5c4p-1
throat/eq/press_flow/1200/hp/noC/c_min	0x1.2489ac04489a4p+0
throat/eq/press_flow/1200/hp/noC/capacity	0x0.0p+0
throat/eq/press_flow/1200/hp/noC/has_choke	0x0.0p+0
throat/eq/press_flow/1200/hp/C80/area	0x1.0000000000000p+0
throat/eq/press_flow/1200/hp/C80/throat_loading	0x1.c00d30fcdd5c4p-1
throat/eq/press_flow/1200/hp/C80/c_min	0x1.2489ac04489a4p+0
throat/eq/press_flow/1200/hp/C80/capacity	0x1.999999999999ap-1
throat/eq/press_flow/1200/hp/C80/has_choke	0x1.0000000000000p+0
throat/eq/press_flow/1200/hp/C80/m_c	0x1.331e180504392p-2
throat/eq/press_flow/1200/hp/C80/choked	0x0.0p+0
throat/eq/press_flow/1200/hp/C80/throat_mach_design	0x1.1b4d2d26ca3c0p-1
margin/eq/tilted/1500/lp/v0/vsv	0x0.0p+0
margin/eq/tilted/1500/lp/v0/phi_op	0x1.ffffffffcb944p-1
margin/eq/tilted/1500/lp/v0/n	0x1.fffffffff1164p-1
margin/eq/tilted/1500/lp/v0/m	0x1.ffffffffbcaa8p-1
margin/eq/tilted/1500/lp/v0/phi_surge	0x1.199999999999ap-1
margin/eq/tilted/1500/lp/v0/phi_surge_design	0x1.199999999999ap-1
margin/eq/tilted/1500/lp/v0/m_phi	0x1.cccccccc63f54p-2
margin/eq/tilted/1500/lp/v0/tan_b1	0x1.000000001a35ep+0
margin/eq/tilted/1500/lp/v0/tan_b1_crit	0x1.d1745d1745d17p+0
margin/eq/tilted/1500/lp/v0/m_i	0x1.a2e8ba2e57372p-1
margin/eq/tilted/1500/lp/v0/pi_op	0x1.800000003e648p+1
margin/eq/tilted/1500/lp/v0/sm_n	0x1.441531bd73010p-2
margin/eq/tilted/1500/lp/vmv/vsv	0x1.eb851eb851eb8p-4
margin/eq/tilted/1500/lp/vmv/phi_op	0x1.d98d61c0c6d11p-1
margin/eq/tilted/1500/lp/vmv/n	0x1.147981529006dp+0
margin/eq/tilted/1500/lp/vmv/m	0x1.ff6d3070026efp-1
margin/eq/tilted/1500/lp/vmv/phi_surge	0x1.082a4433df56fp-1
margin/eq/tilted/1500/lp/vmv/phi_surge_design	0x1.199999999999ap-1
margin/eq/tilted/1500/lp/vmv/m_phi	0x1.a2c63b19cef44p-2
margin/eq/tilted/1500/lp/vmv/tan_b1	0x1.ec2119c742795p-1
margin/eq/tilted/1500/lp/vmv/tan_b1_crit	0x1.d1745d1745d17p+0
margin/eq/tilted/1500/lp/vmv/m_i	0x1.b6c7a06749299p-1
margin/eq/tilted/1500/lp/vmv/pi_op	0x1.7f91e44d7c70fp+1
margin/eq/tilted/1500/lp/vmv/sm_n	0x1.cafc37cd10d90p-2
scan/eq/tilted/1500/lp/n	0x1.f000000000000p+4
scan/eq/tilted/1500/lp/v_edge	0x1.3333333333335p+0
scan/eq/tilted/1500/lp/x_edge	0x1.6dc710f71f9f4p+0
scan/eq/tilted/1500/lp/m_i_0	0x1.a2e8ba2e57372p-1
scan/eq/tilted/1500/lp/m_i_edge	0x1.f7f1bc80c1788p-1
throat/eq/tilted/1500/lp/noC/area	0x1.0000000000000p+0
throat/eq/tilted/1500/lp/noC/throat_loading	0x1.ffffffffbcaa8p-1
throat/eq/tilted/1500/lp/noC/c_min	0x1.0000000021aacp+0
throat/eq/tilted/1500/lp/noC/capacity	0x0.0p+0
throat/eq/tilted/1500/lp/noC/has_choke	0x0.0p+0
throat/eq/tilted/1500/lp/C80/area	0x1.0000000000000p+0
throat/eq/tilted/1500/lp/C80/throat_loading	0x1.ffffffffbcaa8p-1
throat/eq/tilted/1500/lp/C80/c_min	0x1.0000000021aacp+0
throat/eq/tilted/1500/lp/C80/capacity	0x1.999999999999ap-1
throat/eq/tilted/1500/lp/C80/has_choke	0x1.0000000000000p+0
throat/eq/tilted/1500/lp/C80/m_c	0x1.9999999a71118p-3
throat/eq/tilted/1500/lp/C80/choked	0x0.0p+0
throat/eq/tilted/1500/lp/C80/throat_mach_design	0x1.1b4d2d26ca3c0p-1
margin/eq/tilted/1500/hp/v0/vsv	0x0.0p+0
margin/eq/tilted/1500/hp/v0/phi_op	0x1.ffffffffbc188p-1
margin/eq/tilted/1500/hp/v0/n	0x1.ffffffffaf896p-1
margin/eq/tilted/1500/hp/v0/m	0x1.ffffffff6ba1ep-1
margin/eq/tilted/1500/hp/v0/phi_surge	0x1.199999999999ap-1
margin/eq/tilted/1500/hp/v0/phi_surge_design	0x1.199999999999ap-1
margin/eq/tilted/1500/hp/v0/m_phi	0x1.cccccccc44fdcp-2
margin/eq/tilted/1500/hp/v0/tan_b1	0x1.0000000021f3cp+0
margin/eq/tilted/1500/hp/v0/tan_b1_crit	0x1.d1745d1745d17p+0
margin/eq/tilted/1500/hp/v0/m_i	0x1.a2e8ba2e47bb6p-1
margin/eq/tilted/1500/hp/v0/pi_op	0x1.7fffffff8fcc5p+2
margin/eq/tilted/1500/hp/v0/sm_n	0x1.0985abff55822p-1
margin/eq/tilted/1500/hp/vmv/vsv	0x1.eb851eb851eb8p-4
margin/eq/tilted/1500/hp/vmv/phi_op	0x1.d95e917c45973p-1
margin/eq/tilted/1500/hp/vmv/n	0x1.146a268b646bbp+0
margin/eq/tilted/1500/hp/vmv/m	0x1.ff1e3d48021d5p-1
margin/eq/tilted/1500/hp/vmv/phi_surge	0x1.082a4433df56fp-1
margin/eq/tilted/1500/hp/vmv/phi_surge_design	0x1.199999999999ap-1
margin/eq/tilted/1500/hp/vmv/m_phi	0x1.a2689a90cc808p-2
margin/eq/tilted/1500/hp/vmv/tan_b1	0x1.ec57d8765777dp-1
margin/eq/tilted/1500/hp/vmv/tan_b1_crit	0x1.d1745d1745d17p+0
margin/eq/tilted/1500/hp/vmv/m_i	0x1.b690e1b8342b1p-1
margin/eq/tilted/1500/hp/vmv/pi_op	0x1.7f56ae06c80b1p+2
margin/eq/tilted/1500/hp/vmv/sm_n	0x1.80a36ad209e2ep-1
scan/eq/tilted/1500/hp/n	0x1.f000000000000p+4
scan/eq/tilted/1500/hp/v_edge	0x1.3333333333335p+0
scan/eq/tilted/1500/hp/x_edge	0x1.601cc35591622p+0
scan/eq/tilted/1500/hp/m_i_0	0x1.a2e8ba2e47bb6p-1
scan/eq/tilted/1500/hp/m_i_edge	0x1.ec13c94253688p-1
throat/eq/tilted/1500/hp/noC/area	0x1.0000000000000p+0
throat/eq/tilted/1500/hp/noC/throat_loading	0x1.ffffffff6ba1ep-1
throat/eq/tilted/1500/hp/noC/c_min	0x1.000000004a2f1p+0
throat/eq/tilted/1500/hp/noC/capacity	0x0.0p+0
throat/eq/tilted/1500/hp/noC/has_choke	0x0.0p+0
throat/eq/tilted/1500/hp/C80/area	0x1.0000000000000p+0
throat/eq/tilted/1500/hp/C80/throat_loading	0x1.ffffffff6ba1ep-1
throat/eq/tilted/1500/hp/C80/c_min	0x1.000000004a2f1p+0
throat/eq/tilted/1500/hp/C80/capacity	0x1.999999999999ap-1
throat/eq/tilted/1500/hp/C80/has_choke	0x1.0000000000000p+0
throat/eq/tilted/1500/hp/C80/m_c	0x1.9999999b74604p-3
throat/eq/tilted/1500/hp/C80/choked	0x0.0p+0
throat/eq/tilted/1500/hp/C80/throat_mach_design	0x1.1b4d2d26ca3c0p-1
margin/eq/tilted/1200/lp/v0/vsv	0x0.0p+0
margin/eq/tilted/1200/lp/v0/phi_op	0x1.bbc12313debf1p-1
margin/eq/tilted/1200/lp/v0/n	0x1.b05ad3638f5cep-1
margin/eq/tilted/1200/lp/v0/m	0x1.76b9adc2507d4p-1
margin/eq/tilted/1200/lp/v0/phi_surge	0x1.199999999999ap-1
margin/eq/tilted/1200/lp/v0/phi_surge_design	0x1.199999999999ap-1
margin/eq/tilted/1200/lp/v0/m_phi	0x1.444f12f48a4aep-2
margin/eq/tilted/1200/lp/v0/tan_b1	0x1.275edd551646cp+0
margin/eq/tilted/1200/lp/v0/tan_b1_crit	0x1.d1745d1745d17p+0
margin/eq/tilted/1200/lp/v0/m_i	0x1.542aff845f156p-1
margin/eq/tilted/1200/lp/v0/pi_op	0x1.378770489c6a3p+1
margin/eq/tilted/1200/lp/v0/sm_n	0x1.21d2921b3f948p-3
margin/eq/tilted/1200/lp/vmv/vsv	0x1.eb851eb851eb8p-4
margin/eq/tilted/1200/lp/vmv/phi_op	0x1.9f434516b8202p-1
margin/eq/tilted/1200/lp/vmv/n	0x1.cda45a2a5ac16p-1
margin/eq/tilted/1200/lp/vmv/m	0x1.766b5e6243554p-1
margin/eq/tilted/1200/lp/vmv/phi_surge	0x1.082a4433df56fp-1
margin/eq/tilted/1200/lp/vmv/phi_surge_design	0x1.199999999999ap-1
margin/eq/tilted/1200/lp/vmv/m_phi	0x1.2e3201c5b1926p-2
margin/eq/tilted/1200/lp/vmv/tan_b1	0x1.1cea91d189c26p+0
margin/eq/tilted/1200/lp/vmv/tan_b1_crit	0x1.d1745d1745d17p+0
margin/eq/tilted/1200/lp/vmv/m_i	0x1.6913968b781e2p-1
margin/eq/tilted/1200/lp/vmv/pi_op	0x1.374655d5e79eep+1
margin/eq/tilted/1200/lp/vmv/sm_n	0x1.a360f522936a0p-3
scan/eq/tilted/1200/lp/n	0x1.7000000000000p+5
scan/eq/tilted/1200/lp/v_edge	0x1.cccccccccccd1p+0
scan/eq/tilted/1200/lp/x_edge	0x1.64965d2e133cbp+0
scan/eq/tilted/1200/lp/m_i_0	0x1.542aff845f156p-1
scan/eq/tilted/1200/lp/m_i_edge	0x1.cb84783379510p-1
throat/eq/tilted/1200/lp/noC/area	0x1.0000000000000p+0
throat/eq/tilted/1200/lp/noC/throat_loading	0x1.76b9adc2507d4p-1
throat/eq/tilted/1200/lp/noC/c_min	0x1.5dc813d9a207ap+0
throat/eq/tilted/1200/lp/noC/capacity	0x0.0p+0
throat/eq/tilted/1200/lp/noC/has_choke	0x0.0p+0
throat/eq/tilted/1200/lp/C80/area	0x1.0000000000000p+0
throat/eq/tilted/1200/lp/C80/throat_loading	0x1.76b9adc2507d4p-1
throat/eq/tilted/1200/lp/C80/c_min	0x1.5dc813d9a207ap+0
throat/eq/tilted/1200/lp/C80/capacity	0x1.999999999999ap-1
throat/eq/tilted/1200/lp/C80/has_choke	0x1.0000000000000p+0
throat/eq/tilted/1200/lp/C80/m_c	0x1.a8708395e59e0p-2
throat/eq/tilted/1200/lp/C80/choked	0x0.0p+0
throat/eq/tilted/1200/lp/C80/throat_mach_design	0x1.1b4d2d26ca3c0p-1
margin/eq/tilted/1200/hp/v0/vsv	0x0.0p+0
margin/eq/tilted/1200/hp/v0/phi_op	0x1.ec1fcb0ef6f28p-1
margin/eq/tilted/1200/hp/v0/n	0x1.d1cbbd883a324p-1
margin/eq/tilted/1200/hp/v0/m	0x1.bfb6b4b2c68d0p-1
margin/eq/tilted/1200/hp/v0/phi_surge	0x1.199999999999ap-1
margin/eq/tilted/1200/hp/v0/phi_surge_design	0x1.199999999999ap-1
margin/eq/tilted/1200/hp/v0/m_phi	0x1.a50c62eabab1cp-2
margin/eq/tilted/1200/hp/v0/tan_b1	0x1.0a56daa711059p+0
margin/eq/tilted/1200/hp/v0/tan_b1_crit	0x1.d1745d1745d17p+0
margin/eq/tilted/1200/hp/v0/m_i	0x1.8e3b04e06997cp-1
margin/eq/tilted/1200/hp/v0/pi_op	0x1.31f5c625b8b66p+2
margin/eq/tilted/1200/hp/v0/sm_n	0x1.8166b17d2f778p-2
margin/eq/tilted/1200/hp/vmv/vsv	0x1.eb851eb851eb8p-4
margin/eq/tilted/1200/hp/vmv/phi_op	0x1.c8cdd7fdd906dp-1
margin/eq/tilted/1200/hp/vmv/n	0x1.f566483afbd18p-1
margin/eq/tilted/1200/hp/vmv/m	0x1.bf58ad4d7ecc6p-1
margin/eq/tilted/1200/hp/vmv/phi_surge	0x1.082a4433df56fp-1
margin/eq/tilted/1200/hp/vmv/phi_surge_design	0x1.199999999999ap-1
margin/eq/tilted/1200/hp/vmv/m_phi	0x1.81472793f35fcp-2
margin/eq/tilted/1200/hp/vmv/tan_b1	0x1.00366f9b36090p+0
margin/eq/tilted/1200/hp/vmv/tan_b1_crit	0x1.d1745d1745d17p+0
margin/eq/tilted/1200/hp/vmv/m_i	0x1.a27bdaf81f90ep-1
margin/eq/tilted/1200/hp/vmv/pi_op	0x1.31b584289fe1fp+2
margin/eq/tilted/1200/hp/vmv/sm_n	0x1.174e91b2da53ap-1
scan/eq/tilted/1200/hp/n	0x1.3000000000000p+5
scan/eq/tilted/1200/hp/v_edge	0x1.7ae147ae147b1p+0
scan/eq/tilted/1200/hp/x_edge	0x1.618bf2357b288p+0
scan/eq/tilted/1200/hp/m_i_0	0x1.8e3b04e06997cp-1
scan/eq/tilted/1200/hp/m_i_edge	0x1.e46a411a893b8p-1
throat/eq/tilted/1200/hp/noC/area	0x1.0000000000000p+0
throat/eq/tilted/1200/hp/noC/throat_loading	0x1.bfb6b4b2c68d0p-1
throat/eq/tilted/1200/hp/noC/c_min	0x1.24c22e904638ap+0
throat/eq/tilted/1200/hp/noC/capacity	0x0.0p+0
throat/eq/tilted/1200/hp/noC/has_choke	0x0.0p+0
throat/eq/tilted/1200/hp/C80/area	0x1.0000000000000p+0
throat/eq/tilted/1200/hp/C80/throat_loading	0x1.bfb6b4b2c68d0p-1
throat/eq/tilted/1200/hp/C80/c_min	0x1.24c22e904638ap+0
throat/eq/tilted/1200/hp/C80/capacity	0x1.999999999999ap-1
throat/eq/tilted/1200/hp/C80/has_choke	0x1.0000000000000p+0
throat/eq/tilted/1200/hp/C80/m_c	0x1.33a8787b8f1e6p-2
throat/eq/tilted/1200/hp/C80/choked	0x0.0p+0
throat/eq/tilted/1200/hp/C80/throat_mach_design	0x1.1b4d2d26ca3c0p-1
margin/eq/steep/1500/lp/v0/vsv	0x0.0p+0
margin/eq/steep/1500/lp/v0/phi_op	0x1.ffffffffd152ep-1
margin/eq/steep/1500/lp/v0/n	0x1.ffffffffeb57ap-1
margin/eq/steep/1500/lp/v0/m	0x1.ffffffffbcaa8p-1
margin/eq/steep/1500/lp/v0/phi_surge	0x1.199999999999ap-1
margin/eq/steep/1500/lp/v0/phi_surge_design	0x1.199999999999ap-1
margin/eq/steep/1500/lp/v0/m_phi	0x1.cccccccc6f728p-2
margin/eq/steep/1500/lp/v0/tan_b1	0x1.0000000017569p+0
margin/eq/steep/1500/lp/v0/tan_b1_crit	0x1.d1745d1745d17p+0
margin/eq/steep/1500/lp/v0/m_i	0x1.a2e8ba2e5cf5cp-1
margin/eq/steep/1500/lp/v0/pi_op	0x1.800000003e5d0p+1
margin/eq/steep/1500/lp/v0/sm_n	0x1.bb16b67c0436cp-2
margin/eq/steep/1500/lp/vmv/vsv	0x1.eb851eb851eb8p-4
margin/eq/steep/1500/lp/vmv/phi_op	0x1.d71c79ae5eaa7p-1
margin/eq/steep/1500/lp/vmv/n	0x1.1581dede4036ap+0
margin/eq/steep/1500/lp/vmv/m	0x1.feb0cf26afae8p-1
margin/eq/steep/1500/lp/vmv/phi_surge	0x1.082a4433df56fp-1
margin/eq/steep/1500/lp/vmv/phi_surge_design	0x1.199999999999ap-1
margin/eq/steep/1500/lp/vmv/m_phi	0x1.9de46af4fea70p-2
margin/eq/steep/1500/lp/vmv/tan_b1	0x1.eeff624824eedp-1
margin/eq/steep/1500/lp/vmv/tan_b1_crit	0x1.d1745d1745d17p+0
margin/eq/steep/1500/lp/vmv/m_i	0x1.b3e957e666b41p-1
margin/eq/steep/1500/lp/vmv/pi_op	0x1.7f049b4e4b1d1p+1
margin/eq/steep/1500/lp/vmv/sm_n	0x1.29adf4858d9bep-1
scan/eq/steep/1500/lp/n	0x1.d000000000000p+4
scan/eq/steep/1500/lp/v_edge	0x1.1eb851eb851edp+0
scan/eq/steep/1500/lp/x_edge	0x1.4ce238010b36ap+0
scan/eq/steep/1500/lp/m_i_0	0x1.a2e8ba2e5cf5cp-1
scan/eq/steep/1500/lp/m_i_edge	0x1.ce6808c4b9c34p-1
throat/eq/steep/1500/lp/noC/area	0x1.0000000000000p+0
throat/eq/steep/1500/lp/noC/throat_loading	0x1.ffffffffbcaa8p-1
throat/eq/steep/1500/lp/noC/c_min	0x1.0000000021aacp+0
throat/eq/steep/1500/lp/noC/capacity	0x0.0p+0
throat/eq/steep/1500/lp/noC/has_choke	0x0.0p+0
throat/eq/steep/1500/lp/C80/area	0x1.0000000000000p+0
throat/eq/steep/1500/lp/C80/throat_loading	0x1.ffffffffbcaa8p-1
throat/eq/steep/1500/lp/C80/c_min	0x1.0000000021aacp+0
throat/eq/steep/1500/lp/C80/capacity	0x1.999999999999ap-1
throat/eq/steep/1500/lp/C80/has_choke	0x1.0000000000000p+0
throat/eq/steep/1500/lp/C80/m_c	0x1.9999999a71118p-3
throat/eq/steep/1500/lp/C80/choked	0x0.0p+0
throat/eq/steep/1500/lp/C80/throat_mach_design	0x1.1b4d2d26ca3c0p-1
margin/eq/steep/1500/hp/v0/vsv	0x0.0p+0
margin/eq/steep/1500/hp/v0/phi_op	0x1.ffffffffc3886p-1
margin/eq/steep/1500/hp/v0/n	0x1.ffffffffa8198p-1
margin/eq/steep/1500/hp/v0/m	0x1.ffffffff6ba1ep-1
margin/eq/steep/1500/hp/v0/phi_surge	0x1.199999999999ap-1
margin/eq/steep/1500/hp/v0/phi_surge_design	0x1.199999999999ap-1
margin/eq/steep/1500/hp/v0/m_phi	0x1.cccccccc53dd8p-2
margin/eq/steep/1500/hp/v0/tan_b1	0x1.000000001e3bdp+0
margin/eq/steep/1500/hp/v0/tan_b1_crit	0x1.d1745d1745d17p+0
margin/eq/steep/1500/hp/v0/m_i	0x1.a2e8ba2e4f2b4p-1
margin/eq/steep/1500/hp/v0/pi_op	0x1.7fffffff8fc4cp+2
margin/eq/steep/1500/hp/v0/sm_n	0x1.7350e17889d5cp-1
margin/eq/steep/1500/hp/vmv/vsv	0x1.eb851eb851eb8p-4
margin/eq/steep/1500/hp/vmv/phi_op	0x1.d6bd53a03f55ap-1
margin/eq/steep/1500/hp/vmv/n	0x1.155702228050dp+0
margin/eq/steep/1500/hp/vmv/m	0x1.fdfad9c0bbbcdp-1
margin/eq/steep/1500/hp/vmv/phi_surge	0x1.082a4433df56fp-1
margin/eq/steep/1500/hp/vmv/phi_surge_design	0x1.199999999999ap-1
margin/eq/steep/1500/hp/vmv/m_phi	0x1.9d261ed8bffd6p-2
margin/eq/steep/1500/hp/vmv/tan_b1	0x1.ef6fdab73a4f7p-1
margin/eq/steep/1500/hp/vmv/tan_b1_crit	0x1.d1745d1745d17p+0
margin/eq/steep/1500/hp/vmv/m_i	0x1.b378df7751537p-1
margin/eq/steep/1500/hp/vmv/pi_op	0x1.7e7c2376f6cf6p+2
margin/eq/steep/1500/hp/vmv/sm_n	0x1.fe06caa154732p-1
scan/eq/steep/1500/hp/n	0x1.d000000000000p+4
scan/eq/steep/1500/hp/v_edge	0x1.1eb851eb851edp+0
scan/eq/steep/1500/hp/x_edge	0x1.394a3b1cff3f3p+0
scan/eq/steep/1500/hp/m_i_0	0x1.a2e8ba2e4f2b4p-1
scan/eq/steep/1500/hp/m_i_edge	0x1.bbd249d196494p-1
throat/eq/steep/1500/hp/noC/area	0x1.0000000000000p+0
throat/eq/steep/1500/hp/noC/throat_loading	0x1.ffffffff6ba1ep-1
throat/eq/steep/1500/hp/noC/c_min	0x1.000000004a2f1p+0
throat/eq/steep/1500/hp/noC/capacity	0x0.0p+0
throat/eq/steep/1500/hp/noC/has_choke	0x0.0p+0
throat/eq/steep/1500/hp/C80/area	0x1.0000000000000p+0
throat/eq/steep/1500/hp/C80/throat_loading	0x1.ffffffff6ba1ep-1
throat/eq/steep/1500/hp/C80/c_min	0x1.000000004a2f1p+0
throat/eq/steep/1500/hp/C80/capacity	0x1.999999999999ap-1
throat/eq/steep/1500/hp/C80/has_choke	0x1.0000000000000p+0
throat/eq/steep/1500/hp/C80/m_c	0x1.9999999b74604p-3
throat/eq/steep/1500/hp/C80/choked	0x0.0p+0
throat/eq/steep/1500/hp/C80/throat_mach_design	0x1.1b4d2d26ca3c0p-1
margin/eq/steep/1200/lp/v0/vsv	0x0.0p+0
margin/eq/steep/1200/lp/v0/phi_op	0x1.c1a57806551fep-1
margin/eq/steep/1200/lp/v0/n	0x1.aa4344964197ep-1
margin/eq/steep/1200/lp/v0/m	0x1.7659c04068ad9p-1
margin/eq/steep/1200/lp/v0/phi_surge	0x1.199999999999ap-1
margin/eq/steep/1200/lp/v0/phi_surge_design	0x1.199999999999ap-1
margin/eq/steep/1200/lp/v0/m_phi	0x1.5017bcd9770c8p-2
margin/eq/steep/1200/lp/v0/tan_b1	0x1.23800c6de6939p+0
margin/eq/steep/1200/lp/v0/tan_b1_crit	0x1.d1745d1745d17p+0
margin/eq/steep/1200/lp/v0/m_i	0x1.5be8a152be7bcp-1
margin/eq/steep/1200/lp/v0/pi_op	0x1.3746d8f46e1a7p+1
margin/eq/steep/1200/lp/v0/sm_n	0x1.89a516c522da0p-3
margin/eq/steep/1200/lp/vmv/vsv	0x1.eb851eb851eb8p-4
margin/eq/steep/1200/lp/vmv/phi_op	0x1.a275e60e422d8p-1
margin/eq/steep/1200/lp/vmv/n	0x1.c8f5dde4313d0p-1
margin/eq/steep/1200/lp/vmv/m	0x1.7579f3a9ad4efp-1
margin/eq/steep/1200/lp/vmv/phi_surge	0x1.082a4433df56fp-1
margin/eq/steep/1200/lp/vmv/phi_surge_design	0x1.199999999999ap-1
margin/eq/steep/1200/lp/vmv/m_phi	0x1.349743b4c5ad2p-2
margin/eq/steep/1200/lp/vmv/tan_b1	0x1.1a811834007a0p+0
margin/eq/steep/1200/lp/vmv/tan_b1_crit	0x1.d1745d1745d17p+0
margin/eq/steep/1200/lp/vmv/m_i	0x1.6de689c68aaeep-1
margin/eq/steep/1200/lp/vmv/pi_op	0x1.368cc1849aa48p+1
margin/eq/steep/1200/lp/vmv/sm_n	0x1.0d4d7b6eb1478p-2
scan/eq/steep/1200/lp/n	0x1.6800000000000p+5
scan/eq/steep/1200/lp/v_edge	0x1.c28f5c28f5c2dp+0
scan/eq/steep/1200/lp/x_edge	0x1.46ddc26da2388p+0
scan/eq/steep/1200/lp/m_i_0	0x1.5be8a152be7bcp-1
scan/eq/steep/1200/lp/m_i_edge	0x1.958c97e814ae0p-1
throat/eq/steep/1200/lp/noC/area	0x1.0000000000000p+0
throat/eq/steep/1200/lp/noC/throat_loading	0x1.7659c04068ad9p-1
throat/eq/steep/1200/lp/noC/c_min	0x1.5e21b59f2221cp+0
throat/eq/steep/1200/lp/noC/capacity	0x0.0p+0
throat/eq/steep/1200/lp/noC/has_choke	0x0.0p+0
throat/eq/steep/1200/lp/C80/area	0x1.0000000000000p+0
throat/eq/steep/1200/lp/C80/throat_loading	0x1.7659c04068ad9p-1
throat/eq/steep/1200/lp/C80/c_min	0x1.5e21b59f2221cp+0
throat/eq/steep/1200/lp/C80/capacity	0x1.999999999999ap-1
throat/eq/steep/1200/lp/C80/has_choke	0x1.0000000000000p+0
throat/eq/steep/1200/lp/C80/m_c	0x1.a909ff98f21d8p-2
throat/eq/steep/1200/lp/C80/choked	0x0.0p+0
throat/eq/steep/1200/lp/C80/throat_mach_design	0x1.1b4d2d26ca3c0p-1
margin/eq/steep/1200/hp/v0/vsv	0x0.0p+0
margin/eq/steep/1200/hp/v0/phi_op	0x1.ee20e5fa82166p-1
margin/eq/steep/1200/hp/v0/n	0x1.cfd176e219930p-1
margin/eq/steep/1200/hp/v0/m	0x1.bfa0e721b39a1p-1
margin/eq/steep/1200/hp/v0/phi_surge	0x1.199999999999ap-1
margin/eq/steep/1200/hp/v0/phi_surge_design	0x1.199999999999ap-1
margin/eq/steep/1200/hp/v0/m_phi	0x1.a90e98c1d0f98p-2
margin/eq/steep/1200/hp/v0/tan_b1	0x1.094249490e665p+0
margin/eq/steep/1200/hp/v0/tan_b1_crit	0x1.d1745d1745d17p+0
margin/eq/steep/1200/hp/v0/m_i	0x1.9064279c6ed64p-1
margin/eq/steep/1200/hp/v0/pi_op	0x1.31e6dfcc8ff76p+2
margin/eq/steep/1200/hp/v0/sm_n	0x1.0c2d7bdb4c758p-1
margin/eq/steep/1200/hp/vmv/vsv	0x1.eb851eb851eb8p-4
margin/eq/steep/1200/hp/vmv/phi_op	0x1.c831dd26b2f73p-1
margin/eq/steep/1200/hp/vmv/n	0x1.f52f71daac982p-1
margin/eq/steep/1200/hp/vmv/m	0x1.be8f10ec037edp-1
margin/eq/steep/1200/hp/vmv/phi_surge	0x1.082a4433df56fp-1
margin/eq/steep/1200/hp/vmv/phi_surge_design	0x1.199999999999ap-1
margin/eq/steep/1200/hp/vmv/m_phi	0x1.800f31e5a7408p-2
margin/eq/steep/1200/hp/vmv/tan_b1	0x1.00988ae3ea7e8p+0
margin/eq/steep/1200/hp/vmv/tan_b1_crit	0x1.d1745d1745d17p+0
margin/eq/steep/1200/hp/vmv/m_i	0x1.a1b7a466b6a5ep-1
margin/eq/steep/1200/hp/vmv/pi_op	0x1.312bbd1f9be4bp+2
margin/eq/steep/1200/hp/vmv/sm_n	0x1.7098e847ea35ep-1
scan/eq/steep/1200/hp/n	0x1.2000000000000p+5
scan/eq/steep/1200/hp/v_edge	0x1.6666666666669p+0
scan/eq/steep/1200/hp/x_edge	0x1.38ecdfd69a474p+0
scan/eq/steep/1200/hp/m_i_0	0x1.9064279c6ed64p-1
scan/eq/steep/1200/hp/m_i_edge	0x1.ae2cbcb1e6900p-1
throat/eq/steep/1200/hp/noC/area	0x1.0000000000000p+0
throat/eq/steep/1200/hp/noC/throat_loading	0x1.bfa0e721b39a1p-1
throat/eq/steep/1200/hp/noC/c_min	0x1.24d07106b6fd3p+0
throat/eq/steep/1200/hp/noC/capacity	0x0.0p+0
throat/eq/steep/1200/hp/noC/has_choke	0x0.0p+0
throat/eq/steep/1200/hp/C80/area	0x1.0000000000000p+0
throat/eq/steep/1200/hp/C80/throat_loading	0x1.bfa0e721b39a1p-1
throat/eq/steep/1200/hp/C80/c_min	0x1.24d07106b6fd3p+0
throat/eq/steep/1200/hp/C80/capacity	0x1.999999999999ap-1
throat/eq/steep/1200/hp/C80/has_choke	0x1.0000000000000p+0
throat/eq/steep/1200/hp/C80/m_c	0x1.33cb5afd47098p-2
throat/eq/steep/1200/hp/C80/choked	0x0.0p+0
throat/eq/steep/1200/hp/C80/throat_mach_design	0x1.1b4d2d26ca3c0p-1
margin/eq/flat_eta/1500/lp/v0/vsv	0x0.0p+0
margin/eq/flat_eta/1500/lp/v0/phi_op	0x1.ffffffffc8ab8p-1
margin/eq/flat_eta/1500/lp/v0/n	0x1.fffffffff3ff0p-1
margin/eq/flat_eta/1500/lp/v0/m	0x1.ffffffffbcaa8p-1
margin/eq/flat_eta/1500/lp/v0/phi_surge	0x1.199999999999ap-1
margin/eq/flat_eta/1500/lp/v0/phi_surge_design	0x1.199999999999ap-1
margin/eq/flat_eta/1500/lp/v0/m_phi	0x1.cccccccc5e23cp-2
margin/eq/flat_eta/1500/lp/v0/tan_b1	0x1.000000001baa4p+0
margin/eq/flat_eta/1500/lp/v0/tan_b1_crit	0x1.d1745d1745d17p+0
margin/eq/flat_eta/1500/lp/v0/m_i	0x1.a2e8ba2e544e6p-1
margin/eq/flat_eta/1500/lp/v0/pi_op	0x1.800000003e618p+1
margin/eq/flat_eta/1500/lp/v0/sm_n	0x1.3dab45253b140p-2
margin/eq/flat_eta/1500/lp/vmv/vsv	0x1.eb851eb851eb8p-4
margin/eq/flat_eta/1500/lp/vmv/phi_op	0x1.db057b89b3a76p-1
margin/eq/flat_eta/1500/lp/vmv/n	0x1.13edb9819a37bp+0
margin/eq/flat_eta/1500/lp/vmv/m	0x1.ffffffffbcaa8p-1
margin/eq/flat_eta/1500/lp/vmv/phi_surge	0x1.082a4433df56fp-1
margin/eq/flat_eta/1500/lp/vmv/phi_surge_design	0x1.199999999999ap-1
margin/eq/flat_eta/1500/lp/vmv/m_phi	0x1.a5b66eaba8a0ep-2
margin/eq/flat_eta/1500/lp/vmv/tan_b1	0x1.ea6acf2c72c55p-1
margin/eq/flat_eta/1500/lp/vmv/tan_b1_crit	0x1.d1745d1745d17p+0
margin/eq/flat_eta/1500/lp/vmv/m_i	0x1.b87deb0218dd9p-1
margin/eq/flat_eta/1500/lp/vmv/pi_op	0x1.800000003e5e7p+1
margin/eq/flat_eta/1500/lp/vmv/sm_n	0x1.c679e03c32048p-2
scan/eq/flat_eta/1500/lp/n	0x1.0000000000000p+5
scan/eq/flat_eta/1500/lp/v_edge	0x1.3d70a3d70a3d9p+0
scan/eq/flat_eta/1500/lp/x_edge	0x1.97cdd70e51be6p+0
scan/eq/flat_eta/1500/lp/m_i_0	0x1.a2e8ba2e544e6p-1
scan/eq/flat_eta/1500/lp/m_i_edge	0x1.149e9452f3196p+0
throat/eq/flat_eta/1500/lp/noC/area	0x1.0000000000000p+0
throat/eq/flat_eta/1500/lp/noC/throat_loading	0x1.ffffffffbcaa8p-1
throat/eq/flat_eta/1500/lp/noC/c_min	0x1.0000000021aacp+0
throat/eq/flat_eta/1500/lp/noC/capacity	0x0.0p+0
throat/eq/flat_eta/1500/lp/noC/has_choke	0x0.0p+0
throat/eq/flat_eta/1500/lp/C80/area	0x1.0000000000000p+0
throat/eq/flat_eta/1500/lp/C80/throat_loading	0x1.ffffffffbcaa8p-1
throat/eq/flat_eta/1500/lp/C80/c_min	0x1.0000000021aacp+0
throat/eq/flat_eta/1500/lp/C80/capacity	0x1.999999999999ap-1
throat/eq/flat_eta/1500/lp/C80/has_choke	0x1.0000000000000p+0
throat/eq/flat_eta/1500/lp/C80/m_c	0x1.9999999a71118p-3
throat/eq/flat_eta/1500/lp/C80/choked	0x0.0p+0
throat/eq/flat_eta/1500/lp/C80/throat_mach_design	0x1.1b4d2d26ca3c0p-1
margin/eq/flat_eta/1500/hp/v0/vsv	0x0.0p+0
margin/eq/flat_eta/1500/hp/v0/phi_op	0x1.ffffffffbf7eap-1
margin/eq/flat_eta/1500/hp/v0/n	0x1.ffffffffac234p-1
margin/eq/flat_eta/1500/hp/v0/m	0x1.ffffffff6ba1ep-1
margin/eq/flat_eta/1500/hp/v0/phi_surge	0x1.199999999999ap-1
margin/eq/flat_eta/1500/hp/v0/phi_surge_design	0x1.199999999999ap-1
margin/eq/flat_eta/1500/hp/v0/m_phi	0x1.cccccccc4bca0p-2
margin/eq/flat_eta/1500/hp/v0/tan_b1	0x1.000000002040bp+0
margin/eq/flat_eta/1500/hp/v0/tan_b1_crit	0x1.d1745d1745d17p+0
margin/eq/flat_eta/1500/hp/v0/m_i	0x1.a2e8ba2e4b218p-1
margin/eq/flat_eta/1500/hp/v0/pi_op	0x1.7fffffff8fcc5p+2
margin/eq/flat_eta/1500/hp/v0/sm_n	0x1.98734253966a2p-1
margin/eq/flat_eta/1500/hp/vmv/vsv	0x1.eb851eb851eb8p-4
margin/eq/flat_eta/1500/hp/vmv/phi_op	0x1.d911aea8abefap-1
margin/eq/flat_eta/1500/hp/vmv/n	0x1.15113eaf594a9p+0
margin/eq/flat_eta/1500/hp/vmv/m	0x1.ffffffff6ba1ep-1
margin/eq/flat_eta/1500/hp/vmv/phi_surge	0x1.082a4433df56fp-1
margin/eq/flat_eta/1500/hp/vmv/phi_surge_design	0x1.199999999999ap-1
margin/eq/flat_eta/1500/hp/vmv/m_phi	0x1.a1ced4e999316p-2
margin/eq/flat_eta/1500/hp/vmv/tan_b1	0x1.ecb1d98848eb9p-1
margin/eq/flat_eta/1500/hp/vmv/tan_b1_crit	0x1.d1745d1745d17p+0
margin/eq/flat_eta/1500/hp/vmv/m_i	0x1.b636e0a642b75p-1
margin/eq/flat_eta/1500/hp/vmv/pi_op	0x1.7fffffff8fc7dp+2
margin/eq/flat_eta/1500/hp/vmv/sm_n	0x1.22434c4d48af2p+0
scan/eq/flat_eta/1500/hp/n	0x1.f000000000000p+4
scan/eq/flat_eta/1500/hp/v_edge	0x1.3333333333335p+0
scan/eq/flat_eta/1500/hp/x_edge	0x1.8fe28129debe0p+0
scan/eq/flat_eta/1500/hp/m_i_0	0x1.a2e8ba2e4b218p-1
scan/eq/flat_eta/1500/hp/m_i_edge	0x1.0a87ee0eef68bp+0
throat/eq/flat_eta/1500/hp/noC/area	0x1.0000000000000p+0
throat/eq/flat_eta/1500/hp/noC/throat_loading	0x1.ffffffff6ba1ep-1
throat/eq/flat_eta/1500/hp/noC/c_min	0x1.000000004a2f1p+0
throat/eq/flat_eta/1500/hp/noC/capacity	0x0.0p+0
throat/eq/flat_eta/1500/hp/noC/has_choke	0x0.0p+0
throat/eq/flat_eta/1500/hp/C80/area	0x1.0000000000000p+0
throat/eq/flat_eta/1500/hp/C80/throat_loading	0x1.ffffffff6ba1ep-1
throat/eq/flat_eta/1500/hp/C80/c_min	0x1.000000004a2f1p+0
throat/eq/flat_eta/1500/hp/C80/capacity	0x1.999999999999ap-1
throat/eq/flat_eta/1500/hp/C80/has_choke	0x1.0000000000000p+0
throat/eq/flat_eta/1500/hp/C80/m_c	0x1.9999999b74604p-3
throat/eq/flat_eta/1500/hp/C80/choked	0x0.0p+0
throat/eq/flat_eta/1500/hp/C80/throat_mach_design	0x1.1b4d2d26ca3c0p-1
margin/eq/flat_eta/1200/lp/v0/vsv	0x0.0p+0
margin/eq/flat_eta/1200/lp/v0/phi_op	0x1.bb5f89e19b3d8p-1
margin/eq/flat_eta/1200/lp/v0/n	0x1.b3d9022dfdd3cp-1
margin/eq/flat_eta/1200/lp/v0/m	0x1.796d978650c0ap-1
margin/eq/flat_eta/1200/lp/v0/phi_surge	0x1.199999999999ap-1
margin/eq/flat_eta/1200/lp/v0/phi_surge_design	0x1.199999999999ap-1
margin/eq/flat_eta/1200/lp/v0/m_phi	0x1.438be0900347cp-2
margin/eq/flat_eta/1200/lp/v0/tan_b1	0x1.279fe235253b9p+0
margin/eq/flat_eta/1200/lp/v0/tan_b1_crit	0x1.d1745d1745d17p+0
margin/eq/flat_eta/1200/lp/v0/m_i	0x1.53a8f5c4412bcp-1
margin/eq/flat_eta/1200/lp/v0/pi_op	0x1.393782ca5a91cp+1
margin/eq/flat_eta/1200/lp/v0/sm_n	0x1.3e9aeb60b2018p-3
margin/eq/flat_eta/1200/lp/vmv/vsv	0x1.eb851eb851eb8p-4
margin/eq/flat_eta/1200/lp/vmv/phi_op	0x1.a019ac960c88ep-1
margin/eq/flat_eta/1200/lp/vmv/n	0x1.d06a385c086a0p-1
margin/eq/flat_eta/1200/lp/vmv/m	0x1.796d978650c0ap-1
margin/eq/flat_eta/1200/lp/vmv/phi_surge	0x1.082a4433df56fp-1
margin/eq/flat_eta/1200/lp/vmv/phi_surge_design	0x1.199999999999ap-1
margin/eq/flat_eta/1200/lp/vmv/m_phi	0x1.2fded0c45a63ep-2
margin/eq/flat_eta/1200/lp/vmv/tan_b1	0x1.1c47ee750ab94p+0
margin/eq/flat_eta/1200/lp/vmv/tan_b1_crit	0x1.d1745d1745d17p+0
margin/eq/flat_eta/1200/lp/vmv/m_i	0x1.6a58dd4476306p-1
margin/eq/flat_eta/1200/lp/vmv/pi_op	0x1.393782ca5a96ap+1
margin/eq/flat_eta/1200/lp/vmv/sm_n	0x1.c47dbf97b98e0p-3
scan/eq/flat_eta/1200/lp/n	0x1.8000000000000p+5
scan/eq/flat_eta/1200/lp/v_edge	0x1.e147ae147ae19p+0
scan/eq/flat_eta/1200/lp/x_edge	0x1.91d9a3da8b8f5p+0
scan/eq/flat_eta/1200/lp/m_i_0	0x1.53a8f5c4412bcp-1
scan/eq/flat_eta/1200/lp/m_i_edge	0x1.063f797cc36c4p+0
throat/eq/flat_eta/1200/lp/noC/area	0x1.0000000000000p+0
throat/eq/flat_eta/1200/lp/noC/throat_loading	0x1.796d978650c0ap-1
throat/eq/flat_eta/1200/lp/noC/c_min	0x1.5b46d8cee676cp+0
throat/eq/flat_eta/1200/lp/noC/capacity	0x0.0p+0
throat/eq/flat_eta/1200/lp/noC/has_choke	0x0.0p+0
throat/eq/flat_eta/1200/lp/C80/area	0x1.0000000000000p+0
throat/eq/flat_eta/1200/lp/C80/throat_loading	0x1.796d978650c0ap-1
throat/eq/flat_eta/1200/lp/C80/c_min	0x1.5b46d8cee676cp+0
throat/eq/flat_eta/1200/lp/C80/capacity	0x1.999999999999ap-1
throat/eq/flat_eta/1200/lp/C80/has_choke	0x1.0000000000000p+0
throat/eq/flat_eta/1200/lp/C80/m_c	0x1.a41d73f5e5322p-2
throat/eq/flat_eta/1200/lp/C80/choked	0x0.0p+0
throat/eq/flat_eta/1200/lp/C80/throat_mach_design	0x1.1b4d2d26ca3c0p-1
margin/eq/flat_eta/1200/hp/v0/vsv	0x0.0p+0
margin/eq/flat_eta/1200/hp/v0/phi_op	0x1.edb307579fa62p-1
margin/eq/flat_eta/1200/hp/v0/n	0x1.d123809d73082p-1
margin/eq/flat_eta/1200/hp/v0/m	0x1.c08353eca9230p-1
margin/eq/flat_eta/1200/hp/v0/phi_surge	0x1.199999999999ap-1
margin/eq/flat_eta/1200/hp/v0/phi_surge_design	0x1.199999999999ap-1
margin/eq/flat_eta/1200/hp/v0/m_phi	0x1.a832db7c0c190p-2
margin/eq/flat_eta/1200/hp/v0/tan_b1	0x1.097d5166b4161p+0
margin/eq/flat_eta/1200/hp/v0/tan_b1_crit	0x1.d1745d1745d17p+0
margin/eq/flat_eta/1200/hp/v0/m_i	0x1.8fee17612376cp-1
margin/eq/flat_eta/1200/hp/v0/pi_op	0x1.32819bf5da8f9p+2
margin/eq/flat_eta/1200/hp/v0/sm_n	0x1.311af125a7bf4p-1
margin/eq/flat_eta/1200/hp/vmv/vsv	0x1.eb851eb851eb8p-4
margin/eq/flat_eta/1200/hp/vmv/phi_op	0x1.c9bf0ad4a230fp-1
margin/eq/flat_eta/1200/hp/vmv/n	0x1.f5ac21298bd16p-1
margin/eq/flat_eta/1200/hp/vmv/m	0x1.c08353eca9230p-1
margin/eq/flat_eta/1200/hp/vmv/phi_surge	0x1.082a4433df56fp-1
margin/eq/flat_eta/1200/hp/vmv/phi_surge_design	0x1.199999999999ap-1
margin/eq/flat_eta/1200/hp/vmv/m_phi	0x1.83298d4185b40p-2
margin/eq/flat_eta/1200/hp/vmv/tan_b1	0x1.ff3e7cb63c9a7p-1
margin/eq/flat_eta/1200/hp/vmv/tan_b1_crit	0x1.d1745d1745d17p+0
margin/eq/flat_eta/1200/hp/vmv/m_i	0x1.a3aa3d784f087p-1
margin/eq/flat_eta/1200/hp/vmv/pi_op	0x1.32819bf5da89ap+2
margin/eq/flat_eta/1200/hp/vmv/sm_n	0x1.aabc13a328544p-1
scan/eq/flat_eta/1200/hp/n	0x1.3000000000000p+5
scan/eq/flat_eta/1200/hp/v_edge	0x1.7ae147ae147b1p+0
scan/eq/flat_eta/1200/hp/x_edge	0x1.908f5deaa6f57p+0
scan/eq/flat_eta/1200/hp/m_i_0	0x1.8fee17612376cp-1
scan/eq/flat_eta/1200/hp/m_i_edge	0x1.0967a49b740acp+0
throat/eq/flat_eta/1200/hp/noC/area	0x1.0000000000000p+0
throat/eq/flat_eta/1200/hp/noC/throat_loading	0x1.c08353eca9230p-1
throat/eq/flat_eta/1200/hp/noC/c_min	0x1.243c9e62ef768p+0
throat/eq/flat_eta/1200/hp/noC/capacity	0x0.0p+0
throat/eq/flat_eta/1200/hp/noC/has_choke	0x0.0p+0
throat/eq/flat_eta/1200/hp/C80/area	0x1.0000000000000p+0
throat/eq/flat_eta/1200/hp/C80/throat_loading	0x1.c08353eca9230p-1
throat/eq/flat_eta/1200/hp/C80/c_min	0x1.243c9e62ef768p+0
throat/eq/flat_eta/1200/hp/C80/capacity	0x1.999999999999ap-1
throat/eq/flat_eta/1200/hp/C80/has_choke	0x1.0000000000000p+0
throat/eq/flat_eta/1200/hp/C80/m_c	0x1.326113522494cp-2
throat/eq/flat_eta/1200/hp/C80/choked	0x0.0p+0
throat/eq/flat_eta/1200/hp/C80/throat_mach_design	0x1.1b4d2d26ca3c0p-1
