# slice X step 4 -- rung 64 ORACLE, the SUITE's grid. key<TAB>u64 (floats are IEEE-754 bits).
A/shaped/shut/0.01/nu_at_min_lp	4605164447551058811
A/shaped/shut/0.01/s_at_min_lp	4597454643604897139
A/shaped/shut/0.01/b_at_min_lp	0
A/shaped/shut/0.01/plateau_span	0
A/shaped/shut/0.01/min_phi_lp	4604799549368871315
A/shaped/shut/0.01/min_phi_hp	4605931936772378741
A/shaped/shut/0.01/m_i_lp	4601930627613292676
A/shaped/shut/0.01/m_i_hp	4604092670483729846
A/shaped/shut/0.01/b_int	0
A/shaped/shut/0.01/b_peak	0
A/shaped/shut/0.01/b_end	0
A/shaped/shut/0.01/thrust_int	4650801261634543805
A/shaped/shut/0.01/thrust_end	4648543308794791794
A/shaped/shut/0.01/nu_lp_end	4606657350116812478
A/shaped/shut/0.01/nu_hp_end	4606756500544752226
A/shaped/shut/0.01/Tt4_peak	4655171289206781273
A/shaped/shut/0.01/nu0_lp	4604982328959340258
A/shaped/shut/0.01/nu0_hp	4605289037695390238
A/shaped/shut/0.01/plateau_pts	1
A/shaped/shut/0.01/npts	171
A/shaped/shut/0.005/nu_at_min_lp	4605171826847756852
A/shaped/shut/0.005/s_at_min_lp	4597634787589991961
A/shaped/shut/0.005/b_at_min_lp	0
A/shaped/shut/0.005/plateau_span	0
A/shaped/shut/0.005/min_phi_lp	4604799488634795072
A/shaped/shut/0.005/min_phi_hp	4605931936771492825
A/shaped/shut/0.005/m_i_lp	4601930403037959484
A/shaped/shut/0.005/m_i_hp	4604092670482535264
A/shaped/shut/0.005/b_int	0
A/shaped/shut/0.005/b_peak	0
A/shaped/shut/0.005/b_end	0
A/shaped/shut/0.005/thrust_int	4650801265169152123
A/shaped/shut/0.005/thrust_end	4648543308795182111
A/shaped/shut/0.005/nu_lp_end	4606657350117138083
A/shaped/shut/0.005/nu_hp_end	4606756500545060501
A/shaped/shut/0.005/Tt4_peak	4655171289208082032
A/shaped/shut/0.005/nu0_lp	4604982328959340258
A/shaped/shut/0.005/nu0_hp	4605289037695390238
A/shaped/shut/0.005/plateau_pts	1
A/shaped/shut/0.005/npts	341
A/shaped/shut/0.0025/nu_at_min_lp	4605168122257014210
A/shaped/shut/0.0025/s_at_min_lp	4597544715597444552
A/shaped/shut/0.0025/b_at_min_lp	0
A/shaped/shut/0.0025/plateau_span	0
A/shaped/shut/0.0025/min_phi_lp	4604799483818305511
A/shaped/shut/0.0025/min_phi_hp	4605931936771438137
A/shaped/shut/0.0025/m_i_lp	4601930385227933904
A/shaped/shut/0.0025/m_i_hp	4604092670482461522
A/shaped/shut/0.0025/b_int	0
A/shaped/shut/0.0025/b_peak	0
A/shaped/shut/0.0025/b_end	0
A/shaped/shut/0.0025/thrust_int	4650801266052828258
A/shaped/shut/0.0025/thrust_end	4648543308795206279
A/shaped/shut/0.0025/nu_lp_end	4606657350117158248
A/shaped/shut/0.0025/nu_hp_end	4606756500545079593
A/shaped/shut/0.0025/Tt4_peak	4655171289208162249
A/shaped/shut/0.0025/nu0_lp	4604982328959340258
A/shaped/shut/0.0025/nu0_hp	4605289037695390238
A/shaped/shut/0.0025/plateau_pts	1
A/shaped/shut/0.0025/npts	681
A/shaped/constant/0.01/nu_at_min_lp	4604987894006499484
A/shaped/constant/0.01/s_at_min_lp	4598175219545276417
A/shaped/constant/0.01/b_at_min_lp	4591870180066957722
A/shaped/constant/0.01/plateau_span	0
A/shaped/constant/0.01/min_phi_lp	4605466683414737686
A/shaped/constant/0.01/min_phi_hp	4605955855252962298
A/shaped/constant/0.01/m_i_lp	4603425285595083316
A/shaped/constant/0.01/m_i_hp	4604124823379059766
A/shaped/constant/0.01/b_int	4595292915783759303
A/shaped/constant/0.01/b_peak	4591870180066957722
A/shaped/constant/0.01/b_end	4591870180066957722
A/shaped/constant/0.01/thrust_int	4650336187503116581
A/shaped/constant/0.01/thrust_end	4648211851391478779
A/shaped/constant/0.01/nu_lp_end	4606432914226888154
A/shaped/constant/0.01/nu_hp_end	4606765972203290703
A/shaped/constant/0.01/Tt4_peak	4655171262374351939
A/shaped/constant/0.01/nu0_lp	4604783187951592844
A/shaped/constant/0.01/nu0_hp	4605298251040767919
A/shaped/constant/0.01/plateau_pts	1
A/shaped/constant/0.01/npts	171
A/shaped/constant/0.005/nu_at_min_lp	4604980427663705914
A/shaped/constant/0.005/s_at_min_lp	4597995075560181601
A/shaped/constant/0.005/b_at_min_lp	4591870180066957722
A/shaped/constant/0.005/plateau_span	0
A/shaped/constant/0.005/min_phi_lp	4605466682752046344
A/shaped/constant/0.005/min_phi_hp	4605955855252175692
A/shaped/constant/0.005/m_i_lp	4603425284583826596
A/shaped/constant/0.005/m_i_hp	4604124823378005604
A/shaped/constant/0.005/b_int	4595292915783759278
A/shaped/constant/0.005/b_peak	4591870180066957722
A/shaped/constant/0.005/b_end	4591870180066957722
A/shaped/constant/0.005/thrust_int	4650336190824274878
A/shaped/constant/0.005/thrust_end	4648211851391782885
A/shaped/constant/0.005/nu_lp_end	4606432914227176507
A/shaped/constant/0.005/nu_hp_end	4606765972203550610
A/shaped/constant/0.005/Tt4_peak	4655171262375523449
A/shaped/constant/0.005/nu0_lp	4604783187951592844
A/shaped/constant/0.005/nu0_hp	4605298251040767919
A/shaped/constant/0.005/plateau_pts	1
A/shaped/constant/0.005/npts	341
A/shaped/constant/0.0025/nu_at_min_lp	4604984146888502421
A/shaped/constant/0.0025/s_at_min_lp	4598085147552729012
A/shaped/constant/0.0025/b_at_min_lp	4591870180066957722
A/shaped/constant/0.0025/plateau_span	0
A/shaped/constant/0.0025/min_phi_lp	4605466648658137414
A/shaped/constant/0.0025/min_phi_hp	4605955855252127100
A/shaped/constant/0.0025/m_i_lp	4603425232556801876
A/shaped/constant/0.0025/m_i_hp	4604124823377940484
A/shaped/constant/0.0025/b_int	4595292915783759291
A/shaped/constant/0.0025/b_peak	4591870180066957722
A/shaped/constant/0.0025/b_end	4591870180066957722
A/shaped/constant/0.0025/thrust_int	4650336191654602536
A/shaped/constant/0.0025/thrust_end	4648211851391801742
A/shaped/constant/0.0025/nu_lp_end	4606432914227194376
A/shaped/constant/0.0025/nu_hp_end	4606765972203566716
A/shaped/constant/0.0025/Tt4_peak	4655171262375595754
A/shaped/constant/0.0025/nu0_lp	4604783187951592844
A/shaped/constant/0.0025/nu0_hp	4605298251040767919
A/shaped/constant/0.0025/plateau_pts	1
A/shaped/constant/0.0025/npts	681
A/shaped/schedule/0.01/nu_at_min_lp	4605083009707900155
A/shaped/schedule/0.01/s_at_min_lp	4598715651500560877
A/shaped/schedule/0.01/b_at_min_lp	4589995096156265018
A/shaped/schedule/0.01/plateau_span	0
A/shaped/schedule/0.01/min_phi_lp	4605279022236021341
A/shaped/schedule/0.01/min_phi_hp	4605929767900028129
A/shaped/schedule/0.01/m_i_lp	4603131352585273360
A/shaped/schedule/0.01/m_i_hp	4604089745125440468
A/shaped/schedule/0.01/b_int	4588958108794180963
A/shaped/schedule/0.01/b_peak	4590756127448420155
A/shaped/schedule/0.01/b_end	4575888992355508925
A/shaped/schedule/0.01/thrust_int	4650699870266261535
A/shaped/schedule/0.01/thrust_end	4648522648320259073
A/shaped/schedule/0.01/nu_lp_end	4606627136584530229
A/shaped/schedule/0.01/nu_hp_end	4606773565959382758
A/shaped/schedule/0.01/Tt4_peak	4655278345260174709
A/shaped/schedule/0.01/nu0_lp	4604813412686236824
A/shaped/schedule/0.01/nu0_hp	4605296759753563736
A/shaped/schedule/0.01/plateau_pts	1
A/shaped/schedule/0.01/npts	171
A/shaped/schedule/0.005/nu_at_min_lp	4605091835181655293
A/shaped/schedule/0.005/s_at_min_lp	4598805723493108288
A/shaped/schedule/0.005/b_at_min_lp	4589968114564293864
A/shaped/schedule/0.005/plateau_span	0
A/shaped/schedule/0.005/min_phi_lp	4605278918407575555
A/shaped/schedule/0.005/min_phi_hp	4605929767899192248
A/shaped/schedule/0.005/m_i_lp	4603131185660628688
A/shaped/schedule/0.005/m_i_hp	4604089745124312722
A/shaped/schedule/0.005/b_int	4588958113562894298
A/shaped/schedule/0.005/b_peak	4590756127448420155
A/shaped/schedule/0.005/b_end	4575888992350487187
A/shaped/schedule/0.005/thrust_int	4650699873984613129
A/shaped/schedule/0.005/thrust_end	4648522648320669742
A/shaped/schedule/0.005/nu_lp_end	4606627136584845643
A/shaped/schedule/0.005/nu_hp_end	4606773565959721561
A/shaped/schedule/0.005/Tt4_peak	4655278345261451909
A/shaped/schedule/0.005/nu0_lp	4604813412686236824
A/shaped/schedule/0.005/nu0_hp	4605296759753563736
A/shaped/schedule/0.005/plateau_pts	1
A/shaped/schedule/0.005/npts	341
A/shaped/schedule/0.0025/nu_at_min_lp	4605091835181615011
A/shaped/schedule/0.0025/s_at_min_lp	4598805723493108289
A/shaped/schedule/0.0025/b_at_min_lp	4589968114564417271
A/shaped/schedule/0.0025/plateau_span	0
A/shaped/schedule/0.0025/min_phi_lp	4605278918407529234
A/shaped/schedule/0.0025/min_phi_hp	4605929765940499641
A/shaped/schedule/0.0025/m_i_lp	4603131185660554216
A/shaped/schedule/0.0025/m_i_hp	4604089742481703676
A/shaped/schedule/0.0025/b_int	4588958114754866421
A/shaped/schedule/0.0025/b_peak	4590756127448420155
A/shaped/schedule/0.0025/b_end	4575888992350175931
A/shaped/schedule/0.0025/thrust_int	4650699874914223665
A/shaped/schedule/0.0025/thrust_end	4648522648320695180
A/shaped/schedule/0.0025/nu_lp_end	4606627136584865193
A/shaped/schedule/0.0025/nu_hp_end	4606773565959742546
A/shaped/schedule/0.0025/Tt4_peak	4655278345261530701
A/shaped/schedule/0.0025/nu0_lp	4604813412686236824
A/shaped/schedule/0.0025/nu0_hp	4605296759753563736
A/shaped/schedule/0.0025/plateau_pts	1
A/shaped/schedule/0.0025/npts	681
A/shaped/floor/0.01/nu_at_min_lp	4605329178472880254
A/shaped/floor/0.01/s_at_min_lp	4600517091351509077
A/shaped/floor/0.01/b_at_min_lp	4590098871193709590
A/shaped/floor/0.01/plateau_span	4603219251127931374
A/shaped/floor/0.01/min_phi_lp	4605380978949069203
A/shaped/floor/0.01/min_phi_hp	4605927247125252914
A/shaped/floor/0.01/m_i_lp	4603292946394561060
A/shaped/floor/0.01/m_i_hp	4604086343067020004
A/shaped/floor/0.01/b_int	4585673235142090293
A/shaped/floor/0.01/b_peak	4591295256929801503
A/shaped/floor/0.01/b_end	0
A/shaped/floor/0.01/thrust_int	4650758415189865257
A/shaped/floor/0.01/thrust_end	4648544819871707979
A/shaped/floor/0.01/nu_lp_end	4606651155591067671
A/shaped/floor/0.01/nu_hp_end	4606764086145007134
A/shaped/floor/0.01/Tt4_peak	4655254723821148742
A/shaped/floor/0.01/nu0_lp	4604908498284992449
A/shaped/floor/0.01/nu0_hp	4605292294839495533
A/shaped/floor/0.01/plateau_pts	57
A/shaped/floor/0.01/npts	171
A/shaped/floor/0.005/nu_at_min_lp	4604927021932027750
A/shaped/floor/0.005/s_at_min_lp	4590068740216009523
A/shaped/floor/0.005/b_at_min_lp	4589487508556950154
A/shaped/floor/0.005/plateau_span	4603264287124205080
A/shaped/floor/0.005/min_phi_lp	4605380978949069199
A/shaped/floor/0.005/min_phi_hp	4605927156564381428
A/shaped/floor/0.005/m_i_lp	4603292946394561054
A/shaped/floor/0.005/m_i_hp	4604086220804149282
A/shaped/floor/0.005/b_int	4585673065612226810
A/shaped/floor/0.005/b_peak	4591295486804929334
A/shaped/floor/0.005/b_end	0
A/shaped/floor/0.005/thrust_int	4650758419622632908
A/shaped/floor/0.005/thrust_end	4648544819924436313
A/shaped/floor/0.005/nu_lp_end	4606651155308096921
A/shaped/floor/0.005/nu_hp_end	4606764086467125264
A/shaped/floor/0.005/Tt4_peak	4655254723822170515
A/shaped/floor/0.005/nu0_lp	4604908498284992449
A/shaped/floor/0.005/nu0_hp	4605292294839495533
A/shaped/floor/0.005/plateau_pts	114
A/shaped/floor/0.005/npts	341
A/shaped/floor/0.0025/nu_at_min_lp	4605451459551796541
A/shaped/floor/0.0025/s_at_min_lp	4601552919265804294
A/shaped/floor/0.0025/b_at_min_lp	4588873522490992323
A/shaped/floor/0.0025/plateau_span	4603264287124205067
A/shaped/floor/0.0025/min_phi_lp	4605380978949069197
A/shaped/floor/0.0025/min_phi_hp	4605927156564337744
A/shaped/floor/0.0025/m_i_lp	4603292946394561050
A/shaped/floor/0.0025/m_i_hp	4604086220804090306
A/shaped/floor/0.0025/b_int	4585673164388127719
A/shaped/floor/0.0025/b_peak	4591295768690901187
A/shaped/floor/0.0025/b_end	0
A/shaped/floor/0.0025/thrust_int	4650758420368742314
A/shaped/floor/0.0025/thrust_end	4648544819917442308
A/shaped/floor/0.0025/nu_lp_end	4606651155346253675
A/shaped/floor/0.0025/nu_hp_end	4606764086423864605
A/shaped/floor/0.0025/Tt4_peak	4655254723822233707
A/shaped/floor/0.0025/nu0_lp	4604908498284992449
A/shaped/floor/0.0025/nu0_hp	4605292294839495533
A/shaped/floor/0.0025/plateau_pts	227
A/shaped/floor/0.0025/npts	681
A/tilted/shut/0.01/nu_at_min_lp	4605110124983229183
A/tilted/shut/0.01/s_at_min_lp	4597814931575086779
A/tilted/shut/0.01/b_at_min_lp	0
A/tilted/shut/0.01/plateau_span	0
A/tilted/shut/0.01/min_phi_lp	4604816885272376618
A/tilted/shut/0.01/min_phi_hp	4605824122691942317
A/tilted/shut/0.01/m_i_lp	4601994562375666376
A/tilted/shut/0.01/m_i_hp	4603945243186992290
A/tilted/shut/0.01/b_int	0
A/tilted/shut/0.01/b_peak	0
A/tilted/shut/0.01/b_end	0
A/tilted/shut/0.01/thrust_int	4650791853150948251
A/tilted/shut/0.01/thrust_end	4648546225228618254
A/tilted/shut/0.01/nu_lp_end	4606624913042051461
A/tilted/shut/0.01/nu_hp_end	4606777406341480676
A/tilted/shut/0.01/Tt4_peak	4655202117472036535
A/tilted/shut/0.01/nu0_lp	4604913281786746876
A/tilted/shut/0.01/nu0_hp	4605312553865854599
A/tilted/shut/0.01/plateau_pts	1
A/tilted/shut/0.01/npts	171
A/tilted/shut/0.005/nu_at_min_lp	4605110124982591424
A/tilted/shut/0.005/s_at_min_lp	4597814931575086781
A/tilted/shut/0.005/b_at_min_lp	0
A/tilted/shut/0.005/plateau_span	0
A/tilted/shut/0.005/min_phi_lp	4604816885271391075
A/tilted/shut/0.005/min_phi_hp	4605824122690869480
A/tilted/shut/0.005/m_i_lp	4601994562372041180
A/tilted/shut/0.005/m_i_hp	4603945243185504592
A/tilted/shut/0.005/b_int	0
A/tilted/shut/0.005/b_peak	0
A/tilted/shut/0.005/b_end	0
A/tilted/shut/0.005/thrust_int	4650791856740535560
A/tilted/shut/0.005/thrust_end	4648546225228995218
A/tilted/shut/0.005/nu_lp_end	4606624913042330181
A/tilted/shut/0.005/nu_hp_end	4606777406341811995
A/tilted/shut/0.005/Tt4_peak	4655202117473482314
A/tilted/shut/0.005/nu0_lp	4604913281786746876
A/tilted/shut/0.005/nu0_hp	4605312553865854599
A/tilted/shut/0.005/plateau_pts	1
A/tilted/shut/0.005/npts	341
A/tilted/shut/0.0025/nu_at_min_lp	4605110124982551998
A/tilted/shut/0.0025/s_at_min_lp	4597814931575086782
A/tilted/shut/0.0025/b_at_min_lp	0
A/tilted/shut/0.0025/plateau_span	0
A/tilted/shut/0.0025/min_phi_lp	4604816885271330182
A/tilted/shut/0.0025/min_phi_hp	4605824122690803273
A/tilted/shut/0.0025/m_i_lp	4601994562371817196
A/tilted/shut/0.0025/m_i_hp	4603945243185412782
A/tilted/shut/0.0025/b_int	0
A/tilted/shut/0.0025/b_peak	0
A/tilted/shut/0.0025/b_end	0
A/tilted/shut/0.0025/thrust_int	4650791857637987006
A/tilted/shut/0.0025/thrust_end	4648546225229018568
A/tilted/shut/0.0025/nu_lp_end	4606624913042347459
A/tilted/shut/0.0025/nu_hp_end	4606777406341832510
A/tilted/shut/0.0025/Tt4_peak	4655202117473571485
A/tilted/shut/0.0025/nu0_lp	4604913281786746876
A/tilted/shut/0.0025/nu0_hp	4605312553865854599
A/tilted/shut/0.0025/plateau_pts	1
A/tilted/shut/0.0025/npts	681
A/tilted/constant/0.01/nu_at_min_lp	4604937053044168253
A/tilted/constant/0.01/s_at_min_lp	4598175219545276417
A/tilted/constant/0.01/b_at_min_lp	4591870180066957722
A/tilted/constant/0.01/plateau_span	0
A/tilted/constant/0.01/min_phi_lp	4605458027371211108
A/tilted/constant/0.01/min_phi_hp	4605846345473103506
A/tilted/constant/0.01/m_i_lp	4603412060908338318
A/tilted/constant/0.01/m_i_hp	4603975970152725740
A/tilted/constant/0.01/b_int	4595292915783759303
A/tilted/constant/0.01/b_peak	4591870180066957722
A/tilted/constant/0.01/b_end	4591870180066957722
A/tilted/constant/0.01/thrust_int	4650323006556919944
A/tilted/constant/0.01/thrust_end	4648214988732975805
A/tilted/constant/0.01/nu_lp_end	4606430121019106027
A/tilted/constant/0.01/nu_hp_end	4606787748291329975
A/tilted/constant/0.01/Tt4_peak	4655211727656915952
A/tilted/constant/0.01/nu0_lp	4604733616488906831
A/tilted/constant/0.01/nu0_hp	4605320577181342010
A/tilted/constant/0.01/plateau_pts	1
A/tilted/constant/0.01/npts	171
A/tilted/constant/0.005/nu_at_min_lp	4604944608106297792
A/tilted/constant/0.005/s_at_min_lp	4598265291537823828
A/tilted/constant/0.005/b_at_min_lp	4591870180066957722
A/tilted/constant/0.005/plateau_span	0
A/tilted/constant/0.005/min_phi_lp	4605457893937411616
A/tilted/constant/0.005/min_phi_hp	4605846345472156999
A/tilted/constant/0.005/m_i_lp	4603411856802395640
A/tilted/constant/0.005/m_i_hp	4603975970151420816
A/tilted/constant/0.005/b_int	4595292915783759278
A/tilted/constant/0.005/b_peak	4591870180066957722
A/tilted/constant/0.005/b_end	4591870180066957722
A/tilted/constant/0.005/thrust_int	4650323009934650024
A/tilted/constant/0.005/thrust_end	4648214988733260826
A/tilted/constant/0.005/nu_lp_end	4606430121019336569
A/tilted/constant/0.005/nu_hp_end	4606787748291610666
A/tilted/constant/0.005/Tt4_peak	4655211727658205118
A/tilted/constant/0.005/nu0_lp	4604733616488906831
A/tilted/constant/0.005/nu0_hp	4605320577181342010
A/tilted/constant/0.005/plateau_pts	1
A/tilted/constant/0.005/npts	341
A/tilted/constant/0.0025/nu_at_min_lp	4604944608106259054
A/tilted/constant/0.0025/s_at_min_lp	4598265291537823829
A/tilted/constant/0.0025/b_at_min_lp	4591870180066957722
A/tilted/constant/0.0025/plateau_span	0
A/tilted/constant/0.0025/min_phi_lp	4605457893937355357
A/tilted/constant/0.0025/min_phi_hp	4605846335504975070
A/tilted/constant/0.0025/m_i_lp	4603411856802309582
A/tilted/constant/0.0025/m_i_hp	4603975956409916900
A/tilted/constant/0.0025/b_int	4595292915783759291
A/tilted/constant/0.0025/b_peak	4591870180066957722
A/tilted/constant/0.0025/b_end	4591870180066957722
A/tilted/constant/0.0025/thrust_int	4650323010779149694
A/tilted/constant/0.0025/thrust_end	4648214988733278514
A/tilted/constant/0.0025/nu_lp_end	4606430121019350877
A/tilted/constant/0.0025/nu_hp_end	4606787748291628075
A/tilted/constant/0.0025/Tt4_peak	4655211727658284701
A/tilted/constant/0.0025/nu0_lp	4604733616488906831
A/tilted/constant/0.0025/nu0_hp	4605320577181342010
A/tilted/constant/0.0025/plateau_pts	1
A/tilted/constant/0.0025/npts	681
A/tilted/schedule/0.01/nu_at_min_lp	4605042772689726867
A/tilted/schedule/0.01/s_at_min_lp	4598895795485655697
A/tilted/schedule/0.01/b_at_min_lp	4590116656713690645
A/tilted/schedule/0.01/plateau_span	0
A/tilted/schedule/0.01/min_phi_lp	4605288230251059763
A/tilted/schedule/0.01/min_phi_hp	4605818057536618219
A/tilted/schedule/0.01/m_i_lp	4603146136900286436
A/tilted/schedule/0.01/m_i_hp	4603936825986882428
A/tilted/schedule/0.01/b_int	4589297840917442548
A/tilted/schedule/0.01/b_peak	4590897114549855908
A/tilted/schedule/0.01/b_end	4576362805050602194
A/tilted/schedule/0.01/thrust_int	4650685115818745441
A/tilted/schedule/0.01/thrust_end	4648524177428125286
A/tilted/schedule/0.01/nu_lp_end	4606597972907307979
A/tilted/schedule/0.01/nu_hp_end	4606794220618640303
A/tilted/schedule/0.01/Tt4_peak	4655317538153124747
A/tilted/schedule/0.01/nu0_lp	4604756976198738096
A/tilted/schedule/0.01/nu0_hp	4605319440172176668
A/tilted/schedule/0.01/plateau_pts	1
A/tilted/schedule/0.01/npts	171
A/tilted/schedule/0.005/nu_at_min_lp	4605033863580549192
A/tilted/schedule/0.005/s_at_min_lp	4598805723493108288
A/tilted/schedule/0.005/b_at_min_lp	4590143238045685375
A/tilted/schedule/0.005/plateau_span	0
A/tilted/schedule/0.005/min_phi_lp	4605288195680416232
A/tilted/schedule/0.005/min_phi_hp	4605818020738282360
A/tilted/schedule/0.005/m_i_lp	4603146081465524038
A/tilted/schedule/0.005/m_i_hp	4603936774877515352
A/tilted/schedule/0.005/b_int	4589297843640261067
A/tilted/schedule/0.005/b_peak	4590897114549855908
A/tilted/schedule/0.005/b_end	4576362805046138027
A/tilted/schedule/0.005/thrust_int	4650685119614470062
A/tilted/schedule/0.005/thrust_end	4648524177428524152
A/tilted/schedule/0.005/nu_lp_end	4606597972907577406
A/tilted/schedule/0.005/nu_hp_end	4606794220619003953
A/tilted/schedule/0.005/Tt4_peak	4655317538154544504
A/tilted/schedule/0.005/nu0_lp	4604756976198738096
A/tilted/schedule/0.005/nu0_hp	4605319440172176668
A/tilted/schedule/0.005/plateau_pts	1
A/tilted/schedule/0.005/npts	341
A/tilted/schedule/0.0025/nu_at_min_lp	4605038304465993584
A/tilted/schedule/0.0025/s_at_min_lp	4598850759489381994
A/tilted/schedule/0.0025/b_at_min_lp	4590130003711751748
A/tilted/schedule/0.0025/plateau_span	0
A/tilted/schedule/0.0025/min_phi_lp	4605288181171112708
A/tilted/schedule/0.0025/min_phi_hp	4605818013401354450
A/tilted/schedule/0.0025/m_i_lp	4603146058199386612
A/tilted/schedule/0.0025/m_i_hp	4603936764687165750
A/tilted/schedule/0.0025/b_int	4589297844320804580
A/tilted/schedule/0.0025/b_peak	4590897114549855908
A/tilted/schedule/0.0025/b_end	4576362805045861007
A/tilted/schedule/0.0025/thrust_int	4650685120563452459
A/tilted/schedule/0.0025/thrust_end	4648524177428548879
A/tilted/schedule/0.0025/nu_lp_end	4606597972907594125
A/tilted/schedule/0.0025/nu_hp_end	4606794220619026475
A/tilted/schedule/0.0025/Tt4_peak	4655317538154632117
A/tilted/schedule/0.0025/nu0_lp	4604756976198738096
A/tilted/schedule/0.0025/nu0_hp	4605319440172176668
A/tilted/schedule/0.0025/plateau_pts	1
A/tilted/schedule/0.0025/npts	681
A/tilted/floor/0.01/nu_at_min_lp	4605383219620013602
A/tilted/floor/0.01/s_at_min_lp	4601417811276983177
A/tilted/floor/0.01/b_at_min_lp	4589188187542531110
A/tilted/floor/0.01/plateau_span	4603129179135383964
A/tilted/floor/0.01/min_phi_lp	4605380978949069204
A/tilted/floor/0.01/min_phi_hp	4605815906818127725
A/tilted/floor/0.01/m_i_lp	4603292946394561062
A/tilted/floor/0.01/m_i_hp	4603933838018271650
A/tilted/floor/0.01/b_int	4585573847219499290
A/tilted/floor/0.01/b_peak	4591362411861439044
A/tilted/floor/0.01/b_end	0
A/tilted/floor/0.01/thrust_int	4650752531931410080
A/tilted/floor/0.01/thrust_end	4648547817632442314
A/tilted/floor/0.01/nu_lp_end	4606620376547368814
A/tilted/floor/0.01/nu_hp_end	4606783759710380400
A/tilted/floor/0.01/Tt4_peak	4655282604328637563
A/tilted/floor/0.01/nu0_lp	4604860625526550481
A/tilted/floor/0.01/nu0_hp	4605314750407463657
A/tilted/floor/0.01/plateau_pts	56
A/tilted/floor/0.01/npts	171
A/tilted/floor/0.005/nu_at_min_lp	4604878900879641598
A/tilted/floor/0.005/s_at_min_lp	4590068740216009523
A/tilted/floor/0.005/b_at_min_lp	4589197495746913528
A/tilted/floor/0.005/plateau_span	4603174215131657670
A/tilted/floor/0.005/min_phi_lp	4605380978949069199
A/tilted/floor/0.005/min_phi_hp	4605815906817269427
A/tilted/floor/0.005/m_i_lp	4603292946394561054
A/tilted/floor/0.005/m_i_hp	4603933838017078890
A/tilted/floor/0.005/b_int	4585573828483579506
A/tilted/floor/0.005/b_peak	4591363519714470491
A/tilted/floor/0.005/b_end	0
A/tilted/floor/0.005/thrust_int	4650752536458946171
A/tilted/floor/0.005/thrust_end	4648547817643595349
A/tilted/floor/0.005/nu_lp_end	4606620376514474427
A/tilted/floor/0.005/nu_hp_end	4606783759755868888
A/tilted/floor/0.005/Tt4_peak	4655282604329787050
A/tilted/floor/0.005/nu0_lp	4604860625526550481
A/tilted/floor/0.005/nu0_hp	4605314750407463657
A/tilted/floor/0.005/plateau_pts	112
A/tilted/floor/0.005/npts	341
A/tilted/floor/0.0025/nu_at_min_lp	4604914531726036554
A/tilted/floor/0.0025/s_at_min_lp	4593851763903000742
A/tilted/floor/0.0025/b_at_min_lp	4590400496238289671
A/tilted/floor/0.0025/plateau_span	4603174215131657659
A/tilted/floor/0.0025/min_phi_lp	4605380978949069200
A/tilted/floor/0.0025/min_phi_hp	4605815899476057858
A/tilted/floor/0.0025/m_i_lp	4603292946394561054
A/tilted/floor/0.0025/m_i_hp	4603933827815136926
A/tilted/floor/0.0025/b_int	4585573846103934294
A/tilted/floor/0.0025/b_peak	4591363519715010286
A/tilted/floor/0.0025/b_end	0
A/tilted/floor/0.0025/thrust_int	4650752537533423719
A/tilted/floor/0.0025/thrust_end	4648547817638226435
A/tilted/floor/0.0025/nu_lp_end	4606620376531484916
A/tilted/floor/0.0025/nu_hp_end	4606783759732951991
A/tilted/floor/0.0025/Tt4_peak	4655282604329858153
A/tilted/floor/0.0025/nu0_lp	4604860625526550481
A/tilted/floor/0.0025/nu0_hp	4605314750407463657
A/tilted/floor/0.0025/plateau_pts	223
A/tilted/floor/0.0025/npts	681
B/shaped/npts	171
B/shaped/0/b	4585439236324657495
B/shaped/0/phi_lp	4605380978949069210
B/shaped/1/b	4586127591410212417
B/shaped/1/phi_lp	4605380978949069210
B/shaped/2/b	4586782885229201369
B/shaped/2/phi_lp	4605380978949069210
B/shaped/3/b	4587405348145298109
B/shaped/3/phi_lp	4605380978949069210
B/shaped/4/b	4587995224291709747
B/shaped/4/phi_lp	4605380978949069212
B/shaped/5/b	4588552770978509210
B/shaped/5/phi_lp	4605380978949069210
B/shaped/6/b	4589078258097009169
B/shaped/6/phi_lp	4605380978949069209
B/shaped/7/b	4589369993906963611
B/shaped/7/phi_lp	4605380978949069210
B/shaped/8/b	4589601106407106749
B/shaped/8/phi_lp	4605380978949069205
B/shaped/9/b	4589816628726261036
B/shaped/9/phi_lp	4605380978949069216
B/shaped/10/b	4590016718002206366
B/shaped/10/phi_lp	4605380978949069211
B/shaped/11/b	4590201536188481670
B/shaped/11/phi_lp	4605380978949069206
B/shaped/12/b	4590371249768533713
B/shaped/12/phi_lp	4605380978949069209
B/shaped/13/b	4590526029474643168
B/shaped/13/phi_lp	4605380978949069211
B/shaped/14/b	4590666050012217455
B/shaped/14/phi_lp	4605380978949069210
B/shaped/15/b	4590791489789960823
B/shaped/15/phi_lp	4605380978949069215
B/shaped/16/b	4590902530656362297
B/shaped/16/phi_lp	4605380978949069210
B/shaped/17/b	4590999357642866195
B/shaped/17/phi_lp	4605380978949069209
B/shaped/18/b	4591082158714026859
B/shaped/18/phi_lp	4605380978949069210
B/shaped/19/b	4591151124524882826
B/shaped/19/phi_lp	4605380978949069210
B/shaped/20/b	4591206448185727645
B/shaped/20/phi_lp	4605380978949069214
B/shaped/21/b	4591248325034399438
B/shaped/21/phi_lp	4605380978949069212
B/shaped/22/b	4591276952416164274
B/shaped/22/phi_lp	4605380978949069211
B/shaped/23/b	4591292529471218527
B/shaped/23/phi_lp	4605380978949069208
B/shaped/24/b	4591295256929801503
B/shaped/24/phi_lp	4605380978949069210
B/shaped/25/b	4591285336914870352
B/shaped/25/phi_lp	4605380978949069210
B/shaped/26/b	4591262972752260750
B/shaped/26/phi_lp	4605380978949069210
B/shaped/27/b	4591228368788230642
B/shaped/27/phi_lp	4605380978949069208
B/shaped/28/b	4591181730214261675
B/shaped/28/phi_lp	4605380978949069208
B/shaped/29/b	4591123262898977280
B/shaped/29/phi_lp	4605380978949069208
B/shaped/30/b	4591053173227019784
B/shaped/30/phi_lp	4605380978949069208
B/shaped/31/b	4590971667944719078
B/shaped/31/phi_lp	4605380978949069209
B/shaped/32/b	4590878954012378518
B/shaped/32/phi_lp	4605380978949069212
B/shaped/33/b	4590775238462995975
B/shaped/33/phi_lp	4605380978949069208
B/shaped/34/b	4590660728267237415
B/shaped/34/phi_lp	4605380978949069212
B/shaped/35/b	4590535630204477612
B/shaped/35/phi_lp	4605380978949069209
B/shaped/36/b	4590400150739724592
B/shaped/36/phi_lp	4605380978949069211
B/shaped/37/b	4590254495906244527
B/shaped/37/phi_lp	4605380978949069212
B/shaped/38/b	4590098871193709590
B/shaped/38/phi_lp	4605380978949069203
B/shaped/39/b	4589933481441692239
B/shaped/39/phi_lp	4605380978949069210
B/shaped/40/b	4589758530738336120
B/shaped/40/phi_lp	4605380978949069210
B/shaped/41/b	4589574222324037428
B/shaped/41/phi_lp	4605380978949069209
B/shaped/42/b	4589380758499976945
B/shaped/42/phi_lp	4605380978949069212
B/shaped/43/b	4589178340541346545
B/shaped/43/phi_lp	4605380978949069212
B/shaped/44/b	4588766316939706466
B/shaped/44/phi_lp	4605380978949069211
B/shaped/45/b	4588326863113921886
B/shaped/45/phi_lp	4605380978949069210
B/shaped/46/b	4587870694757430729
B/shaped/46/phi_lp	4605380978949069212
B/shaped/47/b	4587398204654737581
B/shaped/47/phi_lp	4605380978949069208
B/shaped/48/b	4586909782801318101
B/shaped/48/phi_lp	4605380978949069210
B/shaped/49/b	4586405816280438642
B/shaped/49/phi_lp	4605380978949069210
B/shaped/50/b	4585886689147455047
B/shaped/50/phi_lp	4605380978949069207
B/shaped/51/b	4584966004689617560
B/shaped/51/phi_lp	4605380978949069210
B/shaped/52/b	4583462790463400410
B/shaped/52/phi_lp	4605380978949069215
B/shaped/53/b	4581693983515700444
B/shaped/53/phi_lp	4605380978949069209
B/shaped/54/b	4579760370304536714
B/shaped/54/phi_lp	4605380978949069210
B/shaped/55/b	4576363302614521616
B/shaped/55/phi_lp	4605380978949069217
B/shaped/56/b	4569671242604847194
B/shaped/56/phi_lp	4605380978949069216
B/shaped/57/b	0
B/shaped/57/phi_lp	4605395207452635275
B/shaped/58/b	0
B/shaped/58/phi_lp	4605428052825935175
B/shaped/59/b	0
B/shaped/59/phi_lp	4605460094317146689
B/shaped/60/b	0
B/shaped/60/phi_lp	4605491351837412635
B/shaped/61/b	0
B/shaped/61/phi_lp	4605521844835171804
B/shaped/62/b	0
B/shaped/62/phi_lp	4605551592301951290
B/shaped/63/b	0
B/shaped/63/phi_lp	4605580612778666082
B/shaped/64/b	0
B/shaped/64/phi_lp	4605608924362351304
B/shaped/65/b	0
B/shaped/65/phi_lp	4605636544713259519
B/shaped/66/b	0
B/shaped/66/phi_lp	4605663491062262385
B/shaped/67/b	0
B/shaped/67/phi_lp	4605689780218501781
B/shaped/68/b	0
B/shaped/68/phi_lp	4605715428577240994
B/shaped/69/b	0
B/shaped/69/phi_lp	4605740452127871900
B/shaped/70/b	0
B/shaped/70/phi_lp	4605764866462038329
B/shaped/71/b	0
B/shaped/71/phi_lp	4605788686781840374
B/shaped/72/b	0
B/shaped/72/phi_lp	4605811927908087885
B/shaped/73/b	0
B/shaped/73/phi_lp	4605834604288575214
B/shaped/74/b	0
B/shaped/74/phi_lp	4605856730006352127
B/shaped/75/b	0
B/shaped/75/phi_lp	4605878318787969042
B/shaped/76/b	0
B/shaped/76/phi_lp	4605899384011677103
B/shaped/77/b	0
B/shaped/77/phi_lp	4605919938715566045
B/shaped/78/b	0
B/shaped/78/phi_lp	4605939995605625037
B/shaped/79/b	0
B/shaped/79/phi_lp	4605959567063713573
B/shaped/80/b	0
B/shaped/80/phi_lp	4605978665155431277
B/shaped/81/b	0
B/shaped/81/phi_lp	4605997301637876943
B/shaped/82/b	0
B/shaped/82/phi_lp	4606015487967288901
B/shaped/83/b	0
B/shaped/83/phi_lp	4606033235306559677
B/shaped/84/b	0
B/shaped/84/phi_lp	4606050554532619291
B/shaped/85/b	0
B/shaped/85/phi_lp	4606067456243682694
B/shaped/86/b	0
B/shaped/86/phi_lp	4606083950766357505
B/shaped/87/b	0
B/shaped/87/phi_lp	4606100048162609213
B/shaped/88/b	0
B/shaped/88/phi_lp	4606115758236581807
B/shaped/89/b	0
B/shaped/89/phi_lp	4606131090541272195
B/shaped/90/b	0
B/shaped/90/phi_lp	4606146054385057780
B/shaped/91/b	0
B/shaped/91/phi_lp	4606160658838076708
B/shaped/92/b	0
B/shaped/92/phi_lp	4606174912738460843
B/shaped/93/b	0
B/shaped/93/phi_lp	4606188824698422234
B/shaped/94/b	0
B/shaped/94/phi_lp	4606202403110193664
B/shaped/95/b	0
B/shaped/95/phi_lp	4606215656151824778
B/shaped/96/b	0
B/shaped/96/phi_lp	4606228591792834998
B/shaped/97/b	0
B/shaped/97/phi_lp	4606241217799725089
B/shaped/98/b	0
B/shaped/98/phi_lp	4606253541741349310
B/shaped/99/b	0
B/shaped/99/phi_lp	4606265570994150022
B/shaped/100/b	0
B/shaped/100/phi_lp	4606277312747257270
B/shaped/101/b	0
B/shaped/101/phi_lp	4606288774007455433
B/shaped/102/b	0
B/shaped/102/phi_lp	4606299961604019597
B/shaped/103/b	0
B/shaped/103/phi_lp	4606310882193424007
B/shaped/104/b	0
B/shaped/104/phi_lp	4606321542263925286
B/shaped/105/b	0
B/shaped/105/phi_lp	4606331948140023127
B/shaped/106/b	0
B/shaped/106/phi_lp	4606342105986800923
B/shaped/107/b	0
B/shaped/107/phi_lp	4606352021814149279
B/shaped/108/b	0
B/shaped/108/phi_lp	4606361701480874993
B/shaped/109/b	0
B/shaped/109/phi_lp	4606371150698698141
B/shaped/110/b	0
B/shaped/110/phi_lp	4606380375036140213
B/shaped/111/b	0
B/shaped/111/phi_lp	4606389379922305680
B/shaped/112/b	0
B/shaped/112/phi_lp	4606398170650560026
B/shaped/113/b	0
B/shaped/113/phi_lp	4606406752382106479
B/shaped/114/b	0
B/shaped/114/phi_lp	4606415130149464467
B/shaped/115/b	0
B/shaped/115/phi_lp	4606423308859852077
B/shaped/116/b	0
B/shaped/116/phi_lp	4606431293298475248
B/shaped/117/b	0
B/shaped/117/phi_lp	4606439088131726030
B/shaped/118/b	0
B/shaped/118/phi_lp	4606446697910292580
B/shaped/119/b	0
B/shaped/119/phi_lp	4606454127072183116
B/shaped/120/b	0
B/shaped/120/phi_lp	4606461379945666320
B/shaped/121/b	0
B/shaped/121/phi_lp	4606468460752130413
B/shaped/122/b	0
B/shaped/122/phi_lp	4606475373608863234
B/shaped/123/b	0
B/shaped/123/phi_lp	4606482122531755548
B/shaped/124/b	0
B/shaped/124/phi_lp	4606488711437929660
B/shaped/125/b	0
B/shaped/125/phi_lp	4606495144148295549
B/shaped/126/b	0
B/shaped/126/phi_lp	4606501424390036517
B/shaped/127/b	0
B/shaped/127/phi_lp	4606507555799026391
B/shaped/128/b	0
B/shaped/128/phi_lp	4606513541922180231
B/shaped/129/b	0
B/shaped/129/phi_lp	4606519386219740434
B/shaped/130/b	0
B/shaped/130/phi_lp	4606525092067500151
B/shaped/131/b	0
B/shaped/131/phi_lp	4606530662758965707
B/shaped/132/b	0
B/shaped/132/phi_lp	4606536101507459930
B/shaped/133/b	0
B/shaped/133/phi_lp	4606541411448167957
B/shaped/134/b	0
B/shaped/134/phi_lp	4606546595640127279
B/shaped/135/b	0
B/shaped/135/phi_lp	4606551657068163632
B/shaped/136/b	0
B/shaped/136/phi_lp	4606556598644774168
B/shaped/137/b	0
B/shaped/137/phi_lp	4606561423211959689
B/shaped/138/b	0
B/shaped/138/phi_lp	4606566133543007135
B/shaped/139/b	0
B/shaped/139/phi_lp	4606570732344223981
B/shaped/140/b	0
B/shaped/140/phi_lp	4606575222256625831
B/shaped/141/b	0
B/shaped/141/phi_lp	4606579605857578574
B/shaped/142/b	0
B/shaped/142/phi_lp	4606583885662396455
B/shaped/143/b	0
B/shaped/143/phi_lp	4606588064125897276
B/shaped/144/b	0
B/shaped/144/phi_lp	4606592143643916050
B/shaped/145/b	0
B/shaped/145/phi_lp	4606596126554778191
B/shaped/146/b	0
B/shaped/146/phi_lp	4606600015140733518
B/shaped/147/b	0
B/shaped/147/phi_lp	4606603811629352125
B/shaped/148/b	0
B/shaped/148/phi_lp	4606607518194883199
B/shaped/149/b	0
B/shaped/149/phi_lp	4606611136959578015
B/shaped/150/b	0
B/shaped/150/phi_lp	4606614669994977826
B/shaped/151/b	0
B/shaped/151/phi_lp	4606618119323167965
B/shaped/152/b	0
B/shaped/152/phi_lp	4606621486917998930
B/shaped/153/b	0
B/shaped/153/phi_lp	4606624774706275458
B/shaped/154/b	0
B/shaped/154/phi_lp	4606627984568914485
B/shaped/155/b	0
B/shaped/155/phi_lp	4606631118342072874
B/shaped/156/b	0
B/shaped/156/phi_lp	4606634177818245771
B/shaped/157/b	0
B/shaped/157/phi_lp	4606637164747336434
B/shaped/158/b	0
B/shaped/158/phi_lp	4606640080837698283
B/shaped/159/b	0
B/shaped/159/phi_lp	4606642927757149993
B/shaped/160/b	0
B/shaped/160/phi_lp	4606645707133964436
B/shaped/161/b	0
B/shaped/161/phi_lp	4606648420557832057
B/shaped/162/b	0
B/shaped/162/phi_lp	4606651069580799588
B/shaped/163/b	0
B/shaped/163/phi_lp	4606653655718184559
B/shaped/164/b	0
B/shaped/164/phi_lp	4606656180449466542
B/shaped/165/b	0
B/shaped/165/phi_lp	4606658645219155548
B/shaped/166/b	0
B/shaped/166/phi_lp	4606661051437638302
B/shaped/167/b	0
B/shaped/167/phi_lp	4606663400482003027
B/shaped/168/b	0
B/shaped/168/phi_lp	4606665693696843306
B/shaped/169/b	0
B/shaped/169/phi_lp	4606667932395041466
B/shaped/170/b	0
B/shaped/170/phi_lp	4606670117858532400
B/tilted/npts	171
B/tilted/0/b	4583879126500607671
B/tilted/0/phi_lp	4605380978949069208
B/tilted/1/b	4585047114662474070
B/tilted/1/phi_lp	4605380978949069205
B/tilted/2/b	4585786836890228879
B/tilted/2/phi_lp	4605380978949069211
B/tilted/3/b	4586491107020667622
B/tilted/3/phi_lp	4605380978949069211
B/tilted/4/b	4587160110001799847
B/tilted/4/phi_lp	4605380978949069210
B/tilted/5/b	4587794048489699282
B/tilted/5/phi_lp	4605380978949069210
B/tilted/6/b	4588393142336862532
B/tilted/6/phi_lp	4605380978949069211
B/tilted/7/b	4588957628056589811
B/tilted/7/phi_lp	4605380978949069207
B/tilted/8/b	4589327889278574273
B/tilted/8/phi_lp	4605380978949069210
B/tilted/9/b	4589575910702843959
B/tilted/9/phi_lp	4605380978949069208
B/tilted/10/b	4589807029991517978
B/tilted/10/phi_lp	4605380978949069207
B/tilted/11/b	4590021395860836701
B/tilted/11/phi_lp	4605380978949069210
B/tilted/12/b	4590219163893892522
B/tilted/12/phi_lp	4605380978949069207
B/tilted/13/b	4590400496233448545
B/tilted/13/phi_lp	4605380978949069212
B/tilted/14/b	4590565561273096393
B/tilted/14/phi_lp	4605380978949069211
B/tilted/15/b	4590714533347941357
B/tilted/15/phi_lp	4605380978949069211
B/tilted/16/b	4590847592425908842
B/tilted/16/phi_lp	4605380978949069210
B/tilted/17/b	4590964923800671840
B/tilted/17/phi_lp	4605380978949069210
B/tilted/18/b	4591066717787098327
B/tilted/18/phi_lp	4605380978949069210
B/tilted/19/b	4591153169420022683
B/tilted/19/phi_lp	4605380978949069211
B/tilted/20/b	4591224478157051208
B/tilted/20/phi_lp	4605380978949069210
B/tilted/21/b	4591280847586018087
B/tilted/21/phi_lp	4605380978949069210
B/tilted/22/b	4591322485137621081
B/tilted/22/phi_lp	4605380978949069211
B/tilted/23/b	4591349601803687469
B/tilted/23/phi_lp	4605380978949069210
B/tilted/24/b	4591362411861439044
B/tilted/24/phi_lp	4605380978949069210
B/tilted/25/b	4591361132604059030
B/tilted/25/phi_lp	4605380978949069209
B/tilted/26/b	4591345984077799174
B/tilted/26/phi_lp	4605380978949069211
B/tilted/27/b	4591317188825807160
B/tilted/27/phi_lp	4605380978949069210
B/tilted/28/b	4591274971638806608
B/tilted/28/phi_lp	4605380978949069212
B/tilted/29/b	4591219559312715736
B/tilted/29/phi_lp	4605380978949069213
B/tilted/30/b	4591151180413255917
B/tilted/30/phi_lp	4605380978949069211
B/tilted/31/b	4591070065047568669
B/tilted/31/phi_lp	4605380978949069217
B/tilted/32/b	4590976444642832918
B/tilted/32/phi_lp	4605380978949069210
B/tilted/33/b	4590870551731855992
B/tilted/33/phi_lp	4605380978949069210
B/tilted/34/b	4590752619745593128
B/tilted/34/phi_lp	4605380978949069209
B/tilted/35/b	4590622882812539332
B/tilted/35/phi_lp	4605380978949069206
B/tilted/36/b	4590481575564926979
B/tilted/36/phi_lp	4605380978949069214
B/tilted/37/b	4590328932951659163
B/tilted/37/phi_lp	4605380978949069208
B/tilted/38/b	4590165190057901974
B/tilted/38/phi_lp	4605380978949069211
B/tilted/39/b	4589990581931258256
B/tilted/39/phi_lp	4605380978949069205
B/tilted/40/b	4589805343414447159
B/tilted/40/phi_lp	4605380978949069205
B/tilted/41/b	4589609708984408951
B/tilted/41/phi_lp	4605380978949069214
B/tilted/42/b	4589403912597761355
B/tilted/42/phi_lp	4605380978949069215
B/tilted/43/b	4589188187542531110
B/tilted/43/phi_lp	4605380978949069204
B/tilted/44/b	4588757512301637323
B/tilted/44/phi_lp	4605380978949069214
B/tilted/45/b	4588287740487859264
B/tilted/45/phi_lp	4605380978949069210
B/tilted/46/b	4587799500261770389
B/tilted/46/phi_lp	4605380978949069211
B/tilted/47/b	4587293250131180713
B/tilted/47/phi_lp	4605380978949069204
B/tilted/48/b	4586769445967146413
B/tilted/48/phi_lp	4605380978949069210
B/tilted/49/b	4586228540779645821
B/tilted/49/phi_lp	4605380978949069211
B/tilted/50/b	4585670984504764454
B/tilted/50/phi_lp	4605380978949069210
B/tilted/51/b	4584629633807504426
B/tilted/51/phi_lp	4605380978949069206
B/tilted/52/b	4582625096990900618
B/tilted/52/phi_lp	4605380978949069210
B/tilted/53/b	4580663170688542191
B/tilted/53/phi_lp	4605380978949069210
B/tilted/54/b	4577325378433993898
B/tilted/54/phi_lp	4605380978949069207
B/tilted/55/b	4571477700083598765
B/tilted/55/phi_lp	4605380978949069206
B/tilted/56/b	0
B/tilted/56/phi_lp	4605393430685700523
B/tilted/57/b	0
B/tilted/57/phi_lp	4605428776267148714
B/tilted/58/b	0
B/tilted/58/phi_lp	4605463191345026251
B/tilted/59/b	0
B/tilted/59/phi_lp	4605496701976048873
B/tilted/60/b	0
B/tilted/60/phi_lp	4605529333454960223
B/tilted/61/b	0
B/tilted/61/phi_lp	4605561110333756317
B/tilted/62/b	0
B/tilted/62/phi_lp	4605592056441021347
B/tilted/63/b	0
B/tilted/63/phi_lp	4605622194901279138
B/tilted/64/b	0
B/tilted/64/phi_lp	4605651548154278311
B/tilted/65/b	0
B/tilted/65/phi_lp	4605680137974141218
B/tilted/66/b	0
B/tilted/66/phi_lp	4605707985488317679
B/tilted/67/b	0
B/tilted/67/phi_lp	4605735111196293590
B/tilted/68/b	0
B/tilted/68/phi_lp	4605761534988012940
B/tilted/69/b	0
B/tilted/69/phi_lp	4605787276161979008
B/tilted/70/b	0
B/tilted/70/phi_lp	4605812353443006594
B/tilted/71/b	0
B/tilted/71/phi_lp	4605836784999603136
B/tilted/72/b	0
B/tilted/72/phi_lp	4605860588460960738
B/tilted/73/b	0
B/tilted/73/phi_lp	4605883780933546122
B/tilted/74/b	0
B/tilted/74/phi_lp	4605906379017278450
B/tilted/75/b	0
B/tilted/75/phi_lp	4605928398821288605
B/tilted/76/b	0
B/tilted/76/phi_lp	4605949855979256065
B/tilted/77/b	0
B/tilted/77/phi_lp	4605970765664321985
B/tilted/78/b	0
B/tilted/78/phi_lp	4605991142603578795
B/tilted/79/b	0
B/tilted/79/phi_lp	4606011001092139022
B/tilted/80/b	0
B/tilted/80/phi_lp	4606030355006786640
B/tilted/81/b	0
B/tilted/81/phi_lp	4606049217819216262
B/tilted/82/b	0
B/tilted/82/phi_lp	4606067602608866113
B/tilted/83/b	0
B/tilted/83/phi_lp	4606085522075351629
B/tilted/84/b	0
B/tilted/84/phi_lp	4606102988550507328
B/tilted/85/b	0
B/tilted/85/phi_lp	4606120014010045195
B/tilted/86/b	0
B/tilted/86/phi_lp	4606136610084838055
B/tilted/87/b	0
B/tilted/87/phi_lp	4606152788071837078
B/tilted/88/b	0
B/tilted/88/phi_lp	4606168558944632547
B/tilted/89/b	0
B/tilted/89/phi_lp	4606183933363667316
B/tilted/90/b	0
B/tilted/90/phi_lp	4606198921686112557
B/tilted/91/b	0
B/tilted/91/phi_lp	4606213533975415274
B/tilted/92/b	0
B/tilted/92/phi_lp	4606227780010527329
B/tilted/93/b	0
B/tilted/93/phi_lp	4606241669294825323
B/tilted/94/b	0
B/tilted/94/phi_lp	4606255211064731054
B/tilted/95/b	0
B/tilted/95/phi_lp	4606268414298041695
B/tilted/96/b	0
B/tilted/96/phi_lp	4606281287721979169
B/tilted/97/b	0
B/tilted/97/phi_lp	4606293839820967561
B/tilted/98/b	0
B/tilted/98/phi_lp	4606306078844147705
B/tilted/99/b	0
B/tilted/99/phi_lp	4606318012812637558
B/tilted/100/b	0
B/tilted/100/phi_lp	4606329649526546935
B/tilted/101/b	0
B/tilted/101/phi_lp	4606340996571754975
B/tilted/102/b	0
B/tilted/102/phi_lp	4606352061326458326
B/tilted/103/b	0
B/tilted/103/phi_lp	4606362850967498184
B/tilted/104/b	0
B/tilted/104/phi_lp	4606373372476473605
B/tilted/105/b	0
B/tilted/105/phi_lp	4606383632645648751
B/tilted/106/b	0
B/tilted/106/phi_lp	4606393638083661224
B/tilted/107/b	0
B/tilted/107/phi_lp	4606403395221038518
B/tilted/108/b	0
B/tilted/108/phi_lp	4606412910315529333
B/tilted/109/b	0
B/tilted/109/phi_lp	4606422189457256478
B/tilted/110/b	0
B/tilted/110/phi_lp	4606431238573697495
B/tilted/111/b	0
B/tilted/111/phi_lp	4606440063434499406
B/tilted/112/b	0
B/tilted/112/phi_lp	4606448669656133331
B/tilted/113/b	0
B/tilted/113/phi_lp	4606457062706394774
B/tilted/114/b	0
B/tilted/114/phi_lp	4606465247908755161
B/tilted/115/b	0
B/tilted/115/phi_lp	4606473230446569940
B/tilted/116/b	0
B/tilted/116/phi_lp	4606481015367148365
B/tilted/117/b	0
B/tilted/117/phi_lp	4606488607585689982
B/tilted/118/b	0
B/tilted/118/phi_lp	4606496011889092599
B/tilted/119/b	0
B/tilted/119/phi_lp	4606503232939636311
B/tilted/120/b	0
B/tilted/120/phi_lp	4606510275278548112
B/tilted/121/b	0
B/tilted/121/phi_lp	4606517143329451296
B/tilted/122/b	0
B/tilted/122/phi_lp	4606523841401703843
B/tilted/123/b	0
B/tilted/123/phi_lp	4606530373693629662
B/tilted/124/b	0
B/tilted/124/phi_lp	4606536744295646671
B/tilted/125/b	0
B/tilted/125/phi_lp	4606542957193295231
B/tilted/126/b	0
B/tilted/126/phi_lp	4606549016270170610
B/tilted/127/b	0
B/tilted/127/phi_lp	4606554925310762805
B/tilted/128/b	0
B/tilted/128/phi_lp	4606560688003207022
B/tilted/129/b	0
B/tilted/129/phi_lp	4606566307941948014
B/tilted/130/b	0
B/tilted/130/phi_lp	4606571788630321278
B/tilted/131/b	0
B/tilted/131/phi_lp	4606577133483054024
B/tilted/132/b	0
B/tilted/132/phi_lp	4606582345828688792
B/tilted/133/b	0
B/tilted/133/phi_lp	4606587428911932321
B/tilted/134/b	0
B/tilted/134/phi_lp	4606592385895932395
B/tilted/135/b	0
B/tilted/135/phi_lp	4606597219864485095
B/tilted/136/b	0
B/tilted/136/phi_lp	4606601933824174867
B/tilted/137/b	0
B/tilted/137/phi_lp	4606606530706449779
B/tilted/138/b	0
B/tilted/138/phi_lp	4606611013369634142
B/tilted/139/b	0
B/tilted/139/phi_lp	4606615384600880708
B/tilted/140/b	0
B/tilted/140/phi_lp	4606619647118064389
B/tilted/141/b	0
B/tilted/141/phi_lp	4606623803571619694
B/tilted/142/b	0
B/tilted/142/phi_lp	4606627856546323534
B/tilted/143/b	0
B/tilted/143/phi_lp	4606631808563025500
B/tilted/144/b	0
B/tilted/144/phi_lp	4606635662080327221
B/tilted/145/b	0
B/tilted/145/phi_lp	4606639419496212473
B/tilted/146/b	0
B/tilted/146/phi_lp	4606643083149629908
B/tilted/147/b	0
B/tilted/147/phi_lp	4606646655322029740
B/tilted/148/b	0
B/tilted/148/phi_lp	4606650138238856003
B/tilted/149/b	0
B/tilted/149/phi_lp	4606653534070995903
B/tilted/150/b	0
B/tilted/150/phi_lp	4606656844936187604
B/tilted/151/b	0
B/tilted/151/phi_lp	4606660072900387820
B/tilted/152/b	0
B/tilted/152/phi_lp	4606663219979100528
B/tilted/153/b	0
B/tilted/153/phi_lp	4606666288138668097
B/tilted/154/b	0
B/tilted/154/phi_lp	4606669279297525995
B/tilted/155/b	0
B/tilted/155/phi_lp	4606672195327422231
B/tilted/156/b	0
B/tilted/156/phi_lp	4606675038054602804
B/tilted/157/b	0
B/tilted/157/phi_lp	4606677809260964016
B/tilted/158/b	0
B/tilted/158/phi_lp	4606680510685172897
B/tilted/159/b	0
B/tilted/159/phi_lp	4606683144023756655
B/tilted/160/b	0
B/tilted/160/phi_lp	4606685710932162127
B/tilted/161/b	0
B/tilted/161/phi_lp	4606688213025786216
B/tilted/162/b	0
B/tilted/162/phi_lp	4606690651880978160
B/tilted/163/b	0
B/tilted/163/phi_lp	4606693029036014584
B/tilted/164/b	0
B/tilted/164/phi_lp	4606695345992048056
B/tilted/165/b	0
B/tilted/165/phi_lp	4606697604214030081
B/tilted/166/b	0
B/tilted/166/phi_lp	4606699805131609312
B/tilted/167/b	0
B/tilted/167/phi_lp	4606701950140005569
B/tilted/168/b	0
B/tilted/168/phi_lp	4606704040600860623
B/tilted/169/b	0
B/tilted/169/phi_lp	4606706077843066314
B/tilted/170/b	0
B/tilted/170/phi_lp	4606708063163570698
C/shaped/r	4602678819172646912
C/shaped/ds	4572414629676717179
C/shaped/b_max	4591870180066957722
C/shaped/phi_surge	4603129179135383962
C/shaped/ceiling	4605466682752046344
C/shaped/phi_lim_over	4606195829072723337
C/shaped/gap_schedule	4581665680431489184
C/shaped/b_at_sched_min	4589968114564293864
C/shaped/over_deficit	13814024704047629416
C/shaped/over_vs_full	13790480890237815808
C/shaped/sched_saturated	0
C/shaped/violated	1
C/shaped/bounded_by_full	1
C/shaped/cells/shut/nu_at_min_lp	4605171826847756852
C/shaped/cells/shut/s_at_min_lp	4597634787589991961
C/shaped/cells/shut/b_at_min_lp	0
C/shaped/cells/shut/plateau_span	0
C/shaped/cells/shut/min_phi_lp	4604799488634795072
C/shaped/cells/shut/min_phi_hp	4605931936771492825
C/shaped/cells/shut/m_i_lp	4601930403037959484
C/shaped/cells/shut/m_i_hp	4604092670482535264
C/shaped/cells/shut/b_int	0
C/shaped/cells/shut/b_peak	0
C/shaped/cells/shut/b_end	0
C/shaped/cells/shut/thrust_int	4650801265169152123
C/shaped/cells/shut/thrust_end	4648543308795182111
C/shaped/cells/shut/nu_lp_end	4606657350117138083
C/shaped/cells/shut/nu_hp_end	4606756500545060501
C/shaped/cells/shut/Tt4_peak	4655171289208082032
C/shaped/cells/shut/nu0_lp	4604982328959340258
C/shaped/cells/shut/nu0_hp	4605289037695390238
C/shaped/cells/shut/plateau_pts	1
C/shaped/cells/schedule/nu_at_min_lp	4605091835181655293
C/shaped/cells/schedule/s_at_min_lp	4598805723493108288
C/shaped/cells/schedule/b_at_min_lp	4589968114564293864
C/shaped/cells/schedule/plateau_span	0
C/shaped/cells/schedule/min_phi_lp	4605278918407575555
C/shaped/cells/schedule/min_phi_hp	4605929767899192248
C/shaped/cells/schedule/m_i_lp	4603131185660628688
C/shaped/cells/schedule/m_i_hp	4604089745124312722
C/shaped/cells/schedule/b_int	4588958113562894298
C/shaped/cells/schedule/b_peak	4590756127448420155
C/shaped/cells/schedule/b_end	4575888992350487187
C/shaped/cells/schedule/thrust_int	4650699873984613129
C/shaped/cells/schedule/thrust_end	4648522648320669742
C/shaped/cells/schedule/nu_lp_end	4606627136584845643
C/shaped/cells/schedule/nu_hp_end	4606773565959721561
C/shaped/cells/schedule/Tt4_peak	4655278345261451909
C/shaped/cells/schedule/nu0_lp	4604813412686236824
C/shaped/cells/schedule/nu0_hp	4605296759753563736
C/shaped/cells/schedule/plateau_pts	1
C/shaped/cells/full/nu_at_min_lp	4604980427663705914
C/shaped/cells/full/s_at_min_lp	4597995075560181601
C/shaped/cells/full/b_at_min_lp	4591870180066957722
C/shaped/cells/full/plateau_span	0
C/shaped/cells/full/min_phi_lp	4605466682752046344
C/shaped/cells/full/min_phi_hp	4605955855252175692
C/shaped/cells/full/m_i_lp	4603425284583826596
C/shaped/cells/full/m_i_hp	4604124823378005604
C/shaped/cells/full/b_int	4595292915783759278
C/shaped/cells/full/b_peak	4591870180066957722
C/shaped/cells/full/b_end	4591870180066957722
C/shaped/cells/full/thrust_int	4650336190824274878
C/shaped/cells/full/thrust_end	4648211851391782885
C/shaped/cells/full/nu_lp_end	4606432914227176507
C/shaped/cells/full/nu_hp_end	4606765972203550610
C/shaped/cells/full/Tt4_peak	4655171262375523449
C/shaped/cells/full/nu0_lp	4604783187951592844
C/shaped/cells/full/nu0_hp	4605298251040767919
C/shaped/cells/full/plateau_pts	1
C/shaped/cells/over/nu_at_min_lp	4604994371075486913
C/shaped/cells/over/s_at_min_lp	4597995075560181601
C/shaped/cells/over/b_at_min_lp	4591870180066957722
C/shaped/cells/over/plateau_span	0
C/shaped/cells/over/min_phi_lp	4605447298256512252
C/shaped/cells/over/min_phi_hp	4605924823524638808
C/shaped/cells/over/m_i_lp	4603395625291527106
C/shaped/cells/over/m_i_hp	4604083070068753072
C/shaped/cells/over/b_int	4590068928971821065
C/shaped/cells/over/b_peak	4591870180066957722
C/shaped/cells/over/b_end	0
C/shaped/cells/over/thrust_int	4650700212417604941
C/shaped/cells/over/thrust_end	4648546976502718343
C/shaped/cells/over/nu_lp_end	4606640174411018969
C/shaped/cells/over/nu_hp_end	4606776762010562022
C/shaped/cells/over/Tt4_peak	4655353540204400038
C/shaped/cells/over/nu0_lp	4604783187951592841
C/shaped/cells/over/nu0_hp	4605298251040767926
C/shaped/cells/over/plateau_pts	1
C/tilted/r	4602678819172646912
C/tilted/ds	4572414629676717179
C/tilted/b_max	4591870180066957722
C/tilted/phi_surge	4603129179135383962
C/tilted/ceiling	4605457893937411616
C/tilted/phi_lim_over	4606186161376625137
C/tilted/gap_schedule	4581087565632276224
C/tilted/b_at_sched_min	4590143238045685375
C/tilted/over_deficit	13814038352797323936
C/tilted/over_vs_full	13791142643882689280
C/tilted/sched_saturated	0
C/tilted/violated	1
C/tilted/bounded_by_full	1
C/tilted/cells/shut/nu_at_min_lp	4605110124982591424
C/tilted/cells/shut/s_at_min_lp	4597814931575086781
C/tilted/cells/shut/b_at_min_lp	0
C/tilted/cells/shut/plateau_span	0
C/tilted/cells/shut/min_phi_lp	4604816885271391075
C/tilted/cells/shut/min_phi_hp	4605824122690869480
C/tilted/cells/shut/m_i_lp	4601994562372041180
C/tilted/cells/shut/m_i_hp	4603945243185504592
C/tilted/cells/shut/b_int	0
C/tilted/cells/shut/b_peak	0
C/tilted/cells/shut/b_end	0
C/tilted/cells/shut/thrust_int	4650791856740535560
C/tilted/cells/shut/thrust_end	4648546225228995218
C/tilted/cells/shut/nu_lp_end	4606624913042330181
C/tilted/cells/shut/nu_hp_end	4606777406341811995
C/tilted/cells/shut/Tt4_peak	4655202117473482314
C/tilted/cells/shut/nu0_lp	4604913281786746876
C/tilted/cells/shut/nu0_hp	4605312553865854599
C/tilted/cells/shut/plateau_pts	1
C/tilted/cells/schedule/nu_at_min_lp	4605033863580549192
C/tilted/cells/schedule/s_at_min_lp	4598805723493108288
C/tilted/cells/schedule/b_at_min_lp	4590143238045685375
C/tilted/cells/schedule/plateau_span	0
C/tilted/cells/schedule/min_phi_lp	4605288195680416232
C/tilted/cells/schedule/min_phi_hp	4605818020738282360
C/tilted/cells/schedule/m_i_lp	4603146081465524038
C/tilted/cells/schedule/m_i_hp	4603936774877515352
C/tilted/cells/schedule/b_int	4589297843640261067
C/tilted/cells/schedule/b_peak	4590897114549855908
C/tilted/cells/schedule/b_end	4576362805046138027
C/tilted/cells/schedule/thrust_int	4650685119614470062
C/tilted/cells/schedule/thrust_end	4648524177428524152
C/tilted/cells/schedule/nu_lp_end	4606597972907577406
C/tilted/cells/schedule/nu_hp_end	4606794220619003953
C/tilted/cells/schedule/Tt4_peak	4655317538154544504
C/tilted/cells/schedule/nu0_lp	4604756976198738096
C/tilted/cells/schedule/nu0_hp	4605319440172176668
C/tilted/cells/schedule/plateau_pts	1
C/tilted/cells/full/nu_at_min_lp	4604944608106297792
C/tilted/cells/full/s_at_min_lp	4598265291537823828
C/tilted/cells/full/b_at_min_lp	4591870180066957722
C/tilted/cells/full/plateau_span	0
C/tilted/cells/full/min_phi_lp	4605457893937411616
C/tilted/cells/full/min_phi_hp	4605846345472156999
C/tilted/cells/full/m_i_lp	4603411856802395640
C/tilted/cells/full/m_i_hp	4603975970151420816
C/tilted/cells/full/b_int	4595292915783759278
C/tilted/cells/full/b_peak	4591870180066957722
C/tilted/cells/full/b_end	4591870180066957722
C/tilted/cells/full/thrust_int	4650323009934650024
C/tilted/cells/full/thrust_end	4648214988733260826
C/tilted/cells/full/nu_lp_end	4606430121019336569
C/tilted/cells/full/nu_hp_end	4606787748291610666
C/tilted/cells/full/Tt4_peak	4655211727658205118
C/tilted/cells/full/nu0_lp	4604733616488906831
C/tilted/cells/full/nu0_hp	4605320577181342010
C/tilted/cells/full/plateau_pts	1
C/tilted/cells/over/nu_at_min_lp	4604951424793305554
C/tilted/cells/over/s_at_min_lp	4598175219545276418
C/tilted/cells/over/b_at_min_lp	4591870180066957722
C/tilted/cells/over/plateau_span	0
C/tilted/cells/over/min_phi_lp	4605435924466702237
C/tilted/cells/over/min_phi_hp	4605811169684306128
C/tilted/cells/over/m_i_lp	4603378149076468568
C/tilted/cells/over/m_i_hp	4603927250835932596
C/tilted/cells/over/b_int	4589914800269076334
C/tilted/cells/over/b_peak	4591870180066957722
C/tilted/cells/over/b_end	0
C/tilted/cells/over/thrust_int	4650693755173058983
C/tilted/cells/over/thrust_end	4648550375632731251
C/tilted/cells/over/nu_lp_end	4606612032216670022
C/tilted/cells/over/nu_hp_end	4606794893891655768
C/tilted/cells/over/Tt4_peak	4655395877878498854
C/tilted/cells/over/nu0_lp	4604733616488906829
C/tilted/cells/over/nu0_hp	4605320577181342011
C/tilted/cells/over/plateau_pts	1
D/shaped/r	4602678819172646912
D/shaped/ds	4572414629676717179
D/shaped/phi_target	4605380978949069210
D/shaped/b_cap	4591870180066957722
D/shaped/n_lo	4604029899060858061
D/shaped/b_star	4591017207659327703
D/shaped/bmax_star	4593183080636357327
D/shaped/matched	4383691287291756544
D/shaped/b_ratio_const	4598268943087274840
D/shaped/b_ratio_sched	4602847152983622654
D/shaped/saturated	0
D/shaped/bill/constant/d_nu_lp_end	13805377133974277056
D/shaped/bill/constant/d_nu_hp_end	4561749834747453440
D/shaped/bill/constant/d_thrust_end	13853240345255354384
D/shaped/bill/constant/thrust_end_pct	13841223119600877350
D/shaped/bill/constant/thrust_int_pct	13841135280812622824
D/shaped/bill/constant/d_min_phi_hp	4567511887140298496
D/shaped/bill/constant/b_int	4594567889237273759
D/shaped/bill/constant/b_peak	4591017207659327703
D/shaped/bill/schedule/d_nu_lp_end	13794675961780326272
D/shaped/bill/schedule/d_nu_hp_end	4567444905501013504
D/shaped/bill/schedule/d_thrust_end	13836890455390153728
D/shaped/bill/schedule/thrust_end_pct	13825405407898878528
D/shaped/bill/schedule/thrust_int_pct	13833279495276961070
D/shaped/bill/schedule/d_min_phi_hp	13777264405934620672
D/shaped/bill/schedule/b_int	4589978054290013726
D/shaped/bill/schedule/b_peak	4591963818160118275
D/shaped/bill/floor/d_nu_lp_end	13782854744584497152
D/shaped/bill/floor/d_nu_hp_end	4560907207465888768
D/shaped/bill/floor/d_thrust_end	4595357605715746816
D/shaped/bill/floor/thrust_end_pct	4583825746512852736
D/shaped/bill/floor/thrust_int_pct	13826631786906670924
D/shaped/bill/floor/d_min_phi_hp	13781406192208417792
D/shaped/bill/floor/b_int	4585673065612226810
D/shaped/bill/floor/b_peak	4591295486804929334
D/shaped/cells/shut/nu_at_min_lp	4605171826847756852
D/shaped/cells/shut/s_at_min_lp	4597634787589991961
D/shaped/cells/shut/b_at_min_lp	0
D/shaped/cells/shut/plateau_span	0
D/shaped/cells/shut/min_phi_lp	4604799488634795072
D/shaped/cells/shut/min_phi_hp	4605931936771492825
D/shaped/cells/shut/m_i_lp	4601930403037959484
D/shaped/cells/shut/m_i_hp	4604092670482535264
D/shaped/cells/shut/b_int	0
D/shaped/cells/shut/b_peak	0
D/shaped/cells/shut/b_end	0
D/shaped/cells/shut/thrust_int	4650801265169152123
D/shaped/cells/shut/thrust_end	4648543308795182111
D/shaped/cells/shut/nu_lp_end	4606657350117138083
D/shaped/cells/shut/nu_hp_end	4606756500545060501
D/shaped/cells/shut/Tt4_peak	4655171289208082032
D/shaped/cells/shut/nu0_lp	4604982328959340258
D/shaped/cells/shut/nu0_hp	4605289037695390238
D/shaped/cells/shut/plateau_pts	1
D/shaped/cells/constant/nu_at_min_lp	4605004490078795136
D/shaped/cells/constant/s_at_min_lp	4597995075560181601
D/shaped/cells/constant/b_at_min_lp	4591017207659327703
D/shaped/cells/constant/plateau_span	0
D/shaped/cells/constant/min_phi_lp	4605380978949069208
D/shaped/cells/constant/min_phi_hp	4605952895617641208
D/shaped/cells/constant/m_i_lp	4603292946394561068
D/shaped/cells/constant/m_i_hp	4604120855551326934
D/shaped/cells/constant/b_int	4594567889237273759
D/shaped/cells/constant/b_peak	4591017207659327703
D/shaped/cells/constant/b_end	4591017207659327703
D/shaped/cells/constant/thrust_int	4650391580068301060
D/shaped/cells/constant/thrust_end	4648251340601989662
D/shaped/cells/constant/nu_lp_end	4606458979001166917
D/shaped/cells/constant/nu_hp_end	4606764909345329917
D/shaped/cells/constant/Tt4_peak	4655171401136307642
D/shaped/cells/constant/nu0_lp	4604806307014217661
D/shaped/cells/constant/nu0_hp	4605297106999316899
D/shaped/cells/constant/plateau_pts	1
D/shaped/cells/schedule/nu_at_min_lp	4605078787338729996
D/shaped/cells/schedule/s_at_min_lp	4598985867478203108
D/shaped/cells/schedule/b_at_min_lp	4590981567439361705
D/shaped/cells/schedule/plateau_span	0
D/shaped/cells/schedule/min_phi_lp	4605380978949069203
D/shaped/cells/schedule/min_phi_hp	4605929370001260577
D/shaped/cells/schedule/m_i_lp	4603292946394561060
D/shaped/cells/schedule/m_i_hp	4604089208265001168
D/shaped/cells/schedule/b_int	4589978054290013726
D/shaped/cells/schedule/b_peak	4591963818160118275
D/shaped/cells/schedule/b_end	4576867948807446520
D/shaped/cells/schedule/thrust_int	4650679438778757354
D/shaped/cells/schedule/thrust_end	4648518558796215859
D/shaped/cells/schedule/nu_lp_end	4606620991501732868
D/shaped/cells/schedule/nu_hp_end	4606777197744180427
D/shaped/cells/schedule/Tt4_peak	4655300766396094284
D/shaped/cells/schedule/nu0_lp	4604780659253538485
D/shaped/cells/schedule/nu0_hp	4605298377527203787
D/shaped/cells/schedule/plateau_pts	1
D/shaped/cells/floor/nu_at_min_lp	4604927021932027750
D/shaped/cells/floor/s_at_min_lp	4590068740216009523
D/shaped/cells/floor/b_at_min_lp	4589487508556950154
D/shaped/cells/floor/plateau_span	4603264287124205080
D/shaped/cells/floor/min_phi_lp	4605380978949069199
D/shaped/cells/floor/min_phi_hp	4605927156564381428
D/shaped/cells/floor/m_i_lp	4603292946394561054
D/shaped/cells/floor/m_i_hp	4604086220804149282
D/shaped/cells/floor/b_int	4585673065612226810
D/shaped/cells/floor/b_peak	4591295486804929334
D/shaped/cells/floor/b_end	0
D/shaped/cells/floor/thrust_int	4650758419622632908
D/shaped/cells/floor/thrust_end	4648544819924436313
D/shaped/cells/floor/nu_lp_end	4606651155308096921
D/shaped/cells/floor/nu_hp_end	4606764086467125264
D/shaped/cells/floor/Tt4_peak	4655254723822170515
D/shaped/cells/floor/nu0_lp	4604908498284992449
D/shaped/cells/floor/nu0_hp	4605292294839495533
D/shaped/cells/floor/plateau_pts	114
D/tilted/r	4602678819172646912
D/tilted/ds	4572414629676717179
D/tilted/phi_target	4605380978949069210
D/tilted/b_cap	4591870180066957722
D/tilted/n_lo	4604029899060858061
D/tilted/b_star	4591072955375780758
D/tilted/bmax_star	4593097407629379957
D/tilted/matched	4383691287291756544
D/tilted/b_ratio_const	4598118591004345428
D/tilted/b_ratio_sched	4602510158509983824
D/tilted/saturated	0
D/tilted/bill/constant/d_nu_lp_end	13804603742549894240
D/tilted/bill/constant/d_nu_hp_end	4562358330376390656
D/tilted/bill/constant/d_thrust_end	13853283638460746976
D/tilted/bill/constant/thrust_end_pct	13841276853123242474
D/tilted/bill/constant/thrust_int_pct	13841253459749921837
D/tilted/bill/constant/d_min_phi_hp	4567171092313027328
D/tilted/bill/constant/b_int	4594615274796258791
D/tilted/bill/constant/b_peak	4591072955375780758
D/tilted/bill/schedule/d_nu_lp_end	13793681252026366208
D/tilted/bill/schedule/d_nu_hp_end	4567281853302043648
D/tilted/bill/schedule/d_thrust_end	13837222721514613760
D/tilted/bill/schedule/thrust_end_pct	13825839095699510928
D/tilted/bill/schedule/thrust_int_pct	13833558563324126020
D/tilted/bill/schedule/d_min_phi_hp	13783845877988174848
D/tilted/bill/schedule/b_int	4590180721366235662
D/tilted/bill/schedule/b_peak	4592035305178731008
D/tilted/bill/floor/d_nu_lp_end	13781156664650639360
D/tilted/bill/floor/d_nu_hp_end	4559645119265829888
D/tilted/bill/floor/d_thrust_end	4595690550492672000
D/tilted/bill/floor/thrust_end_pct	4584260435084558336
D/tilted/bill/floor/thrust_int_pct	13826219230903173024
D/tilted/bill/floor/d_min_phi_hp	13784924314692801536
D/tilted/bill/floor/b_int	4585573828483579506
D/tilted/bill/floor/b_peak	4591363519714470491
D/tilted/cells/shut/nu_at_min_lp	4605110124982591424
D/tilted/cells/shut/s_at_min_lp	4597814931575086781
D/tilted/cells/shut/b_at_min_lp	0
D/tilted/cells/shut/plateau_span	0
D/tilted/cells/shut/min_phi_lp	4604816885271391075
D/tilted/cells/shut/min_phi_hp	4605824122690869480
D/tilted/cells/shut/m_i_lp	4601994562372041180
D/tilted/cells/shut/m_i_hp	4603945243185504592
D/tilted/cells/shut/b_int	0
D/tilted/cells/shut/b_peak	0
D/tilted/cells/shut/b_end	0
D/tilted/cells/shut/thrust_int	4650791856740535560
D/tilted/cells/shut/thrust_end	4648546225228995218
D/tilted/cells/shut/nu_lp_end	4606624913042330181
D/tilted/cells/shut/nu_hp_end	4606777406341811995
D/tilted/cells/shut/Tt4_peak	4655202117473482314
D/tilted/cells/shut/nu0_lp	4604913281786746876
D/tilted/cells/shut/nu0_hp	4605312553865854599
D/tilted/cells/shut/plateau_pts	1
D/tilted/cells/constant/nu_at_min_lp	4604964808847763691
D/tilted/cells/constant/s_at_min_lp	4598265291537823828
D/tilted/cells/constant/b_at_min_lp	4591072955375780758
D/tilted/cells/constant/plateau_span	0
D/tilted/cells/constant/min_phi_lp	4605380978949069211
D/tilted/cells/constant/min_phi_hp	4605843750307223835
D/tilted/cells/constant/m_i_lp	4603292946394561072
D/tilted/cells/constant/m_i_hp	4603972391056400584
D/tilted/cells/constant/b_int	4594615274796258791
D/tilted/cells/constant/b_peak	4591072955375780758
D/tilted/cells/constant/b_end	4591072955375780758
D/tilted/cells/constant/thrust_int	4650374722532170877
D/tilted/cells/constant/thrust_end	4648251551210465732
D/tilted/cells/constant/nu_lp_end	4606450710408370978
D/tilted/cells/constant/nu_hp_end	4606786616317353887
D/tilted/cells/constant/Tt4_peak	4655210757775989073
D/tilted/cells/constant/nu0_lp	4604752730331435874
D/tilted/cells/constant/nu0_hp	4605319644374384892
D/tilted/cells/constant/plateau_pts	1
D/tilted/cells/schedule/nu_at_min_lp	4605025721455725517
D/tilted/cells/schedule/s_at_min_lp	4598985867478203108
D/tilted/cells/schedule/b_at_min_lp	4591104648667330167
D/tilted/cells/schedule/plateau_span	0
D/tilted/cells/schedule/min_phi_lp	4605380978949069209
D/tilted/cells/schedule/min_phi_hp	4605816959978113789
D/tilted/cells/schedule/m_i_lp	4603292946394561070
D/tilted/cells/schedule/m_i_hp	4603935301371546572
D/tilted/cells/schedule/b_int	4590180721366235662
D/tilted/cells/schedule/b_peak	4592035305178731008
D/tilted/cells/schedule/b_end	4577346208262066326
D/tilted/cells/schedule/thrust_int	4650665483976814399
D/tilted/cells/schedule/thrust_end	4648520177315480294
D/tilted/cells/schedule/nu_lp_end	4606593027133559564
D/tilted/cells/schedule/nu_hp_end	4606797466618279695
D/tilted/cells/schedule/Tt4_peak	4655339574763285502
D/tilted/cells/schedule/nu0_lp	4604729686253648921
D/tilted/cells/schedule/nu0_hp	4605320771827948879
D/tilted/cells/schedule/plateau_pts	1
D/tilted/cells/floor/nu_at_min_lp	4604878900879641598
D/tilted/cells/floor/s_at_min_lp	4590068740216009523
D/tilted/cells/floor/b_at_min_lp	4589197495746913528
D/tilted/cells/floor/plateau_span	4603174215131657670
D/tilted/cells/floor/min_phi_lp	4605380978949069199
D/tilted/cells/floor/min_phi_hp	4605815906817269427
D/tilted/cells/floor/m_i_lp	4603292946394561054
D/tilted/cells/floor/m_i_hp	4603933838017078890
D/tilted/cells/floor/b_int	4585573828483579506
D/tilted/cells/floor/b_peak	4591363519714470491
D/tilted/cells/floor/b_end	0
D/tilted/cells/floor/thrust_int	4650752536458946171
D/tilted/cells/floor/thrust_end	4648547817643595349
D/tilted/cells/floor/nu_lp_end	4606620376514474427
D/tilted/cells/floor/nu_hp_end	4606783759755868888
D/tilted/cells/floor/Tt4_peak	4655282604329787050
D/tilted/cells/floor/nu0_lp	4604860625526550481
D/tilted/cells/floor/nu0_hp	4605314750407463657
D/tilted/cells/floor/plateau_pts	112
E/shaped/sm	4601859982876761368
E/shaped/d_sm	4576918229304087675
E/shaped/phi_lim	4605380978949069210
E/shaped/phi_lim_below	4605331439353168135
E/shaped/r	4602678819172646912
E/shaped/ds	4572414629676717179
E/shaped/b_cap	4591870180066957722
E/shaped/removed_alone	4576307098800352417
E/shaped/removed_together	4549433478038220155
E/shaped/credit	4379750637617807360
E/shaped/removed_below_bare	4577028552164553657
E/shaped/removed_below_armed	0
E/shaped/inert	1
E/shaped/control_dormant	1
E/shaped/cells/neither/m_i	4601930361450969112
E/shaped/cells/neither/min_phi	4604799488634795072
E/shaped/cells/neither/fuel_removed	0
E/shaped/cells/neither/nu_lp_end	4606657350117138083
E/shaped/cells/neither/nu_hp_end	4606756500545060501
E/shaped/cells/neither/Tt4_peak	4655171289208082032
E/shaped/cells/neither/m_phi	4595849258288179864
E/shaped/cells/neither/s	4597583752901409185
E/shaped/cells/fuel/m_i	4603292946394561060
E/shaped/cells/fuel/min_phi	4605380978949069203
E/shaped/cells/fuel/fuel_removed	4576307098800352417
E/shaped/cells/fuel/nu_lp_end	4604366943339135373
E/shaped/cells/fuel/nu_hp_end	4604786625698370395
E/shaped/cells/fuel/Tt4_peak	4650767379642546599
E/shaped/cells/fuel/m_phi	4598175219545276388
E/shaped/cells/fuel/s	4602318531202457278
E/shaped/cells/valve/m_i	4603292946394561054
E/shaped/cells/valve/min_phi	4605380978949069199
E/shaped/cells/valve/fuel_removed	0
E/shaped/cells/valve/nu_lp_end	4606651155308096921
E/shaped/cells/valve/nu_hp_end	4606764086467125264
E/shaped/cells/valve/Tt4_peak	4655254723822170515
E/shaped/cells/valve/m_phi	4598175219545276372
E/shaped/cells/valve/s	4590094475071023069
E/shaped/cells/both/m_i	4603292946394561066
E/shaped/cells/both/min_phi	4605380978949069207
E/shaped/cells/both/fuel_removed	4549433478038220155
E/shaped/cells/both/nu_lp_end	4606647639458136914
E/shaped/cells/both/nu_hp_end	4606761434761351764
E/shaped/cells/both/Tt4_peak	4655330220330832351
E/shaped/cells/both/m_phi	4598175219545276404
E/shaped/cells/both/s	4602228459209909868
E/shaped/cells/below_bare/m_i	4603215004928385670
E/shaped/cells/below_bare/min_phi	4605331439353168125
E/shaped/cells/below_bare/fuel_removed	4577028552164553657
E/shaped/cells/below_bare/nu_lp_end	4604371918574394256
E/shaped/cells/below_bare/nu_hp_end	4604787522144769423
E/shaped/cells/below_bare/Tt4_peak	4651008244965094277
E/shaped/cells/below_bare/m_phi	4597977061161672076
E/shaped/cells/below_bare/s	4584248703774484575
E/shaped/cells/below_armed/m_i	4603292946394561054
E/shaped/cells/below_armed/min_phi	4605380978949069199
E/shaped/cells/below_armed/fuel_removed	0
E/shaped/cells/below_armed/nu_lp_end	4606651155308096921
E/shaped/cells/below_armed/nu_hp_end	4606764086467125264
E/shaped/cells/below_armed/Tt4_peak	4655254723822170515
E/shaped/cells/below_armed/m_phi	4598175219545276372
E/shaped/cells/below_armed/s	4590094475071023069
E/tilted/sm	4601859982876761368
E/tilted/d_sm	4576918229304087675
E/tilted/phi_lim	4605380978949069210
E/tilted/phi_lim_below	4605331439353168135
E/tilted/r	4602678819172646912
E/tilted/ds	4572414629676717179
E/tilted/b_cap	4591870180066957722
E/tilted/removed_alone	4576378569012398177
E/tilted/removed_together	4552799262855573972
E/tilted/credit	4377498837804122112
E/tilted/removed_below_bare	4577530329267133289
E/tilted/removed_below_armed	0
E/tilted/inert	1
E/tilted/control_dormant	1
E/tilted/cells/neither/m_i	4601994554371427980
E/tilted/cells/neither/min_phi	4604816885271391075
E/tilted/cells/neither/fuel_removed	0
E/tilted/cells/neither/nu_lp_end	4606624913042330181
E/tilted/cells/neither/nu_hp_end	4606777406341811995
E/tilted/cells/neither/Tt4_peak	4655202117473482314
E/tilted/cells/neither/m_phi	4595918844834563876
E/tilted/cells/neither/s	4597836650743121887
E/tilted/cells/fuel/m_i	4603292946394561056
E/tilted/cells/fuel/min_phi	4605380978949069201
E/tilted/cells/fuel/fuel_removed	4576378569012398177
E/tilted/cells/fuel/nu_lp_end	4604413114427006212
E/tilted/cells/fuel/nu_hp_end	4604889871697255461
E/tilted/cells/fuel/Tt4_peak	4651124891709148984
E/tilted/cells/fuel/m_phi	4598175219545276380
E/tilted/cells/fuel/s	4601601419569483668
E/tilted/cells/valve/m_i	4603292946394561053
E/tilted/cells/valve/min_phi	4605380978949069199
E/tilted/cells/valve/fuel_removed	0
E/tilted/cells/valve/nu_lp_end	4606620376514474427
E/tilted/cells/valve/nu_hp_end	4606783759755868888
E/tilted/cells/valve/Tt4_peak	4655282604329787050
E/tilted/cells/valve/m_phi	4598175219545276372
E/tilted/cells/valve/s	4589984673022965274
E/tilted/cells/both/m_i	4603292946394561060
E/tilted/cells/both/min_phi	4605380978949069203
E/tilted/cells/both/fuel_removed	4552799262855573972
E/tilted/cells/both/nu_lp_end	4606617072776189449
E/tilted/cells/both/nu_hp_end	4606781798482327430
E/tilted/cells/both/Tt4_peak	4655366112446469094
E/tilted/cells/both/m_phi	4598175219545276388
E/tilted/cells/both/s	4594554325444870539
E/tilted/cells/below_bare/m_i	4603215004928385672
E/tilted/cells/below_bare/min_phi	4605331439353168127
E/tilted/cells/below_bare/fuel_removed	4577530329267133289
E/tilted/cells/below_bare/nu_lp_end	4604411832334247057
E/tilted/cells/below_bare/nu_hp_end	4604886745504786560
E/tilted/cells/below_bare/Tt4_peak	4651358480235543811
E/tilted/cells/below_bare/m_phi	4597977061161672084
E/tilted/cells/below_bare/s	4600066731388772028
E/tilted/cells/below_armed/m_i	4603292946394561053
E/tilted/cells/below_armed/min_phi	4605380978949069199
E/tilted/cells/below_armed/fuel_removed	0
E/tilted/cells/below_armed/nu_lp_end	4606620376514474427
E/tilted/cells/below_armed/nu_hp_end	4606783759755868888
E/tilted/cells/below_armed/Tt4_peak	4655282604329787050
E/tilted/cells/below_armed/m_phi	4598175219545276372
E/tilted/cells/below_armed/s	4589984673022965274
F/shaped/0.3/b_int	0
F/shaped/0.3/b_peak	0
F/shaped/0.3/b_end	0
F/shaped/0.3/min_phi_lp	4604799549368871315
F/shaped/0.3/min_phi_hp	4605931936772378741
F/shaped/0.3/nu_lp_end	4606657350116812478
F/shaped/0.3/thrust_int	4650801261634543805
F/shaped/0.3/m_i_lp	4601930627613292676
F/shaped/0.3/plateau_pts	1
F/shaped/0.3/dormant	1
F/shaped/0.3/saturated	0
F/shaped/0.3/delivered	1
F/shaped/0.7/b_int	0
F/shaped/0.7/b_peak	0
F/shaped/0.7/b_end	0
F/shaped/0.7/min_phi_lp	4604799549368871315
F/shaped/0.7/min_phi_hp	4605931936772378741
F/shaped/0.7/nu_lp_end	4606657350116812478
F/shaped/0.7/thrust_int	4650801261634543805
F/shaped/0.7/m_i_lp	4601930627613292676
F/shaped/0.7/plateau_pts	1
F/shaped/0.7/dormant	1
F/shaped/0.7/saturated	0
F/shaped/0.7/delivered	1
F/shaped/0.7354/b_int	0
F/shaped/0.7354/b_peak	0
F/shaped/0.7354/b_end	0
F/shaped/0.7354/min_phi_lp	4604799549368871315
F/shaped/0.7354/min_phi_hp	4605931936772378741
F/shaped/0.7354/nu_lp_end	4606657350116812478
F/shaped/0.7354/thrust_int	4650801261634543805
F/shaped/0.7354/m_i_lp	4601930627613292676
F/shaped/0.7354/plateau_pts	1
F/shaped/0.7354/dormant	1
F/shaped/0.7354/saturated	0
F/shaped/0.7354/delivered	1
F/shaped/0.76/b_int	4576852890246852407
F/shaped/0.76/b_peak	4585494206304128753
F/shaped/0.76/b_end	0
F/shaped/0.76/min_phi_lp	4605020690978879567
F/shaped/0.76/min_phi_hp	4605931106118589485
F/shaped/0.76/nu_lp_end	4606656321529478751
F/shaped/0.76/thrust_int	4650794340282820102
F/shaped/0.76/m_i_lp	4602700367496222842
F/shaped/0.76/plateau_pts	40
F/shaped/0.76/dormant	0
F/shaped/0.76/saturated	0
F/shaped/0.76/delivered	1
F/shaped/0.8/b_int	4585673235142090293
F/shaped/0.8/b_peak	4591295256929801503
F/shaped/0.8/b_end	0
F/shaped/0.8/min_phi_lp	4605380978949069203
F/shaped/0.8/min_phi_hp	4605927247125252914
F/shaped/0.8/nu_lp_end	4606651155591067671
F/shaped/0.8/thrust_int	4650758415189865257
F/shaped/0.8/m_i_lp	4603292946394561060
F/shaped/0.8/plateau_pts	57
F/shaped/0.8/dormant	0
F/shaped/0.8/saturated	0
F/shaped/0.8/delivered	1
F/shaped/0.8095/b_int	4586665672487710317
F/shaped/0.8095/b_peak	4591870180066957722
F/shaped/0.8095/b_end	0
F/shaped/0.8095/min_phi_lp	4605437601834025299
F/shaped/0.8095/min_phi_hp	4605926232111663845
F/shaped/0.8095/nu_lp_end	4606649653876223183
F/shaped/0.8095/thrust_int	4650748159647040811
F/shaped/0.8095/m_i_lp	4603380729849579664
F/shaped/0.8095/plateau_pts	1
F/shaped/0.8095/dormant	0
F/shaped/0.8095/saturated	1
F/shaped/0.8095/delivered	0
F/shaped/0.95/b_int	4592916960265963703
F/shaped/0.95/b_peak	4591870180066957722
F/shaped/0.95/b_end	4569746574140001225
F/shaped/0.95/min_phi_lp	4605447311850582083
F/shaped/0.95/min_phi_hp	4605924823525503194
F/shaped/0.95/nu_lp_end	4606612478954346763
F/shaped/0.95/thrust_int	4650653708668306989
F/shaped/0.95/m_i_lp	4603395646146569796
F/shaped/0.95/plateau_pts	1
F/shaped/0.95/dormant	0
F/shaped/0.95/saturated	1
F/shaped/0.95/delivered	0
F/tilted/0.3/b_int	0
F/tilted/0.3/b_peak	0
F/tilted/0.3/b_end	0
F/tilted/0.3/min_phi_lp	4604816885272376618
F/tilted/0.3/min_phi_hp	4605824122691942317
F/tilted/0.3/nu_lp_end	4606624913042051461
F/tilted/0.3/thrust_int	4650791853150948251
F/tilted/0.3/m_i_lp	4601994562375666376
F/tilted/0.3/plateau_pts	1
F/tilted/0.3/dormant	1
F/tilted/0.3/saturated	0
F/tilted/0.3/delivered	1
F/tilted/0.7/b_int	0
F/tilted/0.7/b_peak	0
F/tilted/0.7/b_end	0
F/tilted/0.7/min_phi_lp	4604816885272376618
F/tilted/0.7/min_phi_hp	4605824122691942317
F/tilted/0.7/nu_lp_end	4606624913042051461
F/tilted/0.7/thrust_int	4650791853150948251
F/tilted/0.7/m_i_lp	4601994562375666376
F/tilted/0.7/plateau_pts	1
F/tilted/0.7/dormant	1
F/tilted/0.7/saturated	0
F/tilted/0.7/delivered	1
F/tilted/0.7354/b_int	0
F/tilted/0.7354/b_peak	0
F/tilted/0.7354/b_end	0
F/tilted/0.7354/min_phi_lp	4604816885272376618
F/tilted/0.7354/min_phi_hp	4605824122691942317
F/tilted/0.7354/nu_lp_end	4606624913042051461
F/tilted/0.7354/thrust_int	4650791853150948251
F/tilted/0.7354/m_i_lp	4601994562375666376
F/tilted/0.7354/plateau_pts	1
F/tilted/0.7354/dormant	1
F/tilted/0.7354/saturated	0
F/tilted/0.7354/delivered	1
F/tilted/0.76/b_int	4576225317223351754
F/tilted/0.76/b_peak	4585264722162097535
F/tilted/0.76/b_end	0
F/tilted/0.76/min_phi_lp	4605020690978879566
F/tilted/0.76/min_phi_hp	4605822935448811251
F/tilted/0.76/nu_lp_end	4606624178274022025
F/tilted/0.76/thrust_int	4650785515723094177
F/tilted/0.76/m_i_lp	4602700367496222840
F/tilted/0.76/plateau_pts	37
F/tilted/0.76/dormant	0
F/tilted/0.76/saturated	0
F/tilted/0.76/delivered	1
F/tilted/0.8/b_int	4585573847219499290
F/tilted/0.8/b_peak	4591362411861439044
F/tilted/0.8/b_end	0
F/tilted/0.8/min_phi_lp	4605380978949069204
F/tilted/0.8/min_phi_hp	4605815906818127725
F/tilted/0.8/nu_lp_end	4606620376547368814
F/tilted/0.8/thrust_int	4650752531931410080
F/tilted/0.8/m_i_lp	4603292946394561062
F/tilted/0.8/plateau_pts	56
F/tilted/0.8/dormant	0
F/tilted/0.8/saturated	0
F/tilted/0.8/delivered	1
F/tilted/0.8095/b_int	4586565510590611441
F/tilted/0.8095/b_peak	4591870180066957722
F/tilted/0.8095/b_end	0
F/tilted/0.8095/min_phi_lp	4605428912839221133
F/tilted/0.8095/min_phi_hp	4605813987606309508
F/tilted/0.8095/nu_lp_end	4606619166013372019
F/tilted/0.8095/thrust_int	4650742151706884241
F/tilted/0.8095/m_i_lp	4603367348165175920
F/tilted/0.8095/plateau_pts	1
F/tilted/0.8095/dormant	0
F/tilted/0.8095/saturated	1
F/tilted/0.8095/delivered	0
F/tilted/0.95/b_int	4592551761967563765
F/tilted/0.95/b_peak	4591870180066957722
F/tilted/0.95/b_end	0
F/tilted/0.95/min_phi_lp	4605435924467700033
F/tilted/0.95/min_phi_hp	4605811177310823791
F/tilted/0.95/nu_lp_end	4606595742233896527
F/tilted/0.95/thrust_int	4650650386742700236
F/tilted/0.95/m_i_lp	4603378149078004118
F/tilted/0.95/plateau_pts	1
F/tilted/0.95/dormant	0
F/tilted/0.95/saturated	1
F/tilted/0.95/delivered	0
G/0.02/b_int	4577501885345820626
G/0.02/b_peak	4581421828931458171
G/0.02/min_phi_lp	4604919836163703684
G/0.02/nu_lp_end	4606654972959533697
G/0.02/thrust_int	4650784936906593055
G/0.02/saturated	1
G/0.02/delivered	0
G/0.02/plateau_pts	1
G/0.05/b_int	4583150352749287566
G/0.05/b_peak	4587366580439587226
G/0.05/min_phi_lp	4605106850648744473
G/0.05/nu_lp_end	4606652428145699281
G/0.05/thrust_int	4650767298217571489
G/0.05/saturated	1
G/0.05/delivered	0
G/0.05/plateau_pts	1
G/0.1/b_int	4585673235142090293
G/0.1/b_peak	4591295256929801503
G/0.1/min_phi_lp	4605380978949069203
G/0.1/nu_lp_end	4606651155591067671
G/0.1/thrust_int	4650758415189865257
G/0.1/saturated	0
G/0.1/delivered	1
G/0.1/plateau_pts	57
G/0.2/b_int	4585673235142090343
G/0.2/b_peak	4591295256929801507
G/0.2/min_phi_lp	4605380978949069203
G/0.2/nu_lp_end	4606651155591067670
G/0.2/thrust_int	4650758415189865254
G/0.2/saturated	0
G/0.2/delivered	1
G/0.2/plateau_pts	57
