# phase-3D resolved-cross-plane oracle — key	u64 bits	repr
# cpython 3.14.3
alg/f_stoich	4589541017384539306	0.0676763745235173
alg/xi_soot	4593254872794394768	0.11921647185039519
alg/c_opt/kp0.25	4616189618054758400	4.0
alg/c_opt/kp0.316	4612820036503723865	2.503605191475725
alg/c_opt/kp0.4	4609715693590413311	1.5624999999999998
alg/delta/J1.0	4582857790796367182	0.024981993515330196
alg/quarter/J1.0	4607182418800017408	1.0
alg/C/J1.0	4603804719079489536	0.625
alg/delta/J4.0	4585252392478413370	0.03532987404449668
alg/quarter/J4.0	4609047870845172685	1.4142135623730951
alg/C/J4.0	4608308318706860032	1.25
alg/delta/J16.0	4587361390423737678	0.04996398703066039
alg/quarter/J16.0	4611686018427387904	2.0
alg/C/J16.0	4612811918334230528	2.5
alg/delta/J100.0	4590356970592161235	0.079
alg/quarter/J100.0	4614303235046005587	3.1622776601683795
alg/C/J100.0	4618722892845154304	6.25
alg/delta/J400.0	4592714901977237505	0.11172287142747452
alg/quarter/J400.0	4616721195882509480	4.47213595499958
alg/C/J400.0	4623226492472524800	12.5
alg/cbrt/0.041667	4599916863071503222	0.3466806371753174
alg/sqrtf/0.041667	4596522367685766206	0.2041241452319315
alg/cbrt/0.500000	4605324238331407933	0.7937005259840998
alg/sqrtf/0.500000	4604544271217802189	0.7071067811865476
alg/cbrt/0.958333	4607055539938106128	0.9859136166167861
alg/sqrtf/0.958333	4606992772313136559	0.9789450103725609
alg/cbrt/1.000000	4607182418800017408	1.0
alg/sqrtf/1.000000	4607182418800017408	1.0
dp/dp1/Tt3	4648343779432381839	583.5049266125296
dp/dp1/Tt4	4654311885213007872	1500.0
dp/dp1/far	4583491089772941734	0.02717919071928212
dp/dp1/pt4	4694667685457302737	747441.4730230813
dp/dp1/xibar	4583283805392307149	0.026460028556701865
dp/dp4/Tt3	4650456414982095846	823.683781517783
dp/dp4/Tt4	4655631299166339072	1800.0
dp/dp4/far	4584579395695414361	0.03095501038479784
dp/dp4/pt4	4699817676430507771	1645382.6591491092
dp/dp4/xibar	4584311502339325351	0.0300255685970662
ceil/dp1	4589527205211605854	0.06748469211838201
ceil/dp4	4589280203047442731	0.06405684849605524
g22/n16/J1.0	4586251213023737214	0.042260583837541596
g23/n16/J1.0	4586251213023737214	0.042260583837541596
g24/n16/J1.0	4586251213023737209	0.04226058383754156
d23/n16/J1.0	0	0.0
d24/n16/J1.0	13583982376056258560	-3.469446951953614e-17
g22/n16/J4.0	4584642177125948779	0.031172827227604765
g23/n16/J4.0	4584642177125948779	0.031172827227604765
g24/n16/J4.0	4584642177125948763	0.03117282722760471
d23/n16/J4.0	0	0.0
d24/n16/J4.0	13587360075776786432	-5.551115123125783e-17
g22/n16/J16.0	4580901444148557185	0.01819455260112113
g23/n16/J16.0	4580901444148557185	0.01819455260112113
g24/n16/J16.0	4580901444148557174	0.018194552601121093
d23/n16/J16.0	0	0.0
d24/n16/J16.0	13584545326009679872	-3.8163916471489756e-17
g22/n16/J100.0	4586532410070412190	0.0442117803105113
g23/n16/J100.0	4586532410070412190	0.0442117803105113
g24/n16/J100.0	4586532410070412187	0.04421178031051128
d23/n16/J100.0	0	0.0
d24/n16/J100.0	13580604676335730688	-2.0816681711721685e-17
g22/n16/J400.0	4587150662032095569	0.04850176507851479
g23/n16/J400.0	4587150662032095569	0.04850176507851479
g24/n16/J400.0	4587150662032095564	0.04850176507851475
d23/n16/J400.0	0	0.0
d24/n16/J400.0	13583982376056258560	-3.469446951953614e-17
g22/n32/J1.0	4586252571751723504	0.04227001190688273
g23/n32/J1.0	4586252571751723504	0.04227001190688273
g24/n32/J1.0	4586252571751723505	0.04227001190688274
d23/n32/J1.0	0	0.0
d24/n32/J1.0	4350477240039899136	6.938893903907228e-18
g22/n32/J4.0	4584644013196286399	0.031179197376241193
g23/n32/J4.0	4584644013196286399	0.031179197376241193
g24/n32/J4.0	4584644013196286410	0.03117919737624123
d23/n32/J4.0	0	0.0
d24/n32/J4.0	4361173289154904064	3.8163916471489756e-17
g22/n32/J16.0	4580884326487337178	0.018135163783576803
g23/n32/J16.0	4580884326487337178	0.018135163783576803
g24/n32/J16.0	4580884326487337177	0.0181351637835768
d23/n32/J16.0	0	0.0
d24/n32/J16.0	13569345677267304448	-3.469446951953614e-18
g22/n32/J100.0	4586543066449381598	0.044285723793579854
g23/n32/J100.0	4586543066449381598	0.044285723793579854
g24/n32/J100.0	4586543066449381586	0.04428572379357977
d23/n32/J100.0	0	0.0
d24/n32/J100.0	13589611875590471680	-8.326672684688674e-17
g22/n32/J400.0	4587164735738452595	0.048599421033760935
g23/n32/J400.0	4587164735738452595	0.048599421033760935
g24/n32/J400.0	4587164735738452609	0.04859942103376103
d23/n32/J400.0	0	0.0
d24/n32/J400.0	4367365738642538496	9.71445146547012e-17
g22/n48/J1.0	4586253102133114527	0.04227369216708365
g23/n48/J1.0	4586253102133114527	0.04227369216708365
g24/n48/J1.0	4586253102133114524	0.042273692167083626
d23/n48/J1.0	0	0.0
d24/n48/J1.0	13580604676335730688	-2.0816681711721685e-17
g22/n48/J4.0	4584643372561336831	0.0311769747272681
g23/n48/J4.0	4584643372561336831	0.0311769747272681
g24/n48/J4.0	4584643372561336862	0.031176974727268207
d23/n48/J4.0	0	0.0
d24/n48/J4.0	4368210163572670464	1.0755285551056204e-16
g22/n48/J16.0	4580890021591342122	0.018154922644807815
g23/n48/J16.0	4580890021591342122	0.018154922644807815
g24/n48/J16.0	4580890021591342182	0.018154922644808023
d23/n48/J16.0	0	0.0
d24/n48/J16.0	4372432288223330304	2.0816681711721685e-16
g22/n48/J100.0	4586544480444718806	0.04429553535720536
g23/n48/J100.0	4586544480444718806	0.04429553535720536
g24/n48/J100.0	4586544480444718806	0.04429553535720536
d23/n48/J100.0	0	0.0
d24/n48/J100.0	0	0.0
g22/n48/J400.0	4587163683910979020	0.048592122514516584
g23/n48/J400.0	4587163683910979020	0.048592122514516584
g24/n48/J400.0	4587163683910979031	0.04859212251451666
d23/n48/J400.0	0	0.0
d24/n48/J400.0	4365676888782274560	7.632783294297951e-17
g22/halfS/J4.0	4586252571751723504	0.04227001190688273
g22/halfS/J16.0	4584644013196286399	0.031179197376241193
g22/halfS/J64.0	4580884326487337178	0.018135163783576803
g22/halfS/J256.0	4585805974343732414	0.03917111987507259
g22/dblH/J4.0	4586252571751723504	0.04227001190688273
g22/dblH/J16.0	4584644013196286399	0.031179197376241193
g22/dblH/J64.0	4580884326487337178	0.018135163783576803
g22/dblH/J256.0	4585805974343732414	0.03917111987507259
g22/both/J4.0	4584644013196286399	0.031179197376241193
g22/both/J16.0	4580884326487337178	0.018135163783576803
g22/both/J64.0	4585805974343732415	0.039171119875072595
g22/both/J256.0	4587439878263269671	0.05050860582191979
g22/dp4/J4.0	4583803093701695527	0.02826167179889452
g22/dp4/J16.0	4580477973212618993	0.016725342653189427
g22/dp4/J64.0	4585243817160786709	0.035270370825292975
loc/g/base/idx	4611686018427387904	2.0
loc/g/base/J	4625196817309499392	16.0
loc/g/base/C	4612811918334230528	2.5
loc/g/base/gmin	4580884326487337178	0.018135163783576803
loc/g/base/clear_lo	4608172990664854730	1.2199511383776547
loc/g/base/clear_hi	4609363476049781415	1.4842919953427243
loc/g/base/v0	4584644013196286399	0.031179197376241193
loc/g/base/v1	4582034034199863766	0.022124013702439736
loc/g/base/v2	4580884326487337178	0.018135163783576803
loc/g/base/v3	4583415771635870160	0.026917878438192322
loc/g/base/v4	4585805974343732415	0.039171119875072595
loc/g/halfS/idx	4611686018427387904	2.0
loc/g/halfS/J	4634204016564240384	64.0
loc/g/halfS/C	4612811918334230528	2.5
loc/g/halfS/gmin	4580884326487337178	0.018135163783576803
loc/g/halfS/clear_lo	4608172990664854727	1.219951138377654
loc/g/halfS/clear_hi	4609363476049781415	1.4842919953427243
loc/g/halfS/v0	4584644013196286399	0.031179197376241193
loc/g/halfS/v1	4582034034199863763	0.022124013702439726
loc/g/halfS/v2	4580884326487337178	0.018135163783576803
loc/g/halfS/v3	4583415771635870160	0.026917878438192322
loc/g/halfS/v4	4585805974343732414	0.03917111987507259
loc/g/dblH/idx	4611686018427387904	2.0
loc/g/dblH/J	4634204016564240384	64.0
loc/g/dblH/C	4612811918334230528	2.5
loc/g/dblH/gmin	4580884326487337178	0.018135163783576803
loc/g/dblH/clear_lo	4608172990664854727	1.219951138377654
loc/g/dblH/clear_hi	4609363476049781415	1.4842919953427243
loc/g/dblH/v0	4584644013196286399	0.031179197376241193
loc/g/dblH/v1	4582034034199863763	0.022124013702439726
loc/g/dblH/v2	4580884326487337178	0.018135163783576803
loc/g/dblH/v3	4583415771635870160	0.026917878438192322
loc/g/dblH/v4	4585805974343732414	0.03917111987507259
loc/g/kp25/idx	4613937818241073152	3.0
loc/g/kp25/J	4630263366890291200	36.0
loc/g/kp25/C	4615626668101337088	3.75
loc/g/kp25/gmin	4580956973959760174	0.0183872103353419
loc/g/kp25/clear_lo	4609070918440975318	1.4193311566775626
loc/g/kp25/clear_hi	4607885009410211066	1.1560064544644875
loc/g/kp25/v0	4585985916525720714	0.04041971958472697
loc/g/kp25/v1	4584861745946925742	0.032619219208574676
loc/g/kp25/v2	4583179325327216862	0.026097540513334454
loc/g/kp25/v3	4580956973959760174	0.0183872103353419
loc/g/kp25/v4	4581783769564833262	0.02125573382725137
loc/g/kp40/idx	4607182418800017408	1.0
loc/g/kp40/J	4621256167635550208	9.0
loc/g/kp40/C	4611123068473966592	1.875
loc/g/kp40/gmin	4581485383116602703	0.020220497873933593
loc/g/kp40/clear_lo	4607282548615398823	1.0222332852975826
loc/g/kp40/clear_hi	4609221756880308489	1.4528240183468049
loc/g/kp40/v0	4581614962298621088	0.02067006597202392
loc/g/kp40/v1	4581485383116602703	0.020220497873933593
loc/g/kp40/v2	4584124514720875190	0.029376824974181225
loc/g/kp40/v3	4586437291166122202	0.04355176032538717
loc/g/kp40/v4	4587137439975340463	0.04841001862949967
fine/J0	4607182418800017408	1.0
fine/g0	4586252571751723504	0.04227001190688273
fine/J12	4616721195882509480	4.47213595499958
fine/g12	4584278516048897384	0.029911124412284634
fine/J24	4626322717216342016	20.0
fine/g24	4581100388645993343	0.018884779981358953
fine/J30	4631149288344528386	42.294850537622565
fine/g30	4584291982241567404	0.029957844653398055
fine/J36	4635994388755771858	89.44271909999159
fine/g36	4586391424662325604	0.04323349752179942
fine/J48	4645744490609377280	400.0
fine/g48	4587164735738452595	0.048599421033760935
F/base/J4.0	4600740075459548598	0.39237810454354916
F/base/J9.0	4599812742950444680	0.3409008093890198
F/base/J16.0	4599366644501220664	0.31613737091011584
F/base/J36.0	4600346268785677538	0.3705174427144141
F/base/J64.0	4601373680895163082	0.42755027170089177
loc/F/base/idx	4611686018427387904	2.0
loc/F/base/J	4625196817309499392	16.0
loc/F/base/C	4612811918334230528	2.5
loc/F/base/clear_lo	4607535191431689962	1.0783312596280958
loc/F/base/clear_hi	4607957101243947298	1.1720140572047701
F/base/depth	4608769574083308053	1.3524192678329474
F/cancel/J4.0/a	4600740075459548644	0.3923781045435517
F/cancel/J4.0/b	4600740075459548635	0.3923781045435512
F/cancel/J4.0/d	13601433824612319232	-4.996003610813204e-16
F/cancel/J16.0/a	4599366644501220684	0.31613737091011695
F/cancel/J16.0/b	4599366644501220698	0.31613737091011773
F/cancel/J16.0/d	4380876537524649984	7.771561172376096e-16
F/cancel/J64.0/a	4601373680895163190	0.42755027170089777
F/cancel/J64.0/b	4601373680895163018	0.4275502717008882
F/cancel/J64.0/d	13620433385540288512	-9.547918011776346e-15
grad/base/J4.0	4614931967771093492	3.441491079259544
grad/base/J9.0	4616255157509980053	4.058210729766775
grad/base/J16.0	4616317790053082888	4.113839602921651
grad/base/J36.0	4615692645365711763	3.779299791204218
grad/base/J64.0	4613449213474155572	2.783015895130598
loc/grad/base/idx	4611686018427387904	2.0
loc/grad/base/J	4625196817309499392	16.0
loc/grad/base/clear_lo	4607244152945702282	1.0137077339889822
loc/grad/base/clear_hi	4607581072903853706	1.0885189929880732
loc/Fshift/halfS/idx	4611686018427387904	2.0
loc/Fshift/halfS/J	4634204016564240384	64.0
loc/Fshift/halfS/C	4612811918334230528	2.5
loc/Fshift/base/idx	4611686018427387904	2.0
loc/Fshift/base/J	4625196817309499392	16.0
loc/Fshift/base/C	4612811918334230528	2.5
stag/base/J4.0	4644653775074623488	338.0
stag/base/J9.0	4642507528377204736	236.0
stag/base/J16.0	4641522365958717440	208.0
stag/base/J36.0	4643985272004935680	300.0
stag/base/J64.0	4646096334330265600	420.0
loc/stag/base/idx	4611686018427387904	2.0
loc/stag/base/J	4625196817309499392	16.0
stag/base/frac_min	4596486369685012480	0.203125
stag/base/frac_max	4601060338056560640	0.41015625
stag/n16/J16	4631389266797133824	44.0
stag/n32/J16	4641522365958717440	208.0
stag/n48/J16	4647714815446351872	512.0
knots/r23/n16/J4.0	4620693217682128896	8.0
knots/r24/n16/J4.0	4620693217682128896	8.0
knots/r23/n16/J16.0	4620693217682128896	8.0
knots/r24/n16/J16.0	4620693217682128896	8.0
knots/r23/n16/J100.0	4620693217682128896	8.0
knots/r24/n16/J100.0	4620693217682128896	8.0
knots/r23/n32/J4.0	4625196817309499392	16.0
knots/r24/n32/J4.0	4625196817309499392	16.0
knots/r23/n32/J16.0	4625196817309499392	16.0
knots/r24/n32/J16.0	4625196817309499392	16.0
knots/r23/n32/J100.0	4625196817309499392	16.0
knots/r24/n32/J100.0	4625196817309499392	16.0
knots/r23/n48/J4.0	4627448617123184640	24.0
knots/r24/n48/J4.0	4627448617123184640	24.0
knots/r23/n48/J16.0	4627448617123184640	24.0
knots/r24/n48/J16.0	4627448617123184640	24.0
knots/r23/n48/J100.0	4627448617123184640	24.0
knots/r24/n48/J100.0	4627448617123184640	24.0
tau23/J4.0/x0	4554509817510621072	0.0003184406875786855
tau24/J4.0/x0	4557467063762187957	0.0004787533281048571
tau23/J4.0/x1	4559084100892469486	0.0006445449231738101
tau24/J4.0/x1	4550950912979525627	0.0001848263556822881
tau23/J4.0/x2	4559574299925205630	0.0006976924087980921
tau24/J4.0/x2	4554621582944881653	0.0003244995039103909
tau23/J4.0/x3	4559927695184959951	0.0007360075996352635
tau24/J4.0/x3	4553793595693527662	0.000279614225074976
tau23/J4.0/x4	4560272523627318194	0.0007733939742692235
tau24/J4.0/x4	4555394906906913564	0.0003664214798938957
tau23/J4.0/x5	4560713531587096343	0.0008212081530767104
tau24/J4.0/x5	4557143061570766679	0.0004611891341134064
tau23/J4.0/x6	4560934595466844803	0.0008451759469448459
tau24/J4.0/x6	4557622482336076992	0.0004871785858776116
tau23/J4.0/x7	4560934595466844803	0.0008451759469448459
tau24/J4.0/x7	4557622482336076992	0.0004871785858776116
tau23/J4.0/x8	4560934595466844803	0.0008451759469448459
tau24/J4.0/x8	4557622482336076992	0.0004871785858776116
taumean/r23/J4.0	4558715342162721020	0.0006045640215821819
taumean/r24/J4.0	4554659842531807684	0.00032657356027357095
tau23/J16.0/x0	4554877874658780705	0.0003383931055603602
tau24/J16.0/x0	4557054258069479603	0.00045637508666241804
tau23/J16.0/x1	4557854900357077975	0.000511274734084628
tau24/J16.0/x1	4547595251158186055	0.00010797063613085619
tau23/J16.0/x2	4558750070014187219	0.0006083292227827226
tau24/J16.0/x2	4553301807054718414	0.0002529543095449422
tau23/J16.0/x3	4559328241451044831	0.0006710146955737315
tau24/J16.0/x3	4553503259432460612	0.0002638750648249653
tau23/J16.0/x4	4559920801658543531	0.0007352602020035867
tau24/J16.0/x4	4555586663914334118	0.0003768166480956299
tau23/J16.0/x5	4560223685370271175	0.0007680989198301451
tau24/J16.0/x5	4557156961464322599	0.0004619426488529387
tau23/J16.0/x6	4560223685370271175	0.0007680989198301451
tau24/J16.0/x6	4557156961464322599	0.0004619426488529387
tau23/J16.0/x7	4560223685370271175	0.0007680989198301451
tau24/J16.0/x7	4557156961464322599	0.0004619426488529387
tau23/J16.0/x8	4560223685370271175	0.0007680989198301451
tau24/J16.0/x8	4557156961464322599	0.0004619426488529387
taumean/r23/J16.0	4558231614867884774	0.0005521182031869825
taumean/r24/J16.0	4552635261224011682	0.00023048070632963625
tau23/J64.0/x0	4556864024716440528	0.0004460625159302097
tau24/J64.0/x0	4557641149141426717	0.0004881905154232884
tau23/J64.0/x1	4556567705666830192	0.0004299990280633914
tau24/J64.0/x1	4552418388090296164	0.00022460234826143365
tau23/J64.0/x2	4554725330111179482	0.00033012364906485697
tau24/J64.0/x2	4552841197014535775	0.00023606260711660478
tau23/J64.0/x3	4555128458626761810	0.0003519772896841178
tau24/J64.0/x3	4553988922797429375	0.00029020292859475294
tau23/J64.0/x4	4555803871833816848	0.0003885915130048415
tau24/J64.0/x4	4555405527220467897	0.00036699720824529995
tau23/J64.0/x5	4558199953699005337	0.0005486854923787309
tau24/J64.0/x5	4557127364881376421	0.000460338214876519
tau23/J64.0/x6	4559620911634839499	0.0007027460604829226
tau24/J64.0/x6	4557671642247983092	0.0004914058500840022
tau23/J64.0/x7	4559620911634839499	0.0007027460604829226
tau24/J64.0/x7	4557671642247983092	0.0004914058500840022
tau23/J64.0/x8	4559620911634839499	0.0007027460604829226
tau24/J64.0/x8	4557671642247983092	0.0004914058500840022
taumean/r23/J64.0	4556928676363824275	0.00044956728875762095
taumean/r24/J64.0	4555004036677758047	0.00034523236231337977
zn/r22/J4.0/ei_no	4563687882549798272	0.0013108133612525774
zn/r22/J4.0/ei_quenched	4611520893641311422	1.9633349321123172
zn/r22/J4.0/max_a	4586881961007070332	0.04663727717399355
zn/r22/J4.0/C_holdeman	4608308318706860032	1.25
zn/r22/J4.0/g_seg	4584642054206896421	0.031172400766473225
zn/r22/J4.0/g_ceiling	4589527205211605854	0.06748469211838201
zn/r22/J4.0/g_spatial	4584642054206896421	0.031172400766473225
zn/r22/J4.0/ei_spatial	4608005775273409074	1.1828218628467195
zn/r22/J16.0/ei_no	4563687882549798272	0.0013108133612525774
zn/r22/J16.0/ei_quenched	4607050647592458531	0.9853704571385474
zn/r22/J16.0/max_a	4582403714487791612	0.023406599850588336
zn/r22/J16.0/C_holdeman	4612811918334230528	2.5
zn/r22/J16.0/g_seg	4580882737287488877	0.01812965013900707
zn/r22/J16.0/g_ceiling	4589527205211605854	0.06748469211838201
zn/r22/J16.0/g_spatial	4580882737287488877	0.01812965013900707
zn/r22/J16.0/ei_spatial	4607961297801284756	1.1729458801208112
zn/r22/J64.0/ei_no	4563687882549798272	0.0013108133612525774
zn/r22/J64.0/ei_quenched	4602572481542984073	0.49409707575821266
zn/r22/J64.0/max_a	4577919447725985124	0.011736837101045956
zn/r22/J64.0/C_holdeman	4617315517961601024	5.0
zn/r22/J64.0/g_seg	4585805930339211287	0.039170814532369196
zn/r22/J64.0/g_ceiling	4589527205211605854	0.06748469211838201
zn/r22/J64.0/g_spatial	4585805930339211287	0.039170814532369196
zn/r22/J64.0/ei_spatial	4607692556627078747	1.113273352267149
zn/r22/J16/su/ei_no	4565355713612328877	0.0016724665735194752
zn/r22/J16/su/ei_quenched	4607878062458169363	1.1544639212429544
zn/r22/J16/su/max_a	4583561439358753456	0.027423264875347797
zn/r22/J16/su/C_holdeman	4612811918334230528	2.5
zn/r22/J16/su/g_seg	4580882737287488877	0.01812965013900707
zn/r22/J16/su/g_ceiling	4589527205211605854	0.06748469211838201
zn/r22/J16/su/g_spatial	4580882737287488877	0.01812965013900707
zn/r22/J16/su/ei_spatial	4608753539059474852	1.3488587773009408
zn/r22/dp4/ei_no	4584673332523083128	0.03131183845045887
zn/r22/dp4/ei_quenched	4622085897098845477	10.47389560697645
zn/r22/dp4/max_a	4591191181956955641	0.09057700830748407
zn/r22/dp4/C_holdeman	4612811918334230528	2.5
zn/r22/dp4/g_seg	4580474156633083510	0.016712101232953157
zn/r22/dp4/g_ceiling	4589280203047442731	0.06405684849605524
zn/r22/dp4/g_spatial	4580474156633083510	0.016712101232953157
zn/r22/dp4/ei_spatial	4621175218949530639	8.856206247948675
zn/r23/J4.0/ei_no	4563687882549798272	0.0013108133612525774
zn/r23/J4.0/ei_quenched	4611520893641311422	1.9633349321123172
zn/r23/J4.0/max_a	4603187831175250199	0.5565116845100729
zn/r23/J4.0/C_holdeman	4608308318706860032	1.25
zn/r23/J4.0/g_seg	4584638428181214935	0.031159820462724887
zn/r23/J4.0/g_ceiling	4589527205211605854	0.06748469211838201
zn/r23/J4.0/g_dwell	4584638428181214935	0.031159820462724887
zn/r23/J4.0/tau_mean	4566705498845106229	0.0019771841797453734
zn/r23/J4.0/ei_excess	4609368608986009043	1.4854317361394933
zn/r23/J4.0/ei_dwell	4614948350941030728	3.4487666682518103
zn/r23/J4.0/ei_meanfield	4614765459198042221	3.3675464186199435
zn/r23/J4.0/corr_ratio	4607442909110409858	1.0578404680578903
zn/r23/J16.0/ei_no	4563687882549798272	0.0013108133612525774
zn/r23/J16.0/ei_quenched	4607050647592458531	0.9853704571385474
zn/r23/J16.0/max_a	4602979117715261335	0.5333398356271911
zn/r23/J16.0/C_holdeman	4612811918334230528	2.5
zn/r23/J16.0/g_seg	4580900917812187451	0.018192726505007455
zn/r23/J16.0/g_ceiling	4589527205211605854	0.06748469211838201
zn/r23/J16.0/g_dwell	4580900917812187451	0.018192726505007455
zn/r23/J16.0/tau_mean	4561584314718095068	0.0009156186493159651
zn/r23/J16.0/ei_excess	4608472211302389661	1.2863914666245144
zn/r23/J16.0/ei_dwell	4612297971876684311	2.2717619237630617
zn/r23/J16.0/ei_meanfield	4612229344131189388	2.24128508249243
zn/r23/J16.0/corr_ratio	4607291706078164338	1.024266650499467
zn/r23/J64.0/ei_no	4563687882549798272	0.0013108133612525774
zn/r23/J64.0/ei_quenched	4602572481542984073	0.49409707575821266
zn/r23/J64.0/max_a	4602843410238858887	0.5182732791356138
zn/r23/J64.0/C_holdeman	4617315517961601024	5.0
zn/r23/J64.0/g_seg	4585806062190099563	0.03917172943169408
zn/r23/J64.0/g_ceiling	4589527205211605854	0.06748469211838201
zn/r23/J64.0/g_dwell	4585806062190099563	0.03917172943169408
zn/r23/J64.0/tau_mean	4555627689422575744	0.0003790406453537745
zn/r23/J64.0/ei_excess	4607937795195266102	1.1677272532526906
zn/r23/J64.0/ei_dwell	4610163010601535640	1.6618243290109032
zn/r23/J64.0/ei_meanfield	4610113472753091099	1.650824717024199
zn/r23/J64.0/corr_ratio	4607225244653465782	1.0095092497095215
zn/r23/J16/su/ei_no	4565355713612328877	0.0016724665735194752
zn/r23/J16/su/ei_quenched	4607878062458169363	1.1544639212429544
zn/r23/J16/su/max_a	4603534023416403702	0.5949467442175933
zn/r23/J16/su/C_holdeman	4612811918334230528	2.5
zn/r23/J16/su/g_seg	4580900917812187451	0.018192726505007455
zn/r23/J16/su/g_ceiling	4589527205211605854	0.06748469211838201
zn/r23/J16/su/g_dwell	4580900917812187451	0.018192726505007455
zn/r23/J16/su/tau_mean	4561584314718095068	0.0009156186493159651
zn/r23/J16/su/ei_excess	4609349517998157853	1.4811926852844473
zn/r23/J16/su/ei_dwell	4613117389855534104	2.6356566065274016
zn/r23/J16/su/ei_meanfield	4613037488213101344	2.600173149273715
zn/r23/J16/su/corr_ratio	4607292955055695316	1.0245439792218933
zn/r24/J4.0/ei_no	4563687882549798272	0.0013108133612525774
zn/r24/J4.0/ei_quenched	4611520893641311422	1.9633349321123172
zn/r24/J4.0/max_a	4602987719520864948	0.5342948278906392
zn/r24/J4.0/C_holdeman	4608308318706860032	1.25
zn/r24/J4.0/g_seg	4584638428181214931	0.031159820462724874
zn/r24/J4.0/g_ceiling	4589527205211605854	0.06748469211838201
zn/r24/J4.0/g_local	4584638428181214931	0.031159820462724874
zn/r24/J4.0/f_shape	4600787941080751063	0.3950351802808973
zn/r24/J4.0/tau_mean	4563023622201499180	0.0011667748587082067
zn/r24/J4.0/ei_excess	4608750624814824118	1.3482116849988137
zn/r24/J4.0/ei_local	4614639358855438266	3.311546617111131
zn/r24/J4.0/ei_meanfield	4614563405784050255	3.2778166776527438
zn/r24/J4.0/corr_ratio	4607297982324038480	1.0256602570350033
zn/r24/J16.0/ei_no	4563687882549798272	0.0013108133612525774
zn/r24/J16.0/ei_quenched	4607050647592458531	0.9853704571385474
zn/r24/J16.0/max_a	4602894296595119313	0.5239227995715742
zn/r24/J16.0/C_holdeman	4612811918334230528	2.5
zn/r24/J16.0/g_seg	4580900917812187440	0.018192726505007417
zn/r24/J16.0/g_ceiling	4589527205211605854	0.06748469211838201
zn/r24/J16.0/g_local	4580900917812187440	0.018192726505007417
zn/r24/J16.0/f_shape	4599378099828216320	0.3167732692993752
zn/r24/J16.0/tau_mean	4556341367135756770	0.0004177291917080423
zn/r24/J16.0/ei_excess	4608251819259738216	1.2374546025853537
zn/r24/J16.0/ei_local	4612187775855358589	2.222825059723901
zn/r24/J16.0/ei_meanfield	4612128736466335234	2.196606304102489
zn/r24/J16.0/corr_ratio	4607279904998384707	1.0216462844021101
zn/r24/J64.0/ei_no	4563687882549798272	0.0013108133612525774
zn/r24/J64.0/ei_quenched	4602572481542984073	0.49409707575821266
zn/r24/J64.0/max_a	4602835342519484771	0.517377582355078
zn/r24/J64.0/C_holdeman	4617315517961601024	5.0
zn/r24/J64.0/g_seg	4585806062190099566	0.0391717294316941
zn/r24/J64.0/g_ceiling	4589527205211605854	0.06748469211838201
zn/r24/J64.0/g_local	4585806062190099566	0.0391717294316941
zn/r24/J64.0/f_shape	4601406594499974349	0.42937734379513587
zn/r24/J64.0/tau_mean	4554312950312718855	0.00030776849539584965
zn/r24/J64.0/ei_excess	4607884911588082822	1.1559847335886686
zn/r24/J64.0/ei_local	4610110126994352360	1.6500818093468812
zn/r24/J64.0/ei_meanfield	4610076529597254168	1.6426216885817038
zn/r24/J64.0/corr_ratio	4607211671457490370	1.0064953947715911
zn/r24/J16/su/ei_no	4565355713612328877	0.0016724665735194752
zn/r24/J16/su/ei_quenched	4607878062458169363	1.1544639212429544
zn/r24/J16/su/max_a	4603437637051821065	0.5842457080956375
zn/r24/J16/su/C_holdeman	4612811918334230528	2.5
zn/r24/J16/su/g_seg	4580900917812187440	0.018192726505007417
zn/r24/J16/su/g_ceiling	4589527205211605854	0.06748469211838201
zn/r24/J16/su/g_local	4580900917812187440	0.018192726505007417
zn/r24/J16/su/f_shape	4599378099828216320	0.3167732692993752
zn/r24/J16/su/tau_mean	4556341367135756770	0.0004177291917080423
zn/r24/J16/su/ei_excess	4609092023504792888	1.4240174222348525
zn/r24/J16/su/ei_local	4612988642608851622	2.578481343477807
zn/r24/J16/su/ei_meanfield	4612920027980543036	2.5480103274080914
zn/r24/J16/su/corr_ratio	4607280893638035044	1.0218658065026824
