# slice T oracle (main) — rungs 46+47+48 readers — key	u64 bits (or an integer)	repr
A/flow/press/rho	4607182418800017408	1.0
A/flow/press/r	4602678819172646912	0.5
A/flow/press/Tt4_max	4654223924282785792	1480.0
A/flow/press/tau_gov_is_set	0	0
A/flow/press/Tt4_peak_bare	4654949061565516175	1644.8771291753253
A/flow/press/Tt4_peak_top	4654223924282785830	1480.0000000000086
A/flow/press/overshoot	4441393657517441024	8.640199666842818e-12
A/flow/press/min_phi_lp_bare	4604839298843509145	0.7398614274825831
A/flow/press/min_phi_lp_top	4604839298843509145	0.7398614274825831
A/flow/press/min_phi_hp_bare	4605945775370749913	0.8627049991575816
A/flow/press/min_phi_hp_top	4605970940731656228	0.8654989154677009
A/flow/press/relief_lp	0	0.0
A/flow/press/relief_hp	4568588754918329088	0.002793916310119271
A/flow/press/held	1	1
A/flow/press/top/ext_lp	13818696607377530792	-0.17087859550178774
A/flow/press/top/ext_hp	13815491715618179624	-0.10346248996760521
A/flow/press/top/s_lp	4602678819172646913	0.5000000000000001
A/flow/press/top/s_hp	4599796515411129795	0.34
A/flow/press/top/min_phi_lp	4604839298843509145	0.7398614274825831
A/flow/press/top/min_phi_hp	4605970940731656228	0.8654989154677009
A/flow/press/top/Tt4_peak	4654223924282785830	1480.0000000000086
A/flow/press/top/ratio	4610116962013288019	1.6515994884261047
A/flow/press/top/npts	126	126
A/press/flow/rho	4607182418800017408	1.0
A/press/flow/r	4602678819172646912	0.5
A/press/flow/Tt4_max	4654223924282785792	1480.0
A/press/flow/tau_gov_is_set	0	0
A/press/flow/Tt4_peak_bare	4654976850702716397	1651.195647437936
A/press/flow/Tt4_peak_top	4654223924282785817	1480.0000000000057
A/press/flow/overshoot	4438578907750334464	5.6843418860808015e-12
A/press/flow/min_phi_lp_bare	4604945105819692222	0.7516083615950249
A/press/flow/min_phi_lp_top	4604945105819692222	0.7516083615950249
A/press/flow/min_phi_hp_bare	4605763729040644062	0.8424937964343788
A/press/flow/min_phi_hp_top	4605795929639494900	0.8460687810594707
A/press/flow/relief_lp	0	0.0
A/press/flow/relief_hp	4570389775832126976	0.0035749846250918704
A/press/flow/held	1	1
A/press/flow/top/ext_lp	13818412949785839016	-0.16300551576663946
A/press/flow/top/ext_hp	13816653497652211376	-0.11958545451482894
A/press/flow/top/s_lp	4602678819172646913	0.5000000000000001
A/press/flow/top/s_hp	4599436227440940155	0.32
A/press/flow/top/min_phi_lp	4604945105819692222	0.7516083615950249
A/press/flow/top/min_phi_hp	4605795929639494900	0.8460687810594707
A/press/flow/top/Tt4_peak	4654223924282785817	1480.0000000000057
A/press/flow/top/ratio	4608817622449720555	1.3630881483703046
A/press/flow/top/npts	126	126
A/tilted/rho	4607182418800017408	1.0
A/tilted/r	4602678819172646912	0.5
A/tilted/Tt4_max	4654223924282785792	1480.0
A/tilted/tau_gov_is_set	0	0
A/tilted/Tt4_peak_bare	4654975673270415006	1650.9279303279832
A/tilted/Tt4_peak_top	4654223924282785818	1480.000000000006
A/tilted/overshoot	4438860382727045120	5.9117155615240335e-12
A/tilted/min_phi_lp_bare	4604857427601814217	0.7418741239703986
A/tilted/min_phi_lp_top	4604857427601814217	0.7418741239703986
A/tilted/min_phi_hp_bare	4605840466474298678	0.8510133630037788
A/tilted/min_phi_hp_top	4605868250805804223	0.8540980434599063
A/tilted/relief_lp	0	0.0
A/tilted/relief_hp	4569259211391731968	0.00308468045612742
A/tilted/held	1	1
A/tilted/top/ext_lp	13818644862391903776	-0.16944238364048747
A/tilted/top/ext_hp	13816172222663978968	-0.11290642235093118
A/tilted/top/s_lp	4602678819172646913	0.5000000000000001
A/tilted/top/s_hp	4599436227440940155	0.32
A/tilted/top/min_phi_lp	4604857427601814217	0.7418741239703986
A/tilted/top/min_phi_hp	4605868250805804223	0.8540980434599063
A/tilted/top/Tt4_peak	4654223924282785818	1480.000000000006
A/tilted/top/ratio	4609437519341643759	1.5007329088316472
A/tilted/top/npts	126	126
A/hp-only/rho	4607182418800017408	1.0
A/hp-only/r	4602678819172646912	0.5
A/hp-only/Tt4_max	4654223924282785792	1480.0
A/hp-only/tau_gov_is_set	0	0
A/hp-only/Tt4_peak_bare	4654933982070813728	1641.4484490410032
A/hp-only/Tt4_peak_top	4654223924282785810	1480.000000000004
A/hp-only/overshoot	4436608582913359872	4.092726157978177e-12
A/hp-only/min_phi_lp_bare	4604406801150809304	0.6918445378293212
A/hp-only/min_phi_lp_top	4604406801150809304	0.6918445378293212
A/hp-only/min_phi_hp_bare	4605952803302537506	0.8634852563261897
A/hp-only/min_phi_hp_top	4605976894982278587	0.866159970081234
A/hp-only/relief_lp	0	0.0
A/hp-only/relief_hp	4568313892540029184	0.0026747137550443556
A/hp-only/held	1	1
A/hp-only/top/ext_lp	13819782151040904608	-0.2010084847346265
A/hp-only/top/ext_hp	13815457647104453064	-0.1029896943631804
A/hp-only/top/s_lp	4602678819172646913	0.5000000000000001
A/hp-only/top/s_hp	4599796515411129795	0.34
A/hp-only/top/min_phi_lp	4604406801150809304	0.6918445378293212
A/hp-only/top/min_phi_hp	4605976894982278587	0.866159970081234
A/hp-only/top/Tt4_peak	4654223924282785810	1480.000000000004
A/hp-only/top/ratio	4611468647538938384	1.9517339669520233
A/hp-only/top/npts	126	126
B/r0.5/rho	4607182418800017408	1.0
B/r0.5/r	4602678819172646912	0.5
B/r0.5/Tt4_max	4654048002422341632	1440.0
B/r0.5/tau_gov_is_set	0	0
B/r0.5/Tt4_peak_bare	4654949061565516175	1644.8771291753253
B/r0.5/Tt4_peak_top	4654048002422341671	1440.0000000000089
B/r0.5/overshoot	4441534395005796352	8.86757334228605e-12
B/r0.5/min_phi_lp_bare	4604839298843509145	0.7398614274825831
B/r0.5/min_phi_lp_top	4604839298843509145	0.7398614274825831
B/r0.5/min_phi_hp_bare	4605945775370749913	0.8627049991575816
B/r0.5/min_phi_hp_top	4606000343092322410	0.8687632332466937
B/r0.5/relief_lp	0	0.0
B/r0.5/relief_hp	4573634690514962560	0.006058234089112102
B/r0.5/held	1	1
B/r0.5/top/ext_lp	13818660363199599208	-0.16987261748058136
B/r0.5/top/ext_hp	13815088201732933144	-0.09786260989064777
B/r0.5/top/s_lp	4602678819172646913	0.5000000000000001
B/r0.5/top/s_hp	4599075939470750515	0.3
B/r0.5/top/min_phi_lp	4604839298843509145	0.7398614274825831
B/r0.5/top/min_phi_hp	4606000343092322410	0.8687632332466937
B/r0.5/top/Tt4_peak	4654048002422341671	1440.0000000000089
B/r0.5/top/ratio	4610496291623472156	1.7358275818558075
B/r0.5/top/npts	126	126
B/r0.15/rho	4607182418800017408	1.0
B/r0.15/r	4594572339843380019	0.15
B/r0.15/Tt4_max	4654048002422341632	1440.0
B/r0.15/tau_gov_is_set	0	0
B/r0.15/Tt4_peak_bare	4655538323267097785	1778.859728061869
B/r0.15/Tt4_peak_top	4654048002422341663	1440.000000000007
B/r0.15/overshoot	4440267757610598400	7.048583938740194e-12
B/r0.15/min_phi_lp_bare	4604459860660990487	0.6977353268171694
B/r0.15/min_phi_lp_top	4604633017813620172	0.7169596325899703
B/r0.15/min_phi_hp_bare	4605514229885000486	0.8147938257123755
B/r0.15/min_phi_hp_top	4605862690997108394	0.8534807806972442
B/r0.15/relief_lp	4581198250292573856	0.019224305772800876
B/r0.15/relief_hp	4585736198829520960	0.03868695498486874
B/r0.15/held	1	1
B/r0.15/top/ext_lp	13820404629714347644	-0.21828573862449108
B/r0.15/top/ext_hp	13816891644295460728	-0.12289040309698673
B/r0.15/top/s_lp	4594932627813569659	0.16
B/r0.15/top/s_hp	4594932627813569659	0.16
B/r0.15/top/min_phi_lp	4604633017813620172	0.7169596325899703
B/r0.15/top/min_phi_hp	4605862690997108394	0.8534807806972442
B/r0.15/top/Tt4_peak	4654048002422341663	1440.000000000007
B/r0.15/top/ratio	4610678398849781655	1.7762635089756935
B/r0.15/top/npts	109	109
C/flow/press/taunone/rho	4607182418800017408	1.0
C/flow/press/taunone/r	4602678819172646912	0.5
C/flow/press/taunone/Tt4_max	4654223924282785792	1480.0
C/flow/press/taunone/tau_gov_is_set	0	0
C/flow/press/taunone/Tt4_peak_bare	4655171289185402739	1695.4058398939349
C/flow/press/taunone/Tt4_peak_top	4654223924282785796	1480.000000000001
C/flow/press/taunone/overshoot	4427038433705197568	9.094947017729282e-13
C/flow/press/taunone/min_phi_lp_bare	4604799708185174898	0.7354659814383082
C/flow/press/taunone/min_phi_lp_top	4604799708185174898	0.7354659814383082
C/flow/press/taunone/min_phi_hp_bare	4605932210771652934	0.861199026133854
C/flow/press/taunone/min_phi_hp_top	4605979651614493562	0.8664660177367829
C/flow/press/taunone/relief_lp	0	0.0
C/flow/press/taunone/relief_hp	4572722450037283328	0.005266991602928872
C/flow/press/taunone/held	1	1
C/flow/press/taunone/top/ext_lp	13818625670862212036	-0.1689097116869488
C/flow/press/taunone/top/ext_hp	13815351053925689032	-0.10151041684653273
C/flow/press/taunone/top/s_lp	4602678819172646913	0.5000000000000001
C/flow/press/taunone/top/s_hp	4599075939470750515	0.3
C/flow/press/taunone/top/min_phi_lp	4604799708185174898	0.7354659814383082
C/flow/press/taunone/top/min_phi_hp	4605979651614493562	0.8664660177367829
C/flow/press/taunone/top/Tt4_peak	4654223924282785796	1480.000000000001
C/flow/press/taunone/top/ratio	4610172648261760574	1.6639643194679503
C/flow/press/taunone/top/npts	126	126
C/flow/press/tau0.05/rho	4607182418800017408	1.0
C/flow/press/tau0.05/r	4602678819172646912	0.5
C/flow/press/tau0.05/Tt4_max	4654223924282785792	1480.0
C/flow/press/tau0.05/tau_gov_is_set	1	1
C/flow/press/tau0.05/tau_gov	4587366580439587226	0.05
C/flow/press/tau0.05/Tt4_peak_bare	4655171289185402739	1695.4058398939349
C/flow/press/tau0.05/Tt4_peak_top	4654468406379012706	1535.5887927991794
C/flow/press/tau0.05/overshoot	4633020244388760640	55.58879279917937
C/flow/press/tau0.05/min_phi_lp_bare	4604799708185174898	0.7354659814383082
C/flow/press/tau0.05/min_phi_lp_top	4604799708185174898	0.7354659814383082
C/flow/press/tau0.05/min_phi_hp_bare	4605932210771652934	0.861199026133854
C/flow/press/tau0.05/min_phi_hp_top	4605964272221020899	0.8647585620629709
C/flow/press/tau0.05/relief_lp	0	0.0
C/flow/press/tau0.05/relief_hp	4570354153564511488	0.0035595359291168416
C/flow/press/tau0.05/held	0	0
C/flow/press/tau0.05/top/ext_lp	13818683069736687712	-0.1705028504877104
C/flow/press/tau0.05/top/ext_hp	13815711598363244824	-0.10651397604621982
C/flow/press/tau0.05/top/s_lp	4602678819172646913	0.5000000000000001
C/flow/press/tau0.05/top/s_hp	4600156803381319435	0.36000000000000004
C/flow/press/tau0.05/top/min_phi_lp	4604799708185174898	0.7354659814383082
C/flow/press/tau0.05/top/min_phi_hp	4605964272221020899	0.8647585620629709
C/flow/press/tau0.05/top/Tt4_peak	4654468406379012706	1535.5887927991794
C/flow/press/tau0.05/top/ratio	4609887981786094502	1.6007556643432763
C/flow/press/tau0.05/top/npts	126	126
C/flow/press/tau0.1/rho	4607182418800017408	1.0
C/flow/press/tau0.1/r	4602678819172646912	0.5
C/flow/press/tau0.1/Tt4_max	4654223924282785792	1480.0
C/flow/press/tau0.1/tau_gov_is_set	1	1
C/flow/press/tau0.1/tau_gov	4591870180066957722	0.1
C/flow/press/tau0.1/Tt4_peak_bare	4655171289185402739	1695.4058398939349
C/flow/press/tau0.1/Tt4_peak_top	4654642903701973933	1575.2648904758782
C/flow/press/tau0.1/overshoot	4636404087643880144	95.26489047587825
C/flow/press/tau0.1/min_phi_lp_bare	4604799708185174898	0.7354659814383082
C/flow/press/tau0.1/min_phi_lp_top	4604799708185174898	0.7354659814383082
C/flow/press/tau0.1/min_phi_hp_bare	4605932210771652934	0.861199026133854
C/flow/press/tau0.1/min_phi_hp_top	4605958088295876910	0.8640720084552294
C/flow/press/tau0.1/relief_lp	0	0.0
C/flow/press/tau0.1/relief_hp	4568771068727650304	0.002872982321375339
C/flow/press/tau0.1/held	0	0
C/flow/press/tau0.1/top/ext_lp	13818760764251040240	-0.17265930645574157
C/flow/press/tau0.1/top/ext_hp	13815930899369364752	-0.1095573888751924
C/flow/press/tau0.1/top/s_lp	4602678819172646913	0.5000000000000001
C/flow/press/tau0.1/top/s_hp	4600877379321698715	0.4000000000000001
C/flow/press/tau0.1/top/min_phi_lp	4604799708185174898	0.7354659814383082
C/flow/press/tau0.1/top/min_phi_hp	4605958088295876910	0.8640720084552294
C/flow/press/tau0.1/top/Tt4_peak	4654642903701973933	1575.2648904758782
C/flow/press/tau0.1/top/ratio	4609776363174010010	1.575971353720695
C/flow/press/tau0.1/top/npts	126	126
C/flow/press/tau0.2/rho	4607182418800017408	1.0
C/flow/press/tau0.2/r	4602678819172646912	0.5
C/flow/press/tau0.2/Tt4_max	4654223924282785792	1480.0
C/flow/press/tau0.2/tau_gov_is_set	1	1
C/flow/press/tau0.2/tau_gov	4596373779694328218	0.2
C/flow/press/tau0.2/Tt4_peak_bare	4655171289185402739	1695.4058398939349
C/flow/press/tau0.2/Tt4_peak_top	4654828497623880025	1617.4640626395906
C/flow/press/tau0.2/overshoot	4639040603292994248	137.46406263959057
C/flow/press/tau0.2/min_phi_lp_bare	4604799708185174898	0.7354659814383082
C/flow/press/tau0.2/min_phi_lp_top	4604799708185174898	0.7354659814383082
C/flow/press/tau0.2/min_phi_hp_bare	4605932210771652934	0.861199026133854
C/flow/press/tau0.2/min_phi_hp_top	4605951442889144263	0.863334220098971
C/flow/press/tau0.2/relief_lp	0	0.0
C/flow/press/tau0.2/relief_hp	4567069844604092672	0.002135193965116966
C/flow/press/tau0.2/held	0	0
C/flow/press/tau0.2/top/ext_lp	13818855747550735232	-0.17529562261264786
C/flow/press/tau0.2/top/ext_hp	13816196930412884440	-0.11324931124745008
C/flow/press/tau0.2/top/s_lp	4602678819172646913	0.5000000000000001
C/flow/press/tau0.2/top/s_hp	4601958243232267635	0.46000000000000013
C/flow/press/tau0.2/top/min_phi_lp	4604799708185174898	0.7354659814383082
C/flow/press/tau0.2/top/min_phi_hp	4605951442889144263	0.863334220098971
C/flow/press/tau0.2/top/Tt4_peak	4654828497623880025	1617.4640626395906
C/flow/press/tau0.2/top/ratio	4609649822280586568	1.5478736310336263
C/flow/press/tau0.2/top/npts	126	126
C/flow/press/tau0.4/rho	4607182418800017408	1.0
C/flow/press/tau0.4/r	4602678819172646912	0.5
C/flow/press/tau0.4/Tt4_max	4654223924282785792	1480.0
C/flow/press/tau0.4/tau_gov_is_set	1	1
C/flow/press/tau0.4/tau_gov	4600877379321698714	0.4
C/flow/press/tau0.4/Tt4_peak_bare	4655171289185402739	1695.4058398939349
C/flow/press/tau0.4/Tt4_peak_top	4654972492732496139	1650.2047597314838
C/flow/press/tau0.4/overshoot	4640192564161923160	170.20475973148382
C/flow/press/tau0.4/min_phi_lp_bare	4604799708185174898	0.7354659814383082
C/flow/press/tau0.4/min_phi_lp_top	4604799708185174898	0.7354659814383082
C/flow/press/tau0.4/min_phi_hp_bare	4605932210771652934	0.861199026133854
C/flow/press/tau0.4/min_phi_hp_top	4605944905184938031	0.8626083891251762
C/flow/press/tau0.4/relief_lp	0	0.0
C/flow/press/tau0.4/relief_hp	4564142362500911616	0.001409362991322216
C/flow/press/tau0.4/held	0	0
C/flow/press/tau0.4/top/ext_lp	13818933383846133716	-0.1774504626800978
C/flow/press/tau0.4/top/ext_hp	13816455692065957344	-0.11684035056159514
C/flow/press/tau0.4/top/s_lp	4602678819172646913	0.5000000000000001
C/flow/press/tau0.4/top/s_hp	4602678819172646913	0.5000000000000001
C/flow/press/tau0.4/top/min_phi_lp	4604799708185174898	0.7354659814383082
C/flow/press/tau0.4/top/min_phi_hp	4605944905184938031	0.8626083891251762
C/flow/press/tau0.4/top/Tt4_peak	4654972492732496139	1650.2047597314838
C/flow/press/tau0.4/top/ratio	4609518629510099738	1.5187429841418578
C/flow/press/tau0.4/top/npts	126	126
C/flow/press/tau0.8/rho	4607182418800017408	1.0
C/flow/press/tau0.8/r	4602678819172646912	0.5
C/flow/press/tau0.8/Tt4_max	4654223924282785792	1480.0
C/flow/press/tau0.8/tau_gov_is_set	1	1
C/flow/press/tau0.8/tau_gov	4605380978949069210	0.8
C/flow/press/tau0.8/Tt4_peak_bare	4655171289185402739	1695.4058398939349
C/flow/press/tau0.8/Tt4_peak_top	4655063699280645461	1670.9427278086853
C/flow/press/tau0.8/overshoot	4640922216547117736	190.94272780868528
C/flow/press/tau0.8/min_phi_lp_bare	4604799708185174898	0.7354659814383082
C/flow/press/tau0.8/min_phi_lp_top	4604799708185174898	0.7354659814383082
C/flow/press/tau0.8/min_phi_hp_bare	4605932210771652934	0.861199026133854
C/flow/press/tau0.8/min_phi_hp_top	4605939955276208557	0.8620588388610507
C/flow/press/tau0.8/relief_lp	0	0.0
C/flow/press/tau0.8/relief_hp	4561069595936529408	0.0008598127271967071
C/flow/press/tau0.8/held	0	0
C/flow/press/tau0.8/top/ext_lp	13818983471239521976	-0.1788406671146754
C/flow/press/tau0.8/top/ext_hp	13816642214562722904	-0.11942887019309134
C/flow/press/tau0.8/top/s_lp	4602678819172646913	0.5000000000000001
C/flow/press/tau0.8/top/s_hp	4602678819172646913	0.5000000000000001
C/flow/press/tau0.8/top/min_phi_lp	4604799708185174898	0.7354659814383082
C/flow/press/tau0.8/top/min_phi_hp	4605939955276208557	0.8620588388610507
C/flow/press/tau0.8/top/Tt4_peak	4655063699280645461	1670.9427278086853
C/flow/press/tau0.8/top/ratio	4609422806287941040	1.4974659546349862
C/flow/press/tau0.8/top/npts	126	126
C/press/flow/taunone/rho	4607182418800017408	1.0
C/press/flow/taunone/r	4602678819172646912	0.5
C/press/flow/taunone/Tt4_max	4654223924282785792	1480.0
C/press/flow/taunone/tau_gov_is_set	0	0
C/press/flow/taunone/Tt4_peak_bare	4655204533970765364	1702.9648289311563
C/press/flow/taunone/Tt4_peak_top	4654223924282785797	1480.0000000000011
C/press/flow/taunone/overshoot	4428164333612040192	1.1368683772161603e-12
C/press/flow/taunone/min_phi_lp_bare	4604907641969987594	0.7474490387417074
C/press/flow/taunone/min_phi_lp_top	4604907641969987594	0.7474490387417074
C/press/flow/taunone/min_phi_hp_bare	4605746777289134745	0.840611773951042
C/press/flow/taunone/min_phi_hp_top	4605806866358685889	0.8472830008054403
C/press/flow/taunone/relief_lp	0	0.0
C/press/flow/taunone/relief_hp	4574341423056229376	0.006671226854398249
C/press/flow/taunone/held	1	1
C/press/flow/taunone/top/ext_lp	13818323804183529284	-0.1605312282609309
C/press/flow/taunone/top/ext_hp	13816454160862423528	-0.11681910084386227
C/press/flow/taunone/top/s_lp	4602678819172646913	0.5000000000000001
C/press/flow/taunone/top/s_hp	4599075939470750515	0.3
C/press/flow/taunone/top/min_phi_lp	4604907641969987594	0.7474490387417074
C/press/flow/taunone/top/min_phi_hp	4605806866358685889	0.8472830008054403
C/press/flow/taunone/top/Tt4_peak	4654223924282785797	1480.0000000000011
C/press/flow/taunone/top/ratio	4608867604863983121	1.3741864737984353
C/press/flow/taunone/top/npts	126	126
C/press/flow/tau0.05/rho	4607182418800017408	1.0
C/press/flow/tau0.05/r	4602678819172646912	0.5
C/press/flow/tau0.05/Tt4_max	4654223924282785792	1480.0
C/press/flow/tau0.05/tau_gov_is_set	1	1
C/press/flow/tau0.05/tau_gov	4587366580439587226	0.05
C/press/flow/tau0.05/Tt4_peak_bare	4655204533970765364	1702.9648289311563
C/press/flow/tau0.05/Tt4_peak_top	4654472987750697121	1536.6304761176364
C/press/flow/tau0.05/overshoot	4633166848282661920	56.63047611763636
C/press/flow/tau0.05/min_phi_lp_bare	4604907641969987594	0.7474490387417074
C/press/flow/tau0.05/min_phi_lp_top	4604907641969987594	0.7474490387417074
C/press/flow/tau0.05/min_phi_hp_bare	4605746777289134745	0.840611773951042
C/press/flow/tau0.05/min_phi_hp_top	4605791201813253498	0.8455438869045075
C/press/flow/tau0.05/relief_lp	0	0.0
C/press/flow/tau0.05/relief_hp	4572336361240883328	0.004932112953465517
C/press/flow/tau0.05/held	0	0
C/press/flow/tau0.05/top/ext_lp	13818402701164886548	-0.16272105939283732
C/press/flow/tau0.05/top/ext_hp	13816872737485862976	-0.12262801840526638
C/press/flow/tau0.05/top/s_lp	4602678819172646913	0.5000000000000001
C/press/flow/tau0.05/top/s_hp	4599796515411129795	0.34
C/press/flow/tau0.05/top/min_phi_lp	4604907641969987594	0.7474490387417074
C/press/flow/tau0.05/top/min_phi_hp	4605791201813253498	0.8455438869045075
C/press/flow/tau0.05/top/Tt4_peak	4654472987750697121	1536.6304761176364
C/press/flow/tau0.05/top/ratio	4608654863733890857	1.3269484536157938
C/press/flow/tau0.05/top/npts	126	126
C/press/flow/tau0.1/rho	4607182418800017408	1.0
C/press/flow/tau0.1/r	4602678819172646912	0.5
C/press/flow/tau0.1/Tt4_max	4654223924282785792	1480.0
C/press/flow/tau0.1/tau_gov_is_set	1	1
C/press/flow/tau0.1/tau_gov	4591870180066957722	0.1
C/press/flow/tau0.1/Tt4_peak_bare	4655204533970765364	1702.9648289311563
C/press/flow/tau0.1/Tt4_peak_top	4654651969576099528	1577.3262315969205
C/press/flow/tau0.1/overshoot	4636549141629889664	97.32623159692048
C/press/flow/tau0.1/min_phi_lp_bare	4604907641969987594	0.7474490387417074
C/press/flow/tau0.1/min_phi_lp_top	4604907641969987594	0.7474490387417074
C/press/flow/tau0.1/min_phi_hp_bare	4605746777289134745	0.840611773951042
C/press/flow/tau0.1/min_phi_hp_top	4605782810708419696	0.8446122871256545
C/press/flow/tau0.1/relief_lp	0	0.0
C/press/flow/tau0.1/relief_hp	4571262299822156672	0.0040005131746124745
C/press/flow/tau0.1/held	0	0
C/press/flow/tau0.1/top/ext_lp	13818497786145620768	-0.16536019776551658
C/press/flow/tau0.1/top/ext_hp	13817079932756217972	-0.12600686080407153
C/press/flow/tau0.1/top/s_lp	4602678819172646913	0.5000000000000001
C/press/flow/tau0.1/top/s_hp	4600517091351509075	0.38000000000000006
C/press/flow/tau0.1/top/min_phi_lp	4604907641969987594	0.7474490387417074
C/press/flow/tau0.1/top/min_phi_hp	4605782810708419696	0.8446122871256545
C/press/flow/tau0.1/top/Tt4_peak	4654651969576099528	1577.3262315969205
C/press/flow/tau0.1/top/ratio	4608588942798348956	1.312311065527104
C/press/flow/tau0.1/top/npts	126	126
C/press/flow/tau0.2/rho	4607182418800017408	1.0
C/press/flow/tau0.2/r	4602678819172646912	0.5
C/press/flow/tau0.2/Tt4_max	4654223924282785792	1480.0
C/press/flow/tau0.2/tau_gov_is_set	1	1
C/press/flow/tau0.2/tau_gov	4596373779694328218	0.2
C/press/flow/tau0.2/Tt4_peak_bare	4655204533970765364	1702.9648289311563
C/press/flow/tau0.2/Tt4_peak_top	4654844513859941643	1621.105733099687
C/press/flow/tau0.2/overshoot	4639168733181487192	141.1057330996871
C/press/flow/tau0.2/min_phi_lp_bare	4604907641969987594	0.7474490387417074
C/press/flow/tau0.2/min_phi_lp_top	4604907641969987594	0.7474490387417074
C/press/flow/tau0.2/min_phi_hp_bare	4605746777289134745	0.840611773951042
C/press/flow/tau0.2/min_phi_hp_top	4605773659866777144	0.8435963396170285
C/press/flow/tau0.2/relief_lp	0	0.0
C/press/flow/tau0.2/relief_hp	4569028362402766592	0.0029845656659864828
C/press/flow/tau0.2/held	0	0
C/press/flow/tau0.2/top/ext_lp	13818613125718882592	-0.1685615140126595
C/press/flow/tau0.2/top/ext_hp	13817230766823815996	-0.13019334717270137
C/press/flow/tau0.2/top/s_lp	4602678819172646913	0.5000000000000001
C/press/flow/tau0.2/top/s_hp	4601597955262077995	0.4400000000000001
C/press/flow/tau0.2/top/min_phi_lp	4604907641969987594	0.7474490387417074
C/press/flow/tau0.2/top/min_phi_hp	4605773659866777144	0.8435963396170285
C/press/flow/tau0.2/top/Tt4_peak	4654844513859941643	1621.105733099687
C/press/flow/tau0.2/top/ratio	4608509636093648489	1.2947014396139827
C/press/flow/tau0.2/top/npts	126	126
C/press/flow/tau0.4/rho	4607182418800017408	1.0
C/press/flow/tau0.4/r	4602678819172646912	0.5
C/press/flow/tau0.4/Tt4_max	4654223924282785792	1480.0
C/press/flow/tau0.4/tau_gov_is_set	1	1
C/press/flow/tau0.4/tau_gov	4600877379321698714	0.4
C/press/flow/tau0.4/Tt4_peak_bare	4655204533970765364	1702.9648289311563
C/press/flow/tau0.4/Tt4_peak_top	4654995120901463686	1655.3498096781855
C/press/flow/tau0.4/overshoot	4640373589513663536	175.34980967818547
C/press/flow/tau0.4/min_phi_lp_bare	4604907641969987594	0.7474490387417074
C/press/flow/tau0.4/min_phi_lp_top	4604907641969987594	0.7474490387417074
C/press/flow/tau0.4/min_phi_hp_bare	4605746777289134745	0.840611773951042
C/press/flow/tau0.4/min_phi_hp_top	4605764577026458652	0.8425879417719702
C/press/flow/tau0.4/relief_lp	0	0.0
C/press/flow/tau0.4/relief_hp	4566703155281232640	0.001976167820928132
C/press/flow/tau0.4/held	0	0
C/press/flow/tau0.4/top/ext_lp	13818707543794827256	-0.17118214205902382
C/press/flow/tau0.4/top/ext_hp	13817378175453387420	-0.13428475853716726
C/press/flow/tau0.4/top/s_lp	4602678819172646913	0.5000000000000001
C/press/flow/tau0.4/top/s_hp	4602318531202457275	0.48000000000000015
C/press/flow/tau0.4/top/min_phi_lp	4604907641969987594	0.7474490387417074
C/press/flow/tau0.4/top/min_phi_hp	4605764577026458652	0.8425879417719702
C/press/flow/tau0.4/top/Tt4_peak	4654995120901463686	1655.3498096781855
C/press/flow/tau0.4/top/ratio	4608419871542161534	1.274769705242789
C/press/flow/tau0.4/top/npts	126	126
C/press/flow/tau0.8/rho	4607182418800017408	1.0
C/press/flow/tau0.8/r	4602678819172646912	0.5
C/press/flow/tau0.8/Tt4_max	4654223924282785792	1480.0
C/press/flow/tau0.8/tau_gov_is_set	1	1
C/press/flow/tau0.8/tau_gov	4605380978949069210	0.8
C/press/flow/tau0.8/Tt4_peak_bare	4655204533970765364	1702.9648289311563
C/press/flow/tau0.8/Tt4_peak_top	4655090998042507843	1677.1497476283846
C/press/flow/tau0.8/overshoot	4641140606642016792	197.1497476283846
C/press/flow/tau0.8/min_phi_lp_bare	4604907641969987594	0.7474490387417074
C/press/flow/tau0.8/min_phi_lp_top	4604907641969987594	0.7474490387417074
C/press/flow/tau0.8/min_phi_hp_bare	4605746777289134745	0.840611773951042
C/press/flow/tau0.8/min_phi_hp_top	4605757552508753917	0.8418080636427018
C/press/flow/tau0.8/relief_lp	0	0.0
C/press/flow/tau0.8/relief_hp	4563159735343958016	0.0011962896916597465
C/press/flow/tau0.8/held	0	0
C/press/flow/tau0.8/top/ext_lp	13818768602034492040	-0.17287684864699693
C/press/flow/tau0.8/top/ext_hp	13817490183878109508	-0.13739361683912865
C/press/flow/tau0.8/top/s_lp	4602678819172646913	0.5000000000000001
C/press/flow/tau0.8/top/s_hp	4602678819172646913	0.5000000000000001
C/press/flow/tau0.8/top/min_phi_lp	4604907641969987594	0.7474490387417074
C/press/flow/tau0.8/top/min_phi_hp	4605757552508753917	0.8418080636427018
C/press/flow/tau0.8/top/Tt4_peak	4655090998042507843	1677.1497476283846
C/press/flow/tau0.8/top/ratio	4608345517008101745	1.2582596821030985
C/press/flow/tau0.8/top/npts	126	126
C/tilted/taunone/rho	4607182418800017408	1.0
C/tilted/taunone/r	4602678819172646912	0.5
C/tilted/taunone/Tt4_max	4654223924282785792	1480.0
C/tilted/taunone/tau_gov_is_set	0	0
C/tilted/taunone/Tt4_peak_bare	4655202117448282611	1702.4153753324615
C/tilted/taunone/Tt4_peak_top	4654223924282785796	1480.000000000001
C/tilted/taunone/overshoot	4427038433705197568	9.094947017729282e-13
C/tilted/taunone/min_phi_lp_bare	4604816885288509782	0.7373730230001836
C/tilted/taunone/min_phi_lp_top	4604816885288509782	0.7373730230001836
C/tilted/taunone/min_phi_hp_bare	4605824469892413622	0.8492373856513697
C/tilted/taunone/min_phi_hp_top	4605876757754229617	0.8550425044610234
C/tilted/taunone/relief_lp	0	0.0
C/tilted/taunone/relief_hp	4573342868466130304	0.00580511880965362
C/tilted/taunone/held	1	1
C/tilted/taunone/top/ext_lp	13818562828409061468	-0.16716548322665659
C/tilted/taunone/top/ext_hp	13815973667986383520	-0.11015092266701254
C/tilted/taunone/top/s_lp	4602678819172646913	0.5000000000000001
C/tilted/taunone/top/s_hp	4599075939470750515	0.3
C/tilted/taunone/top/min_phi_lp	4604816885288509782	0.7373730230001836
C/tilted/taunone/top/min_phi_hp	4605876757754229617	0.8550425044610234
C/tilted/taunone/top/Tt4_peak	4654223924282785796	1480.000000000001
C/tilted/taunone/top/ratio	4609513500078994311	1.5176040216385631
C/tilted/taunone/top/npts	126	126
C/tilted/tau0.05/rho	4607182418800017408	1.0
C/tilted/tau0.05/r	4602678819172646912	0.5
C/tilted/tau0.05/Tt4_max	4654223924282785792	1480.0
C/tilted/tau0.05/tau_gov_is_set	1	1
C/tilted/tau0.05/tau_gov	4587366580439587226	0.05
C/tilted/tau0.05/Tt4_peak_bare	4655202117448282611	1702.4153753324615
C/tilted/tau0.05/Tt4_peak_top	4654472141529260367	1536.4380676393228
C/tilted/tau0.05/overshoot	4633139769196685792	56.43806763932275
C/tilted/tau0.05/min_phi_lp_bare	4604816885288509782	0.7373730230001836
C/tilted/tau0.05/min_phi_lp_top	4604816885288509782	0.7373730230001836
C/tilted/tau0.05/min_phi_hp_bare	4605824469892413622	0.8492373856513697
C/tilted/tau0.05/min_phi_hp_top	4605863266704164433	0.8535446970201496
C/tilted/tau0.05/relief_lp	0	0.0
C/tilted/tau0.05/relief_hp	4571616014057786752	0.00430731136877982
C/tilted/tau0.05/held	0	0
C/tilted/tau0.05/top/ext_lp	13818631717388984860	-0.16907753651800383
C/tilted/tau0.05/top/ext_hp	13816375338142563616	-0.1157252158632116
C/tilted/tau0.05/top/s_lp	4602678819172646913	0.5000000000000001
C/tilted/tau0.05/top/s_hp	4599796515411129795	0.34
C/tilted/tau0.05/top/min_phi_lp	4604816885288509782	0.7373730230001836
C/tilted/tau0.05/top/min_phi_hp	4605863266704164433	0.8535446970201496
C/tilted/tau0.05/top/Tt4_peak	4654472141529260367	1536.4380676393228
C/tilted/tau0.05/top/ratio	4609258694827052726	1.4610258901383708
C/tilted/tau0.05/top/npts	126	126
C/tilted/tau0.1/rho	4607182418800017408	1.0
C/tilted/tau0.1/r	4602678819172646912	0.5
C/tilted/tau0.1/Tt4_max	4654223924282785792	1480.0
C/tilted/tau0.1/tau_gov_is_set	1	1
C/tilted/tau0.1/tau_gov	4591870180066957722	0.1
C/tilted/tau0.1/Tt4_peak_bare	4655202117448282611	1702.4153753324615
C/tilted/tau0.1/Tt4_peak_top	4654650398870143740	1576.9690944107124
C/tilted/tau0.1/overshoot	4636524010334597056	96.96909441071239
C/tilted/tau0.1/min_phi_lp_bare	4604816885288509782	0.7373730230001836
C/tilted/tau0.1/min_phi_lp_top	4604816885288509782	0.7373730230001836
C/tilted/tau0.1/min_phi_hp_bare	4605824469892413622	0.8492373856513697
C/tilted/tau0.1/min_phi_hp_top	4605855985208380375	0.8527362885928323
C/tilted/tau0.1/relief_lp	0	0.0
C/tilted/tau0.1/relief_hp	4570214343413801216	0.0034989029414626005
C/tilted/tau0.1/held	0	0
C/tilted/tau0.1/top/ext_lp	13818720421749177320	-0.17153957709476164
C/tilted/tau0.1/top/ext_hp	13816608055452340112	-0.11895481730749524
C/tilted/tau0.1/top/s_lp	4602678819172646913	0.5000000000000001
C/tilted/tau0.1/top/s_hp	4600517091351509075	0.38000000000000006
C/tilted/tau0.1/top/min_phi_lp	4604816885288509782	0.7373730230001836
C/tilted/tau0.1/top/min_phi_hp	4605855985208380375	0.8527362885928323
C/tilted/tau0.1/top/Tt4_peak	4654650398870143740	1576.9690944107124
C/tilted/tau0.1/top/ratio	4609173264651775764	1.4420565806203216
C/tilted/tau0.1/top/npts	126	126
C/tilted/tau0.2/rho	4607182418800017408	1.0
C/tilted/tau0.2/r	4602678819172646912	0.5
C/tilted/tau0.2/Tt4_max	4654223924282785792	1480.0
C/tilted/tau0.2/tau_gov_is_set	1	1
C/tilted/tau0.2/tau_gov	4596373779694328218	0.2
C/tilted/tau0.2/Tt4_peak_bare	4655202117448282611	1702.4153753324615
C/tilted/tau0.2/Tt4_peak_top	4654842454209844241	1620.6374228869138
C/tilted/tau0.2/overshoot	4639152255980707976	140.63742288691378
C/tilted/tau0.2/min_phi_lp_bare	4604816885288509782	0.7373730230001836
C/tilted/tau0.2/min_phi_lp_top	4604816885288509782	0.7373730230001836
C/tilted/tau0.2/min_phi_hp_bare	4605824469892413622	0.8492373856513697
C/tilted/tau0.2/min_phi_hp_top	4605847900726001168	0.8518387307448751
C/tilted/tau0.2/relief_lp	0	0.0
C/tilted/tau0.2/relief_hp	4568144715924724224	0.0026013450935054028
C/tilted/tau0.2/held	0	0
C/tilted/tau0.2/top/ext_lp	13818829552011269924	-0.1745685503362263
C/tilted/tau0.2/top/ext_hp	13816893637614543704	-0.12291806595625354
C/tilted/tau0.2/top/s_lp	4602678819172646913	0.5000000000000001
C/tilted/tau0.2/top/s_hp	4601597955262077995	0.4400000000000001
C/tilted/tau0.2/top/min_phi_lp	4604816885288509782	0.7373730230001836
C/tilted/tau0.2/top/min_phi_hp	4605847900726001168	0.8518387307448751
C/tilted/tau0.2/top/Tt4_peak	4654842454209844241	1620.6374228869138
C/tilted/tau0.2/top/ratio	4609074842833844444	1.4202025469417583
C/tilted/tau0.2/top/npts	126	126
C/tilted/tau0.4/rho	4607182418800017408	1.0
C/tilted/tau0.4/r	4602678819172646912	0.5
C/tilted/tau0.4/Tt4_max	4654223924282785792	1480.0
C/tilted/tau0.4/tau_gov_is_set	1	1
C/tilted/tau0.4/tau_gov	4600877379321698714	0.4
C/tilted/tau0.4/Tt4_peak_bare	4655202117448282611	1702.4153753324615
C/tilted/tau0.4/Tt4_peak_top	4654992835000133621	1654.830055891068
C/tilted/tau0.4/overshoot	4640355302303023016	174.830055891068
C/tilted/tau0.4/min_phi_lp_bare	4604816885288509782	0.7373730230001836
C/tilted/tau0.4/min_phi_lp_top	4604816885288509782	0.7373730230001836
C/tilted/tau0.4/min_phi_hp_bare	4605824469892413622	0.8492373856513697
C/tilted/tau0.4/min_phi_hp_top	4605839937621147017	0.8509546485092169
C/tilted/tau0.4/relief_lp	0	0.0
C/tilted/tau0.4/relief_hp	4565562300010440192	0.0017172628578471238
C/tilted/tau0.4/held	0	0
C/tilted/tau0.4/top/ext_lp	13818919454370470320	-0.17706384206503634
C/tilted/tau0.4/top/ext_hp	13817105680776123980	-0.12672151191752545
C/tilted/tau0.4/top/s_lp	4602678819172646913	0.5000000000000001
C/tilted/tau0.4/top/s_hp	4602318531202457275	0.48000000000000015
C/tilted/tau0.4/top/min_phi_lp	4604816885288509782	0.7373730230001836
C/tilted/tau0.4/top/min_phi_hp	4605839937621147017	0.8509546485092169
C/tilted/tau0.4/top/Tt4_peak	4654992835000133621	1654.830055891068
C/tilted/tau0.4/top/ratio	4608971552277535025	1.3972674361735467
C/tilted/tau0.4/top/npts	126	126
C/tilted/tau0.8/rho	4607182418800017408	1.0
C/tilted/tau0.8/r	4602678819172646912	0.5
C/tilted/tau0.8/Tt4_max	4654223924282785792	1480.0
C/tilted/tau0.8/tau_gov_is_set	1	1
C/tilted/tau0.8/tau_gov	4605380978949069210	0.8
C/tilted/tau0.8/Tt4_peak_bare	4655202117448282611	1702.4153753324615
C/tilted/tau0.8/Tt4_peak_top	4655088628327270393	1676.6109367650918
C/tilted/tau0.8/overshoot	4641121648920117192	196.61093676509176
C/tilted/tau0.8/min_phi_lp_bare	4604816885288509782	0.7373730230001836
C/tilted/tau0.8/min_phi_lp_top	4604816885288509782	0.7373730230001836
C/tilted/tau0.8/min_phi_hp_bare	4605824469892413622	0.8492373856513697
C/tilted/tau0.8/min_phi_hp_top	4605833964978247795	0.8502915519427588
C/tilted/tau0.8/relief_lp	0	0.0
C/tilted/tau0.8/relief_hp	4562504306846038528	0.0010541662913891026
C/tilted/tau0.8/held	0	0
C/tilted/tau0.8/top/ext_lp	13818977762648451016	-0.17868222188354665
C/tilted/tau0.8/top/ext_hp	13817209159361424568	-0.12959361961643423
C/tilted/tau0.8/top/s_lp	4602678819172646913	0.5000000000000001
C/tilted/tau0.8/top/s_hp	4602678819172646913	0.5000000000000001
C/tilted/tau0.8/top/min_phi_lp	4604816885288509782	0.7373730230001836
C/tilted/tau0.8/top/min_phi_hp	4605833964978247795	0.8502915519427588
C/tilted/tau0.8/top/Tt4_peak	4655088628327270393	1676.6109367650918
C/tilted/tau0.8/top/ratio	4608888331572055381	1.3787887275037367
C/tilted/tau0.8/top/npts	126	126
C/hp-only/taunone/rho	4607182418800017408	1.0
C/hp-only/taunone/r	4602678819172646912	0.5
C/hp-only/taunone/Tt4_max	4654223924282785792	1480.0
C/hp-only/taunone/tau_gov_is_set	0	0
C/hp-only/taunone/Tt4_peak_bare	4655149901027050085	1690.54273571833
C/hp-only/taunone/Tt4_peak_top	4654223924282785799	1480.0000000000016
C/hp-only/taunone/overshoot	4430416133425725440	1.5916157281026244e-12
C/hp-only/taunone/min_phi_lp_bare	4604366713655588519	0.6873939318099546
C/hp-only/taunone/min_phi_lp_top	4604366713655588519	0.6873939318099546
C/hp-only/taunone/min_phi_hp_bare	4605941987745789977	0.862284488313665
C/hp-only/taunone/min_phi_hp_top	4605987406934928173	0.867327031267768
C/hp-only/taunone/relief_lp	0	0.0
C/hp-only/taunone/relief_hp	4572463678363372032	0.005042542954103002
C/hp-only/taunone/held	1	1
C/hp-only/taunone/top/ext_lp	13819699028925482396	-0.19870138257469427
C/hp-only/taunone/top/ext_hp	13815299704123686088	-0.10079779519036258
C/hp-only/taunone/top/s_lp	4602678819172646913	0.5000000000000001
C/hp-only/taunone/top/s_hp	4599075939470750515	0.3
C/hp-only/taunone/top/min_phi_lp	4604366713655588519	0.6873939318099546
C/hp-only/taunone/top/min_phi_hp	4605987406934928173	0.867327031267768
C/hp-only/taunone/top/Tt4_peak	4654223924282785799	1480.0000000000016
C/hp-only/taunone/top/ratio	4611556706539442762	1.971286992929111
C/hp-only/taunone/top/npts	126	126
C/hp-only/tau0.05/rho	4607182418800017408	1.0
C/hp-only/tau0.05/r	4602678819172646912	0.5
C/hp-only/tau0.05/Tt4_max	4654223924282785792	1480.0
C/hp-only/tau0.05/tau_gov_is_set	1	1
C/hp-only/tau0.05/tau_gov	4587366580439587226	0.05
C/hp-only/tau0.05/Tt4_peak_bare	4655149901027050085	1690.54273571833
C/hp-only/tau0.05/Tt4_peak_top	4654464391014178982	1534.67580453869
C/hp-only/tau0.05/overshoot	4632891752714081472	54.675804538690045
C/hp-only/tau0.05/min_phi_lp_bare	4604366713655588519	0.6873939318099546
C/hp-only/tau0.05/min_phi_lp_top	4604366713655588519	0.6873939318099546
C/hp-only/tau0.05/min_phi_hp_bare	4605941987745789977	0.862284488313665
C/hp-only/tau0.05/min_phi_hp_top	4605972063793673086	0.8656236003986206
C/hp-only/tau0.05/relief_lp	0	0.0
C/hp-only/tau0.05/relief_hp	4569845890784388352	0.003339112084955631
C/hp-only/tau0.05/held	0	0
C/hp-only/tau0.05/top/ext_lp	13819761534814582944	-0.20043626950604665
C/hp-only/tau0.05/top/ext_hp	13815653360641501392	-0.10570576530145392
C/hp-only/tau0.05/top/s_lp	4602678819172646913	0.5000000000000001
C/hp-only/tau0.05/top/s_hp	4600156803381319435	0.36000000000000004
C/hp-only/tau0.05/top/min_phi_lp	4604366713655588519	0.6873939318099546
C/hp-only/tau0.05/top/min_phi_hp	4605972063793673086	0.8656236003986206
C/hp-only/tau0.05/top/Tt4_peak	4654464391014178982	1534.67580453869
C/hp-only/tau0.05/top/ratio	4611218416857642321	1.8961715941835176
C/hp-only/tau0.05/top/npts	126	126
C/hp-only/tau0.1/rho	4607182418800017408	1.0
C/hp-only/tau0.1/r	4602678819172646912	0.5
C/hp-only/tau0.1/Tt4_max	4654223924282785792	1480.0
C/hp-only/tau0.1/tau_gov_is_set	1	1
C/hp-only/tau0.1/tau_gov	4591870180066957722	0.1
C/hp-only/tau0.1/Tt4_peak_bare	4655149901027050085	1690.54273571833
C/hp-only/tau0.1/Tt4_peak_top	4654634867307790005	1573.437625992968
C/hp-only/tau0.1/overshoot	4636275505336937296	93.43762599296792
C/hp-only/tau0.1/min_phi_lp_bare	4604366713655588519	0.6873939318099546
C/hp-only/tau0.1/min_phi_lp_top	4604366713655588519	0.6873939318099546
C/hp-only/tau0.1/min_phi_hp_bare	4605941987745789977	0.862284488313665
C/hp-only/tau0.1/min_phi_hp_top	4605966224314464666	0.8649752879717199
C/hp-only/tau0.1/relief_lp	0	0.0
C/hp-only/tau0.1/relief_hp	4568350984107032832	0.0026907996580548543
C/hp-only/tau0.1/held	0	0
C/hp-only/tau0.1/top/ext_lp	13819845228201625040	-0.20275922763862164
C/hp-only/tau0.1/top/ext_hp	13815868956670052816	-0.1086977612378981
C/hp-only/tau0.1/top/s_lp	4602678819172646913	0.5000000000000001
C/hp-only/tau0.1/top/s_hp	4600877379321698715	0.4000000000000001
C/hp-only/tau0.1/top/min_phi_lp	4604366713655588519	0.6873939318099546
C/hp-only/tau0.1/top/min_phi_hp	4605966224314464666	0.8649752879717199
C/hp-only/tau0.1/top/Tt4_peak	4654634867307790005	1573.437625992968
C/hp-only/tau0.1/top/ratio	4611079602883736376	1.8653487001894984
C/hp-only/tau0.1/top/npts	126	126
C/hp-only/tau0.2/rho	4607182418800017408	1.0
C/hp-only/tau0.2/r	4602678819172646912	0.5
C/hp-only/tau0.2/Tt4_max	4654223924282785792	1480.0
C/hp-only/tau0.2/tau_gov_is_set	1	1
C/hp-only/tau0.2/tau_gov	4596373779694328218	0.2
C/hp-only/tau0.2/Tt4_peak_bare	4655149901027050085	1690.54273571833
C/hp-only/tau0.2/Tt4_peak_top	4654815930227563443	1614.6065675483376
C/hp-only/tau0.2/overshoot	4638940064122461592	134.60656754833758
C/hp-only/tau0.2/min_phi_lp_bare	4604366713655588519	0.6873939318099546
C/hp-only/tau0.2/min_phi_lp_top	4604366713655588519	0.6873939318099546
C/hp-only/tau0.2/min_phi_hp_bare	4605941987745789977	0.862284488313665
C/hp-only/tau0.2/min_phi_hp_top	4605959932973605930	0.8642768088240065
C/hp-only/tau0.2/relief_lp	0	0.0
C/hp-only/tau0.2/relief_hp	4566740400847196416	0.001992320510341483
C/hp-only/tau0.2/held	0	0
C/hp-only/tau0.2/top/ext_lp	13819947162920538908	-0.20558848443729338
C/hp-only/tau0.2/top/ext_hp	13816129989077567624	-0.11232031360035155
C/hp-only/tau0.2/top/s_lp	4602678819172646913	0.5000000000000001
C/hp-only/tau0.2/top/s_hp	4601958243232267635	0.46000000000000013
C/hp-only/tau0.2/top/min_phi_lp	4604366713655588519	0.6873939318099546
C/hp-only/tau0.2/top/min_phi_hp	4605959932973605930	0.8642768088240065
C/hp-only/tau0.2/top/Tt4_peak	4654815930227563443	1614.6065675483376
C/hp-only/tau0.2/top/ratio	4610922102976125908	1.830376695428403
C/hp-only/tau0.2/top/npts	126	126
C/hp-only/tau0.4/rho	4607182418800017408	1.0
C/hp-only/tau0.4/r	4602678819172646912	0.5
C/hp-only/tau0.4/Tt4_max	4654223924282785792	1480.0
C/hp-only/tau0.4/tau_gov_is_set	1	1
C/hp-only/tau0.4/tau_gov	4600877379321698714	0.4
C/hp-only/tau0.4/Tt4_peak_bare	4655149901027050085	1690.54273571833
C/hp-only/tau0.4/Tt4_peak_top	4654956263663982809	1646.514696774588
C/hp-only/tau0.4/overshoot	4640062731613816520	166.51469677458795
C/hp-only/tau0.4/min_phi_lp_bare	4604366713655588519	0.6873939318099546
C/hp-only/tau0.4/min_phi_lp_top	4604366713655588519	0.6873939318099546
C/hp-only/tau0.4/min_phi_hp_bare	4605941987745789977	0.862284488313665
C/hp-only/tau0.4/min_phi_hp_top	4605953825747955689	0.8635987705706586
C/hp-only/tau0.4/relief_lp	0	0.0
C/hp-only/tau0.4/relief_hp	4563703880007786496	0.001314282256993593
C/hp-only/tau0.4/held	0	0
C/hp-only/tau0.4/top/ext_lp	13820030311156052708	-0.20789631157540278
C/hp-only/tau0.4/top/ext_hp	13816381427258161480	-0.11580971931741602
C/hp-only/tau0.4/top/s_lp	4602678819172646913	0.5000000000000001
C/hp-only/tau0.4/top/s_hp	4602678819172646913	0.5000000000000001
C/hp-only/tau0.4/top/min_phi_lp	4604366713655588519	0.6873939318099546
C/hp-only/tau0.4/top/min_phi_hp	4605953825747955689	0.8635987705706586
C/hp-only/tau0.4/top/Tt4_peak	4654956263663982809	1646.514696774588
C/hp-only/tau0.4/top/ratio	4610763475252129198	1.7951542651233967
C/hp-only/tau0.4/top/npts	126	126
C/hp-only/tau0.8/rho	4607182418800017408	1.0
C/hp-only/tau0.8/r	4602678819172646912	0.5
C/hp-only/tau0.8/Tt4_max	4654223924282785792	1480.0
C/hp-only/tau0.8/tau_gov_is_set	1	1
C/hp-only/tau0.8/tau_gov	4605380978949069210	0.8
C/hp-only/tau0.8/Tt4_peak_bare	4655149901027050085	1690.54273571833
C/hp-only/tau0.8/Tt4_peak_top	4655045113521198779	1666.7168153723894
C/hp-only/tau0.8/overshoot	4640773530471544280	186.71681537238942
C/hp-only/tau0.8/min_phi_lp_bare	4604366713655588519	0.6873939318099546
C/hp-only/tau0.8/min_phi_lp_top	4604366713655588519	0.6873939318099546
C/hp-only/tau0.8/min_phi_hp_bare	4605941987745789977	0.862284488313665
C/hp-only/tau0.8/min_phi_hp_top	4605949308177473488	0.8630972194941879
C/hp-only/tau0.8/relief_lp	0	0.0
C/hp-only/tau0.8/relief_hp	4560635345315486720	0.0008127311805229409
C/hp-only/tau0.8/held	0	0
C/hp-only/tau0.8/top/ext_lp	13820083896228221304	-0.20938359609784718
C/hp-only/tau0.8/top/ext_hp	13816561287125990792	-0.11830577639829276
C/hp-only/tau0.8/top/s_lp	4602678819172646913	0.5000000000000001
C/hp-only/tau0.8/top/s_hp	4602678819172646913	0.5000000000000001
C/hp-only/tau0.8/top/min_phi_lp	4604366713655588519	0.6873939318099546
C/hp-only/tau0.8/top/min_phi_hp	4605949308177473488	0.8630972194941879
C/hp-only/tau0.8/top/Tt4_peak	4655045113521198779	1666.7168153723894
C/hp-only/tau0.8/top/ratio	4610649519455184992	1.7698509952120034
C/hp-only/tau0.8/top/npts	126	126
D/taunone/rho	4607182418800017408	1.0
D/taunone/r	4594572339843380019	0.15
D/taunone/Tt4_max	4654048002422341632	1440.0
D/taunone/tau_gov_is_set	0	0
D/taunone/Tt4_peak_bare	4655985216575601100	1880.471502147254
D/taunone/Tt4_peak_top	4654048002422341637	1440.0000000000011
D/taunone/overshoot	4428164333612040192	1.1368683772161603e-12
D/taunone/min_phi_lp_bare	4604384508051011892	0.6893695065607859
D/taunone/min_phi_lp_top	4604626520494920515	0.7162382853081016
D/taunone/min_phi_hp_bare	4605438663763886986	0.8064043009581934
D/taunone/min_phi_hp_top	4605896933195313564	0.85728242838336
D/taunone/relief_lp	4583401619613499872	0.026868778747315747
D/taunone/relief_hp	4587493131938619680	0.05087812742516662
D/taunone/held	1	1
D/taunone/top/ext_lp	13820431186736869640	-0.2190228440712263
D/taunone/top/ext_hp	13816697673280971720	-0.12019851451704178
D/taunone/top/s_lp	4594932627813569659	0.16
D/taunone/top/s_hp	4594932627813569659	0.16
D/taunone/top/min_phi_lp	4604626520494920515	0.7162382853081016
D/taunone/top/min_phi_hp	4605896933195313564	0.85728242838336
D/taunone/top/Tt4_peak	4654048002422341637	1440.0000000000011
D/taunone/top/ratio	4610885170165486763	1.8221759640812631
D/taunone/top/npts	109	109
D/tau0.05/rho	4607182418800017408	1.0
D/tau0.05/r	4594572339843380019	0.15
D/tau0.05/Tt4_max	4654048002422341632	1440.0
D/tau0.05/tau_gov_is_set	1	1
D/tau0.05/tau_gov	4587366580439587226	0.05
D/tau0.05/Tt4_peak_bare	4655985216575601100	1880.471502147254
D/tau0.05/Tt4_peak_top	4655010887267137677	1658.9346661898628
D/tau0.05/overshoot	4641907095322608744	218.9346661898628
D/tau0.05/min_phi_lp_bare	4604384508051011892	0.6893695065607859
D/tau0.05/min_phi_lp_top	4604520684221020100	0.7044880984956241
D/tau0.05/min_phi_hp_bare	4605438663763886986	0.8064043009581934
D/tau0.05/min_phi_hp_top	4605669944821786839	0.8320816565222015
D/tau0.05/relief_lp	4579868896661578752	0.015118591934838221
D/tau0.05/relief_hp	4583058215261219232	0.025677355564008075
D/tau0.05/held	0	0
D/tau0.05/top/ext_lp	13820957222665506648	-0.23362327406504835
D/tau0.05/top/ext_hp	13818027566565927204	-0.15230898266538262
D/tau0.05/top/s_lp	4594932627813569659	0.16
D/tau0.05/top/s_hp	4594212051873190380	0.14
D/tau0.05/top/min_phi_lp	4604520684221020100	0.7044880984956241
D/tau0.05/top/min_phi_hp	4605669944821786839	0.8320816565222015
D/tau0.05/top/Tt4_peak	4655010887267137677	1658.9346661898628
D/tau0.05/top/ratio	4609586787905758034	1.5338771881781281
D/tau0.05/top/npts	109	109
D/tau0.1/rho	4607182418800017408	1.0
D/tau0.1/r	4594572339843380019	0.15
D/tau0.1/Tt4_max	4654048002422341632	1440.0
D/tau0.1/tau_gov_is_set	1	1
D/tau0.1/tau_gov	4591870180066957722	0.1
D/tau0.1/Tt4_peak_bare	4655985216575601100	1880.471502147254
D/tau0.1/Tt4_peak_top	4655333361040385086	1732.2567132471736
D/tau0.1/overshoot	4643849050663784696	292.2567132471736
D/tau0.1/min_phi_lp_bare	4604384508051011892	0.6893695065607859
D/tau0.1/min_phi_lp_top	4604477583607019477	0.6997029690917268
D/tau0.1/min_phi_hp_bare	4605438663763886986	0.8064043009581934
D/tau0.1/min_phi_hp_top	4605576802895028535	0.8217408253576995
D/tau0.1/relief_lp	4577110457365538880	0.010333462530940918
D/tau0.1/relief_hp	4579994526174112576	0.015336524399506168
D/tau0.1/held	0	0
D/tau0.1/top/ext_lp	13821283862417339272	-0.242689348396109
D/tau0.1/top/ext_hp	13818400134272960420	-0.16264981382988453
D/tau0.1/top/s_lp	4594932627813569659	0.16
D/tau0.1/top/s_hp	4594212051873190380	0.14
D/tau0.1/top/min_phi_lp	4604477583607019477	0.6997029690917268
D/tau0.1/top/min_phi_hp	4605576802895028535	0.8217408253576995
D/tau0.1/top/Tt4_peak	4655333361040385086	1732.2567132471736
D/tau0.1/top/ratio	4609398628026204214	1.4920973020598587
D/tau0.1/top/npts	109	109
D/tau0.2/rho	4607182418800017408	1.0
D/tau0.2/r	4594572339843380019	0.15
D/tau0.2/Tt4_max	4654048002422341632	1440.0
D/tau0.2/tau_gov_is_set	1	1
D/tau0.2/tau_gov	4596373779694328218	0.2
D/tau0.2/Tt4_peak_bare	4655985216575601100	1880.471502147254
D/tau0.2/Tt4_peak_top	4655560160633079350	1783.8249702270964
D/tau0.2/overshoot	4644756249034561752	343.8249702270964
D/tau0.2/min_phi_lp_bare	4604384508051011892	0.6893695065607859
D/tau0.2/min_phi_lp_top	4604438813843637712	0.6953986606951563
D/tau0.2/min_phi_hp_bare	4605438663763886986	0.8064043009581934
D/tau0.2/min_phi_hp_top	4605514606597869689	0.8148356492424816
D/tau0.2/relief_lp	4573601163609787904	0.00602915413437044
D/tau0.2/relief_hp	4576013963155946432	0.008431348284288265
D/tau0.2/held	0	0
D/tau0.2/top/ext_lp	13821523066857594448	-0.24932860532520573
D/tau0.2/top/ext_hp	13818648919461595804	-0.16955498994510243
D/tau0.2/top/s_lp	4594932627813569659	0.16
D/tau0.2/top/s_hp	4594212051873190380	0.14
D/tau0.2/top/min_phi_lp	4604438813843637712	0.6953986606951563
D/tau0.2/top/min_phi_hp	4605514606597869689	0.8148356492424816
D/tau0.2/top/Tt4_peak	4655560160633079350	1783.8249702270964
D/tau0.2/top/ratio	4609301309105847702	1.4704881608375664
D/tau0.2/top/npts	109	109
D/tau0.4/rho	4607182418800017408	1.0
D/tau0.4/r	4594572339843380019	0.15
D/tau0.4/Tt4_max	4654048002422341632	1440.0
D/tau0.4/tau_gov_is_set	1	1
D/tau0.4/tau_gov	4600877379321698714	0.4
D/tau0.4/Tt4_peak_bare	4655985216575601100	1880.471502147254
D/tau0.4/Tt4_peak_top	4655756701969287674	1828.513296217307
D/tau0.4/overshoot	4645542414379395048	388.513296217307
D/tau0.4/min_phi_lp_bare	4604384508051011892	0.6893695065607859
D/tau0.4/min_phi_lp_top	4604413070485878877	0.6925405738436542
D/tau0.4/min_phi_hp_bare	4605438663763886986	0.8064043009581934
D/tau0.4/min_phi_hp_top	4605478537089106421	0.8108311293308917
D/tau0.4/relief_lp	4569458405852260608	0.0031710672828683117
D/tau0.4/relief_hp	4571753807781770624	0.004426828372698366
D/tau0.4/held	0	0
D/tau0.4/top/ext_lp	13821607885827928268	-0.2533656093398917
D/tau0.4/top/ext_hp	13818810601555185256	-0.17404256951941766
D/tau0.4/top/s_lp	4594932627813569659	0.16
D/tau0.4/top/s_hp	4594932627813569659	0.16
D/tau0.4/top/min_phi_lp	4604413070485878877	0.6925405738436542
D/tau0.4/top/min_phi_hp	4605478537089106421	0.8108311293308917
D/tau0.4/top/Tt4_peak	4655756701969287674	1828.513296217307
D/tau0.4/top/ratio	4609235015550133335	1.4557680344498942
D/tau0.4/top/npts	109	109
E/flow/press/n_engaged	45	45
E/flow/press/monotone	1	1
E/flow/press/Tt4_max	4654223924282785792	1480.0
E/flow/press/r	4602678819172646912	0.5
E/flow/press/s0	4599075939470750515	0.3
E/flow/press/mf0	4580748685119504677	0.017664563253391514
E/flow/press/s1	4599436227440940155	0.32
E/flow/press/mf1	4580797025881506957	0.01783227896277544
E/flow/press/s2	4599796515411129795	0.34
E/flow/press/mf2	4580844950144427925	0.017998549650691215
E/flow/press/s3	4600156803381319435	0.36000000000000004
E/flow/press/mf3	4580892443492287443	0.018163325301660493
E/flow/press/s4	4600517091351509075	0.38000000000000006
E/flow/press/mf4	4580939492264214631	0.018326558520016436
E/flow/press/s5	4600877379321698715	0.4000000000000001
E/flow/press/mf5	4580986083558674820	0.018488204544568912
E/flow/press/s6	4601237667291888355	0.4200000000000001
E/flow/press/mf6	4581032205235134748	0.0186482212543818
E/flow/press/s7	4601597955262077995	0.4400000000000001
E/flow/press/mf7	4581077845913286636	0.018806569166080964
E/flow/press/s8	4601958243232267635	0.46000000000000013
E/flow/press/mf8	4581122994969960296	0.018963211423140974
E/flow/press/s9	4602318531202457275	0.48000000000000015
E/flow/press/mf9	4581167642533859332	0.01911811377762264
E/flow/press/s10	4602678819172646913	0.5000000000000001
E/flow/press/mf10	4581211779478262667	0.019271244564851336
E/flow/press/s11	4602858963157741733	0.5200000000000001
E/flow/press/mf11	4581255397411836251	0.019422574671538722
E/flow/press/s12	4603039107142836553	0.5400000000000001
E/flow/press/mf12	4581298488667701915	0.019572077497857703
E/flow/press/s13	4603219251127931373	0.5600000000000002
E/flow/press/mf13	4581341046290911096	0.019719728913983187
E/flow/press/s14	4603399395113026193	0.5800000000000002
E/flow/press/mf14	4581383064024470609	0.019865507211609238
E/flow/press/s15	4603579539098121013	0.6000000000000002
E/flow/press/mf15	4581424536294065997	0.020009393050947556
E/flow/press/s16	4603759683083215833	0.6200000000000002
E/flow/press/mf16	4581465458191625234	0.02015136940370261
E/flow/press/s17	4603939827068310653	0.6400000000000002
E/flow/press/mf17	4581505825457862102	0.02029142149250681
E/flow/press/s18	4604119971053405473	0.6600000000000003
E/flow/press/mf18	4581545634463933990	0.020429536727283225
E/flow/press/s19	4604300115038500293	0.6800000000000003
E/flow/press/mf19	4581584882192344021	0.02056570463898651
E/flow/press/s20	4604480259023595113	0.7000000000000003
E/flow/press/mf20	4581623566217211711	0.020699916811153015
E/flow/press/s21	4604660403008689933	0.7200000000000003
E/flow/press/mf21	4581661684684030420	0.02083216680967033
E/flow/press/s22	4604840546993784753	0.7400000000000003
E/flow/press/mf22	4581699236289023433	0.020962450111154305
E/flow/press/s23	4605020690978879573	0.7600000000000003
E/flow/press/mf23	4581736220258204020	0.02109076403029904
E/flow/press/s24	4605200834963974393	0.7800000000000004
E/flow/press/mf24	4581772636326237962	0.021217107646541535
E/flow/press/s25	4605380978949069213	0.8000000000000004
E/flow/press/mf25	4581808484715200260	0.021341481730359227
E/flow/press/s26	4605561122934164033	0.8200000000000004
E/flow/press/mf26	4581843766113310941	0.02146388866949499
E/flow/press/s27	4605741266919258853	0.8400000000000004
E/flow/press/mf27	4581878481653728022	0.021584332395380455
E/flow/press/s28	4605921410904353673	0.8600000000000004
E/flow/press/mf28	4581912632893469045	0.021702818310005385
E/flow/press/s29	4606101554889448493	0.8800000000000004
E/flow/press/mf29	4581946221792526149	0.021819353213458532
E/flow/press/s30	4606281698874543313	0.9000000000000005
E/flow/press/mf30	4581979250693233176	0.021933945232342905
E/flow/press/s31	4606461842859638133	0.9200000000000005
E/flow/press/mf31	4582011722299937393	0.022046603749247887
E/flow/press/s32	4606641986844732953	0.9400000000000005
E/flow/press/mf32	4582043639659022403	0.022157339333439784
E/flow/press/s33	4606822130829827773	0.9600000000000005
E/flow/press/mf33	4582075006139323340	0.022266163672913383
E/flow/press/s34	4607002274814922593	0.9800000000000005
E/flow/press/mf34	4582105825412970189	0.022373089507928868
E/flow/press/s35	4607182418800017410	1.0000000000000004
E/flow/press/mf35	4582136101436689913	0.02247813056614054
E/flow/press/s36	4607272490792564820	1.0200000000000005
E/flow/press/mf36	4582165838433593678	0.02258130149940856
E/flow/press/s37	4607362562785112230	1.0400000000000005
E/flow/press/mf37	4582195040875470854	0.022682617822368932
E/flow/press/s38	4607452634777659640	1.0600000000000005
E/flow/press/mf38	4582223713465607414	0.022782095852822835
E/flow/press/s39	4607542706770207050	1.0800000000000005
E/flow/press/mf39	4582251861122142843	0.022879752653994317
E/flow/press/s40	4607632778762754460	1.1000000000000005
E/flow/press/mf40	4582279488961975840	0.02297560597869197
E/flow/press/s41	4607722850755301870	1.1200000000000006
E/flow/press/mf41	4582306602285226188	0.023069674215400224
E/flow/press/s42	4607812922747849280	1.1400000000000006
E/flow/press/mf42	4582333206560257216	0.02316197633631556
E/flow/press/s43	4607902994740396690	1.1600000000000006
E/flow/press/mf43	4582359307409260481	0.02325253184733334
E/flow/press/s44	4607993066732944100	1.1800000000000006
E/flow/press/mf44	4582384910594402176	0.023341360739983497
E/press/flow/n_engaged	46	46
E/press/flow/monotone	1	1
E/press/flow/Tt4_max	4654223924282785792	1480.0
E/press/flow/r	4602678819172646912	0.5
E/press/flow/s0	4599075939470750515	0.3
E/press/flow/mf0	4580727341674027770	0.01759051330153747
E/press/flow/s1	4599436227440940155	0.32
E/press/flow/mf1	4580775763268419386	0.017758509454608197
E/press/flow/s2	4599796515411129795	0.34
E/press/flow/mf2	4580823760968475666	0.01792503492876924
E/press/flow/s3	4600156803381319435	0.36000000000000004
E/press/flow/mf3	4580871321798447496	0.01809004470534739
E/press/flow/s4	4600517091351509075	0.38000000000000006
E/press/flow/mf4	4580918433513799040	0.018253496302575112
E/press/flow/s5	4600877379321698715	0.4000000000000001
E/press/flow/mf5	4580965084597876673	0.018415349764033587
E/press/flow/s6	4601237667291888355	0.4200000000000001
E/press/flow/mf6	4581011264256641090	0.018575567640376052
E/press/flow/s7	4601597955262077995	0.4400000000000001
E/press/flow/mf7	4581056962411600783	0.018734114964810863
E/press/flow/s8	4601958243232267635	0.46000000000000013
E/press/flow/mf8	4581102169691086177	0.018890959222827578
E/press/flow/s9	4602318531202457275	0.48000000000000015
E/press/flow/mf9	4581146877420003433	0.01904607031664832
E/press/flow/s10	4602678819172646913	0.5000000000000001
E/press/flow/mf10	4581191077608205476	0.019199420524881675
E/press/flow/s11	4602858963157741733	0.5200000000000001
E/press/flow/mf11	4581234762937615665	0.019350984457848944
E/press/flow/s12	4603039107142836553	0.5400000000000001
E/press/flow/mf12	4581277926748236120	0.019500739009040785
E/press/flow/s13	4603219251127931373	0.5600000000000002
E/press/flow/mf13	4581320563023169001	0.019648663303149325
E/press/flow/s14	4603399395113026193	0.5800000000000002
E/press/flow/mf14	4581362666372774261	0.019794738641104332
E/press/flow/s15	4603579539098121013	0.6000000000000002
E/press/flow/mf15	4581404232018082465	0.019938948442524865
E/press/flow/s16	4603759683083215833	0.6200000000000002
E/press/flow/mf16	4581445255773575730	0.020081278185978664
E/press/flow/s17	4603939827068310653	0.6400000000000002
E/press/flow/mf17	4581485734029443992	0.020221715347421204
E/press/flow/s18	4604119971053405473	0.6600000000000003
E/press/flow/mf18	4581525663733417814	0.02036024933716559
E/press/flow/s19	4604300115038500293	0.6800000000000003
E/press/flow/mf19	4581565042372272669	0.02049687143571265
E/press/flow/s20	4604480259023595113	0.7000000000000003
E/press/flow/mf20	4581603867953093466	0.020631574728749193
E/press/flow/s21	4604660403008689933	0.7200000000000003
E/press/flow/mf21	4581642138984381753	0.02076435404160046
E/press/flow/s22	4604840546993784753	0.7400000000000003
E/press/flow/mf22	4581679854457081726	0.020895205873400872
E/press/flow/s23	4605020690978879573	0.7600000000000003
E/press/flow/mf23	4581717013825595237	0.021024128331226594
E/press/flow/s24	4605200834963974393	0.7800000000000004
E/press/flow/mf24	4581753616988849762	0.021151121064411867
E/press/flow/s25	4605380978949069213	0.8000000000000004
E/press/flow/mf25	4581789664271477644	0.021276185199251382
E/press/flow/s26	4605561122934164033	0.8200000000000004
E/press/flow/mf26	4581825156405159294	0.021399323274271513
E/press/flow/s27	4605741266919258853	0.8400000000000004
E/press/flow/mf27	4581860094510177564	0.021520539176234185
E/press/flow/s28	4605921410904353673	0.8600000000000004
E/press/flow/mf28	4581894480077225528	0.02163983807701994
E/press/flow/s29	4606101554889448493	0.8800000000000004
E/press/flow/mf29	4581928314949504925	0.021757226371519434
E/press/flow/s30	4606281698874543313	0.9000000000000005
E/press/flow/mf30	4581961601305147986	0.021872711616646896
E/press/flow/s31	4606461842859638133	0.9200000000000005
E/press/flow/mf31	4581994341639991073	0.021986302471574185
E/press/flow/s32	4606641986844732953	0.9400000000000005
E/press/flow/mf32	4582026538750724450	0.022098008639269813
E/press/flow/s33	4606822130829827773	0.9600000000000005
E/press/flow/mf33	4582058195718438932	0.022207840809414917
E/press/flow/s34	4607002274814922593	0.9800000000000005
E/press/flow/mf34	4582089315892586353	0.022315810602754952
E/press/flow/s35	4607182418800017410	1.0000000000000004
E/press/flow/mf35	4582119902875368047	0.022421930516936358
E/press/flow/s36	4607272490792564820	1.0200000000000005
E/press/flow/mf36	4582149960506562090	0.022526213873865476
E/press/flow/s37	4607362562785112230	1.0400000000000005
E/press/flow/mf37	4582179492848797770	0.022628674768619107
E/press/flow/s38	4607452634777659640	1.0600000000000005
E/press/flow/mf38	4582208504173283028	0.022729328019926623
E/press/flow/s39	4607542706770207050	1.0800000000000005
E/press/flow/mf39	4582236998945988513	0.02282818912223628
E/press/flow/s40	4607632778762754460	1.1000000000000005
E/press/flow/mf40	4582264981814289806	0.02292527419937112
E/press/flow/s41	4607722850755301870	1.1200000000000006
E/press/flow/mf41	4582292457594067686	0.023020599959774034
E/press/flow/s42	4607812922747849280	1.1400000000000006
E/press/flow/mf42	4582319431257264540	0.023114183653335382
E/press/flow/s43	4607902994740396690	1.1600000000000006
E/press/flow/mf43	4582345907919893675	0.02320604302979194
E/press/flow/s44	4607993066732944100	1.1800000000000006
E/press/flow/mf44	4582371892830497095	0.02329619629868176
E/press/flow/s45	4608083138725491510	1.2000000000000006
E/press/flow/mf45	4582397391359046019	0.023384662090835128
E/tilted/n_engaged	46	46
E/tilted/monotone	1	1
E/tilted/Tt4_max	4654223924282785792	1480.0
E/tilted/r	4602678819172646912	0.5
E/tilted/s0	4599075939470750515	0.3
E/tilted/mf0	4580718608848017802	0.017560215224955246
E/tilted/s1	4599436227440940155	0.32
E/tilted/mf1	4580767599308464227	0.0177301850286259
E/tilted/s2	4599796515411129795	0.34
E/tilted/mf2	4580816163416394527	0.017898675624859025
E/tilted/s3	4600156803381319435	0.36000000000000004
E/tilted/mf3	4580864286485711550	0.018065636061019623
E/tilted/s4	4600517091351509075	0.38000000000000006
E/tilted/mf4	4580911954646195356	0.0182310182151154
E/tilted/s5	4600877379321698715	0.4000000000000001
E/tilted/mf5	4580959154844119645	0.01839477679793543
E/tilted/s6	4601237667291888355	0.4200000000000001
E/tilted/mf6	4581005874840160459	0.018556869345794518
E/tilted/s7	4601597955262077995	0.4400000000000001
E/tilted/mf7	4581052103204761526	0.01871725620445349
E/tilted/s8	4601958243232267635	0.46000000000000013
E/tilted/mf8	4581097829311126877	0.018875900504807464
E/tilted/s9	4602318531202457275	0.48000000000000015
E/tilted/mf9	4581143043326015460	0.019032768130948244
E/tilted/s10	4602678819172646913	0.5000000000000001
E/tilted/mf10	4581187736198514837	0.01918782768121526
E/tilted/s11	4602858963157741733	0.5200000000000001
E/tilted/mf11	4581231899646971519	0.019341050422851055
E/tilted/s12	4603039107142836553	0.5400000000000001
E/tilted/mf12	4581275526144254311	0.01949241024087325
E/tilted/s13	4603219251127931373	0.5600000000000002
E/tilted/mf13	4581318608901524596	0.019641883581766398
E/tilted/s14	4603399395113026193	0.5800000000000002
E/tilted/mf14	4581361141850683479	0.019789449392583282
E/tilted/s15	4603579539098121013	0.6000000000000002
E/tilted/mf15	4581403119625660867	0.019935089056028376
E/tilted/s16	4603759683083215833	0.6200000000000002
E/tilted/mf16	4581444537542705691	0.020078786322075808
E/tilted/s17	4603939827068310653	0.6400000000000002
E/tilted/mf17	4581485391579829677	0.02022052723665062
E/tilted/s18	4604119971053405473	0.6600000000000003
E/tilted/mf18	4581525678355549902	0.020360300067877195
E/tilted/s19	4604300115038500293	0.6800000000000003
E/tilted/mf19	4581565395107067509	0.020498095230371455
E/tilted/s20	4604480259023595113	0.7000000000000003
E/tilted/mf20	4581604539668011852	0.02063390520802537
E/tilted/s21	4604660403008689933	0.7200000000000003
E/tilted/mf21	4581643110445870910	0.020767724475702957
E/tilted/s22	4604840546993784753	0.7400000000000003
E/tilted/mf22	4581681106399220466	0.020899549420238146
E/tilted/s23	4605020690978879573	0.7600000000000003
E/tilted/mf23	4581718527014855803	0.021029378261094394
E/tilted/s24	4605200834963974393	0.7800000000000004
E/tilted/mf24	4581755372284921390	0.021157210971017353
E/tilted/s25	4605380978949069213	0.8000000000000004
E/tilted/mf25	4581791642684125775	0.021283049196983147
E/tilted/s26	4605561122934164033	0.8200000000000004
E/tilted/mf26	4581827339147120438	0.021406896181715505
E/tilted/s27	4605741266919258853	0.8400000000000004
E/tilted/mf27	4581862463046114004	0.02152875668601946
E/tilted/s28	4605921410904353673	0.8600000000000004
E/tilted/mf28	4581897016168785206	0.02164863691215154
E/tilted/s29	4606101554889448493	0.8800000000000004
E/tilted/mf29	4581931000696551018	0.02176654442842222
E/tilted/s30	4606281698874543313	0.9000000000000005
E/tilted/mf30	4581964419183239426	0.02188248809520222
E/tilted/s31	4606461842859638133	0.9200000000000005
E/tilted/mf31	4581997274534209848	0.021996477992481916
E/tilted/s32	4606641986844732953	0.9400000000000005
E/tilted/mf32	4582029569985958080	0.022108525349111785
E/tilted/s33	4606822130829827773	0.9600000000000005
E/tilted/mf33	4582061309086236931	0.022218642473831995
E/tilted/s34	4607002274814922593	0.9800000000000005
E/tilted/mf34	4582092495674718529	0.022326842688181307
E/tilted/s35	4607182418800017410	1.0000000000000004
E/tilted/mf35	4582123133864219196	0.022433140261357773
E/tilted/s36	4607272490792564820	1.0200000000000005
E/tilted/mf36	4582153228022503477	0.02253755034708878
E/tilted/s37	4607362562785112230	1.0400000000000005
E/tilted/mf37	4582182782754679536	0.022640088922552815
E/tilted/s38	4607452634777659640	1.0600000000000005
E/tilted/mf38	4582211802886194608	0.022740772729383074
E/tilted/s39	4607542706770207050	1.0800000000000005
E/tilted/mf39	4582240293446435631	0.022839619216770742
E/tilted/s40	4607632778762754460	1.1000000000000005
E/tilted/mf40	4582268259652937125	0.022936646486675056
E/tilted/s41	4607722850755301870	1.1200000000000006
E/tilted/mf41	4582295706896195645	0.023031873241137858
E/tilted/s42	4607812922747849280	1.1400000000000006
E/tilted/mf42	4582322640725087730	0.023125318731691942
E/tilted/s43	4607902994740396690	1.1600000000000006
E/tilted/mf43	4582349066832885901	0.023217002710844304
E/tilted/s44	4607993066732944100	1.1800000000000006
E/tilted/mf44	4582374991043865704	0.023306945385609984
E/tilted/s45	4608083138725491510	1.2000000000000006
E/tilted/mf45	4582400419300494695	0.02339516737306493
E/hp-only/n_engaged	41	41
E/hp-only/monotone	1	1
E/hp-only/Tt4_max	4654223924282785792	1480.0
E/hp-only/r	4602678819172646912	0.5
E/hp-only/s0	4599075939470750515	0.3
E/hp-only/mf0	4580767392912727147	0.01772946894956499
E/hp-only/s1	4599436227440940155	0.32
E/hp-only/mf1	4580817701860234423	0.017904013174150104
E/hp-only/s2	4599796515411129795	0.34
E/hp-only/mf2	4580867666423325562	0.01807736257527235
E/hp-only/s3	4600156803381319435	0.36000000000000004
E/hp-only/mf3	4580917267173082294	0.018249449745330458
E/hp-only/s4	4600517091351509075	0.38000000000000006
E/hp-only/mf4	4580966485218813999	0.018420209144075435
E/hp-only/s5	4600877379321698715	0.4000000000000001
E/hp-only/mf5	4581015302239469001	0.01858957720759039
E/hp-only/s6	4601237667291888355	0.4200000000000001
E/hp-only/mf6	4581063700513064634	0.018757492450396575
E/hp-only/s7	4601597955262077995	0.4400000000000001
E/hp-only/mf7	4581111662944031876	0.018923895560324158
E/hp-only/s8	4601958243232267635	0.46000000000000013
E/hp-only/mf8	4581159173088383658	0.019088729485832324
E/hp-only/s9	4602318531202457275	0.48000000000000015
E/hp-only/mf9	4581206215176630100	0.019251939515512476
E/hp-only/s10	4602678819172646913	0.5000000000000001
E/hp-only/mf10	4581252774134377620	0.019413473349555746
E/hp-only/s11	4602858963157741733	0.5200000000000001
E/hp-only/mf11	4581298835600563621	0.01957328116301728
E/hp-only/s12	4603039107142836553	0.5400000000000001
E/hp-only/mf12	4581344385943292721	0.0197313156607592
E/hp-only/s13	4603219251127931373	0.5600000000000002
E/hp-only/mf13	4581389412273254951	0.019887532124004317
E/hp-only/s14	4603399395113026193	0.5800000000000002
E/hp-only/mf14	4581433902454720550	0.020041888448482002
E/hp-only/s15	4603579539098121013	0.6000000000000002
E/hp-only/mf15	4581477845114119765	0.020194345174195345
E/hp-only/s16	4603759683083215833	0.6200000000000002
E/hp-only/mf16	4581521229646229631	0.020344865506885853
E/hp-only/s17	4603939827068310653	0.6400000000000002
E/hp-only/mf17	4581564046218002392	0.02049341533131596
E/hp-only/s18	4604119971053405473	0.6600000000000003
E/hp-only/mf18	4581606285770082635	0.020639963216532647
E/hp-only/s19	4604300115038500293	0.6800000000000003
E/hp-only/mf19	4581647940016071426	0.020784480413314384
E/hp-only/s20	4604480259023595113	0.7000000000000003
E/hp-only/mf20	4581689001439606680	0.020926940844041647
E/hp-only/s21	4604660403008689933	0.7200000000000003
E/hp-only/mf21	4581729463289338330	0.021067321085263525
E/hp-only/s22	4604840546993784753	0.7400000000000003
E/hp-only/mf22	4581769319571886214	0.021205600343265484
E/hp-only/s23	4605020690978879573	0.7600000000000003
E/hp-only/mf23	4581808565042875851	0.021341760422968464
E/hp-only/s24	4605200834963974393	0.7800000000000004
E/hp-only/mf24	4581847195196154520	0.021475785690514643
E/hp-only/s25	4605380978949069213	0.8000000000000004
E/hp-only/mf25	4581885206251295726	0.02160766302991484
E/hp-only/s26	4605561122934164033	0.8200000000000004
E/hp-only/mf26	4581922595139504866	0.021737381794148976
E/hp-only/s27	4605741266919258853	0.8400000000000004
E/hp-only/mf27	4581959359488042761	0.021864933751124336
E/hp-only/s28	4605921410904353673	0.8600000000000004
E/hp-only/mf28	4581995497603286521	0.021990313024906148
E/hp-only/s29	4606101554889448493	0.8800000000000004
E/hp-only/mf29	4582031008452548926	0.022113516032640883
E/hp-only/s30	4606281698874543313	0.9000000000000005
E/hp-only/mf30	4582065891644778528	0.022234541417596287
E/hp-only/s31	4606461842859638133	0.9200000000000005
E/hp-only/mf31	4582100147410262670	0.02235338997874208
E/hp-only/s32	4606641986844732953	0.9400000000000005
E/hp-only/mf32	4582133776579454719	0.02247006459729217
E/hp-only/s33	4606822130829827773	0.9600000000000005
E/hp-only/mf33	4582166780561045354	0.02258457016062413
E/hp-only/s34	4607002274814922593	0.9800000000000005
E/hp-only/mf34	4582199161319395461	0.022696913483983856
E/hp-only/s35	4607182418800017410	1.0000000000000004
E/hp-only/mf35	4582230921351445141	0.022807103230372567
E/hp-only/s36	4607272490792564820	1.0200000000000005
E/hp-only/mf36	4582262063663209868	0.022915149829001488
E/hp-only/s37	4607362562785112230	1.0400000000000005
E/hp-only/mf37	4582292591745971018	0.023021065392686148
E/hp-only/s38	4607452634777659640	1.0600000000000005
E/hp-only/mf38	4582322509552263151	0.023124863634535527
E/hp-only/s39	4607542706770207050	1.0800000000000005
E/hp-only/mf39	4582351821471755979	0.02322655978427583
E/hp-only/s40	4607632778762754460	1.1000000000000005
E/hp-only/mf40	4582380532307123400	0.02332617050452937
F/flow/press/m0.15/margin	4594572339843380019	0.15
F/flow/press/m0.15/r	4602678819172646912	0.5
F/flow/press/m0.15/rho	4607182418800017408	1.0
F/flow/press/m0.15/s_lp_bare	4597814931575086775	0.23999999999999996
F/flow/press/m0.15/s_hp_bare	4600877379321698715	0.4000000000000001
F/flow/press/m0.15/relief_lp	4581123619669440416	0.018965378784848164
F/flow/press/m0.15/relief_hp	4587902604910232608	0.05371941693170634
F/flow/press/m0.15/min_phi_lp_bare	4604799708185174898	0.7354659814383082
F/flow/press/m0.15/min_phi_lp_lim	4604970533130831663	0.7544313602231564
F/flow/press/m0.15/min_phi_hp_bare	4605932210771652934	0.861199026133854
F/flow/press/m0.15/min_phi_hp_lim	4606416072263805320	0.9149184430655604
F/flow/press/m0.15/fuel_removed	4578081782279309305	0.012018442661659622
F/flow/press/m0.15/Tt4_peak_bare	4655171289185402739	1695.4058398939349
F/flow/press/m0.15/Tt4_peak_lim	4654265627540474752	1489.482222978695
F/flow/press/m0.15/nu_hp_end	4606812608473103473	0.9589428060315993
F/flow/press/m0.15/nu_hp_end_bare	4606813663167209198	0.9590599005996105
F/flow/press/m0.15/s_eng	4590429028186199163	0.08
F/flow/press/m0.15/n_engaged	103	103
F/flow/press/m0.25/margin	4598175219545276416	0.25
F/flow/press/m0.25/r	4602678819172646912	0.5
F/flow/press/m0.25/rho	4607182418800017408	1.0
F/flow/press/m0.25/s_lp_bare	4597814931575086775	0.23999999999999996
F/flow/press/m0.25/s_hp_bare	4600877379321698715	0.4000000000000001
F/flow/press/m0.25/relief_lp	4576052434692441920	0.008498085761803886
F/flow/press/m0.25/relief_hp	4585311062651845440	0.03573698015326565
F/flow/press/m0.25/min_phi_lp_bare	4604799708185174898	0.7354659814383082
F/flow/press/m0.25/min_phi_lp_lim	4604876252136915343	0.7439640672001121
F/flow/press/m0.25/min_phi_hp_bare	4605932210771652934	0.861199026133854
F/flow/press/m0.25/min_phi_hp_lim	4606254100872656122	0.8969360062871197
F/flow/press/m0.25/fuel_removed	4571388550303625030	0.004110018011640742
F/flow/press/m0.25/Tt4_peak_bare	4655171289185402739	1695.4058398939349
F/flow/press/m0.25/Tt4_peak_lim	4654514725101638167	1546.120451004366
F/flow/press/m0.25/nu_hp_end	4606813571500910231	0.959049723596041
F/flow/press/m0.25/nu_hp_end_bare	4606813663167209198	0.9590599005996105
F/flow/press/m0.25/s_eng	4594212051873190380	0.14
F/flow/press/m0.25/n_engaged	50	50
F/flow/press/m0.35/margin	4599976659396224614	0.35
F/flow/press/m0.35/r	4602678819172646912	0.5
F/flow/press/m0.35/rho	4607182418800017408	1.0
F/flow/press/m0.35/s_lp_bare	4597814931575086775	0.23999999999999996
F/flow/press/m0.35/s_hp_bare	4600877379321698715	0.4000000000000001
F/flow/press/m0.35/relief_lp	4566025086351057408	0.0018176136490258843
F/flow/press/m0.35/relief_hp	4580970153970116896	0.018432937682100747
F/flow/press/m0.35/min_phi_lp_bare	4604799708185174898	0.7354659814383082
F/flow/press/m0.35/min_phi_lp_lim	4604816079793479811	0.7372835950873341
F/flow/press/m0.35/min_phi_hp_bare	4605932210771652934	0.861199026133854
F/flow/press/m0.35/min_phi_hp_lim	4606098239914205839	0.8796319638159548
F/flow/press/m0.35/fuel_removed	4563492995191495072	0.0012685539018001193
F/flow/press/m0.35/Tt4_peak_bare	4655171289185402739	1695.4058398939349
F/flow/press/m0.35/Tt4_peak_lim	4654783052197923669	1607.1309691078106
F/flow/press/m0.35/nu_hp_end	4606813643766620302	0.9590577467015622
F/flow/press/m0.35/nu_hp_end_bare	4606813663167209198	0.9590599005996105
F/flow/press/m0.35/s_eng	4596373779694328217	0.19999999999999998
F/flow/press/m0.35/n_engaged	27	27
F/flow/press/m0.42/margin	4601237667291888353	0.42
F/flow/press/m0.42/r	4602678819172646912	0.5
F/flow/press/m0.42/rho	4607182418800017408	1.0
F/flow/press/m0.42/s_lp_bare	4597814931575086775	0.23999999999999996
F/flow/press/m0.42/s_hp_bare	4600877379321698715	0.4000000000000001
F/flow/press/m0.42/relief_lp	0	0.0
F/flow/press/m0.42/relief_hp	4575288683123156864	0.007492843992375486
F/flow/press/m0.42/min_phi_lp_bare	4604799708185174898	0.7354659814383082
F/flow/press/m0.42/min_phi_lp_lim	4604799708185174898	0.7354659814383082
F/flow/press/m0.42/min_phi_hp_bare	4605932210771652934	0.861199026133854
F/flow/press/m0.42/min_phi_hp_lim	4605999700310476949	0.8686918701262295
F/flow/press/m0.42/fuel_removed	4555504752383821270	0.00037237621512894775
F/flow/press/m0.42/Tt4_peak_bare	4655171289185402739	1695.4058398939349
F/flow/press/m0.42/Tt4_peak_lim	4654975927003125786	1650.9856224670134
F/flow/press/m0.42/nu_hp_end	4606813657888958454	0.95905931459606
F/flow/press/m0.42/nu_hp_end_bare	4606813663167209198	0.9590599005996105
F/flow/press/m0.42/s_eng	4598715651500560875	0.27999999999999997
F/flow/press/m0.42/n_engaged	16	16
F/flow/press/m0.45/margin	4601778099247172813	0.45
F/flow/press/m0.45/r	4602678819172646912	0.5
F/flow/press/m0.45/rho	4607182418800017408	1.0
F/flow/press/m0.45/s_lp_bare	4597814931575086775	0.23999999999999996
F/flow/press/m0.45/s_hp_bare	4600877379321698715	0.4000000000000001
F/flow/press/m0.45/relief_lp	0	0.0
F/flow/press/m0.45/relief_hp	4569950921824185088	0.003384662037566044
F/flow/press/m0.45/min_phi_lp_bare	4604799708185174898	0.7354659814383082
F/flow/press/m0.45/min_phi_lp_lim	4604799708185174898	0.7354659814383082
F/flow/press/m0.45/min_phi_hp_bare	4605932210771652934	0.861199026133854
F/flow/press/m0.45/min_phi_hp_lim	4605962697097035249	0.8645836881714201
F/flow/press/m0.45/fuel_removed	4549737017186709484	0.0001519236442887312
F/flow/press/m0.45/Tt4_peak_bare	4655171289185402739	1695.4058398939349
F/flow/press/m0.45/Tt4_peak_lim	4655072390508732075	1672.9188842828542
F/flow/press/m0.45/nu_hp_end	4606813661011894078	0.9590596613115634
F/flow/press/m0.45/nu_hp_end_bare	4606813663167209198	0.9590599005996105
F/flow/press/m0.45/s_eng	4599436227440940155	0.32
F/flow/press/m0.45/n_engaged	12	12
F/flow/press/m0.48/margin	4602318531202457272	0.48
F/flow/press/m0.48/r	4602678819172646912	0.5
F/flow/press/m0.48/rho	4607182418800017408	1.0
F/flow/press/m0.48/s_lp_bare	4597814931575086775	0.23999999999999996
F/flow/press/m0.48/s_hp_bare	4600877379321698715	0.4000000000000001
F/flow/press/m0.48/relief_lp	0	0.0
F/flow/press/m0.48/relief_hp	4535367859681067008	1.608222339732901e-05
F/flow/press/m0.48/min_phi_lp_bare	4604799708185174898	0.7354659814383082
F/flow/press/m0.48/min_phi_lp_lim	4604799708185174898	0.7354659814383082
F/flow/press/m0.48/min_phi_hp_bare	4605932210771652934	0.861199026133854
F/flow/press/m0.48/min_phi_hp_lim	4605932355627443533	0.8612151083572513
F/flow/press/m0.48/fuel_removed	4536212916280233966	1.8945386524485347e-05
F/flow/press/m0.48/Tt4_peak_bare	4655171289185402739	1695.4058398939349
F/flow/press/m0.48/Tt4_peak_lim	4655133118972812271	1686.7269383647906
F/flow/press/m0.48/nu_hp_end	4606813662903720570	0.9590598713464964
F/flow/press/m0.48/nu_hp_end_bare	4606813663167209198	0.9590599005996105
F/flow/press/m0.48/s_eng	4600877379321698715	0.4000000000000001
F/flow/press/m0.48/n_engaged	6	6
F/tilted/m0.15/margin	4594572339843380019	0.15
F/tilted/m0.15/r	4602678819172646912	0.5
F/tilted/m0.15/rho	4607182418800017408	1.0
F/tilted/m0.15/s_lp_bare	4597814931575086775	0.23999999999999996
F/tilted/m0.15/s_hp_bare	4600517091351509075	0.38000000000000006
F/tilted/m0.15/relief_lp	4582088749102509152	0.02231384415464921
F/tilted/m0.15/relief_hp	4588909067336066240	0.06070315292283501
F/tilted/m0.15/min_phi_lp_bare	4604816885288509782	0.7373730230001836
F/tilted/m0.15/min_phi_lp_lim	4605017870528949945	0.7596868671548328
F/tilted/m0.15/min_phi_hp_bare	4605824469892413622	0.8492373856513697
F/tilted/m0.15/min_phi_hp_lim	4606371235286180610	0.9099405385742048
F/tilted/m0.15/fuel_removed	4577998046090363492	0.01187318352890649
F/tilted/m0.15/Tt4_peak_bare	4655202117448282611	1702.4153753324615
F/tilted/m0.15/Tt4_peak_lim	4654272079023083968	1490.9491202916106
F/tilted/m0.15/nu_hp_end	4606819784950720532	0.9597395551002159
F/tilted/m0.15/nu_hp_end_bare	4606819587711889355	0.9597176571910436
F/tilted/m0.15/s_eng	4590429028186199163	0.08
F/tilted/m0.15/n_engaged	101	101
F/tilted/m0.25/margin	4598175219545276416	0.25
F/tilted/m0.25/r	4602678819172646912	0.5
F/tilted/m0.25/rho	4607182418800017408	1.0
F/tilted/m0.25/s_lp_bare	4597814931575086775	0.23999999999999996
F/tilted/m0.25/s_hp_bare	4600517091351509075	0.38000000000000006
F/tilted/m0.25/relief_lp	4577066862337376448	0.010257837212151677
F/tilted/m0.25/relief_hp	4586025733450745088	0.04069600500305093
F/tilted/m0.25/min_phi_lp_bare	4604816885288509782	0.7373730230001836
F/tilted/m0.25/min_phi_lp_lim	4604909279672202329	0.7476308602123353
F/tilted/m0.25/min_phi_hp_bare	4605824469892413622	0.8492373856513697
F/tilted/m0.25/min_phi_hp_lim	4606191026918348038	0.8899333906544207
F/tilted/m0.25/fuel_removed	4571387816209614776	0.004109381286584161
F/tilted/m0.25/Tt4_peak_bare	4655202117448282611	1702.4153753324615
F/tilted/m0.25/Tt4_peak_lim	4654550377000039313	1554.2267541803633
F/tilted/m0.25/nu_hp_end	4606819696842988438	0.9597297731769341
F/tilted/m0.25/nu_hp_end_bare	4606819587711889355	0.9597176571910436
F/tilted/m0.25/s_eng	4594212051873190380	0.14
F/tilted/m0.25/n_engaged	50	50
F/tilted/m0.35/margin	4599976659396224614	0.35
F/tilted/m0.35/r	4602678819172646912	0.5
F/tilted/m0.35/rho	4607182418800017408	1.0
F/tilted/m0.35/s_lp_bare	4597814931575086775	0.23999999999999996
F/tilted/m0.35/s_hp_bare	4600517091351509075	0.38000000000000006
F/tilted/m0.35/relief_lp	4567954363651798272	0.0025187929543678544
F/tilted/m0.35/relief_hp	4581932764216868768	0.021772662868613346
F/tilted/m0.35/min_phi_lp_bare	4604816885288509782	0.7373730230001836
F/tilted/m0.35/min_phi_lp_lim	4604839572558531211	0.7398918159545514
F/tilted/m0.35/min_phi_hp_bare	4605824469892413622	0.8492373856513697
F/tilted/m0.35/min_phi_hp_lim	4606020580605177523	0.8710100485199831
F/tilted/m0.35/fuel_removed	4563629821705847605	0.0012982234226230464
F/tilted/m0.35/Tt4_peak_bare	4655202117448282611	1702.4153753324615
F/tilted/m0.35/Tt4_peak_lim	4654803130611899287	1611.6962718905177
F/tilted/m0.35/nu_hp_end	4606819618114553130	0.9597210325647769
F/tilted/m0.35/nu_hp_end_bare	4606819587711889355	0.9597176571910436
F/tilted/m0.35/s_eng	4596373779694328217	0.19999999999999998
F/tilted/m0.35/n_engaged	27	27
F/tilted/m0.42/margin	4601237667291888353	0.42
F/tilted/m0.42/r	4602678819172646912	0.5
F/tilted/m0.42/rho	4607182418800017408	1.0
F/tilted/m0.42/s_lp_bare	4597814931575086775	0.23999999999999996
F/tilted/m0.42/s_hp_bare	4600517091351509075	0.38000000000000006
F/tilted/m0.42/relief_lp	0	0.0
F/tilted/m0.42/relief_hp	4576434975216905600	0.009161687790103512
F/tilted/m0.42/min_phi_lp_bare	4604816885288509782	0.7373730230001836
F/tilted/m0.42/min_phi_lp_lim	4604816885288509782	0.7373730230001836
F/tilted/m0.42/min_phi_hp_bare	4605824469892413622	0.8492373856513697
F/tilted/m0.42/min_phi_hp_lim	4605906991039848812	0.8583990734414733
F/tilted/m0.42/fuel_removed	4555988675866089840	0.00039860975966856445
F/tilted/m0.42/Tt4_peak_bare	4655202117448282611	1702.4153753324615
F/tilted/m0.42/Tt4_peak_lim	4654994283253664954	1655.1593506194608
F/tilted/m0.42/nu_hp_end	4606819596657679899	0.9597186503733072
F/tilted/m0.42/nu_hp_end_bare	4606819587711889355	0.9597176571910436
F/tilted/m0.42/s_eng	4598355363530371235	0.25999999999999995
F/tilted/m0.42/n_engaged	17	17
F/tilted/m0.45/margin	4601778099247172813	0.45
F/tilted/m0.45/r	4602678819172646912	0.5
F/tilted/m0.45/rho	4607182418800017408	1.0
F/tilted/m0.45/s_lp_bare	4597814931575086775	0.23999999999999996
F/tilted/m0.45/s_hp_bare	4600517091351509075	0.38000000000000006
F/tilted/m0.45/relief_lp	0	0.0
F/tilted/m0.45/relief_hp	4571596462653924352	0.004290353229145616
F/tilted/m0.45/min_phi_lp_bare	4604816885288509782	0.7373730230001836
F/tilted/m0.45/min_phi_lp_lim	4604816885288509782	0.7373730230001836
F/tilted/m0.45/min_phi_hp_bare	4605824469892413622	0.8492373856513697
F/tilted/m0.45/min_phi_hp_lim	4605863113958821758	0.8535277388805154
F/tilted/m0.45/fuel_removed	4550490025044335604	0.00017233396316715356
F/tilted/m0.45/Tt4_peak_bare	4655202117448282611	1702.4153753324615
F/tilted/m0.45/Tt4_peak_lim	4655090018072764271	1676.9269283059655
F/tilted/m0.45/nu_hp_end	4606819591564584509	0.9597180849261303
F/tilted/m0.45/nu_hp_end_bare	4606819587711889355	0.9597176571910436
F/tilted/m0.45/s_eng	4599075939470750515	0.3
F/tilted/m0.45/n_engaged	13	13
F/tilted/m0.48/margin	4602318531202457272	0.48
F/tilted/m0.48/r	4602678819172646912	0.5
F/tilted/m0.48/rho	4607182418800017408	1.0
F/tilted/m0.48/s_lp_bare	4597814931575086775	0.23999999999999996
F/tilted/m0.48/s_hp_bare	4600517091351509075	0.38000000000000006
F/tilted/m0.48/relief_lp	0	0.0
F/tilted/m0.48/relief_hp	4555085137523539968	0.0003496288479727383
F/tilted/m0.48/min_phi_lp_bare	4604816885288509782	0.7373730230001836
F/tilted/m0.48/min_phi_lp_lim	4604816885288509782	0.7373730230001836
F/tilted/m0.48/min_phi_hp_bare	4605824469892413622	0.8492373856513697
F/tilted/m0.48/min_phi_hp_lim	4605827619069112518	0.8495870144993425
F/tilted/m0.48/fuel_removed	4539326741038570028	2.9495435173632563e-05
F/tilted/m0.48/Tt4_peak_bare	4655202117448282611	1702.4153753324615
F/tilted/m0.48/Tt4_peak_lim	4655150509288767467	1690.6810384206426
F/tilted/m0.48/nu_hp_end	4606819588346949209	0.9597177276968508
F/tilted/m0.48/nu_hp_end_bare	4606819587711889355	0.9597176571910436
F/tilted/m0.48/s_eng	4600517091351509075	0.38000000000000006
F/tilted/m0.48/n_engaged	7	7
F/hp-only/m0.15/margin	4594572339843380019	0.15
F/hp-only/m0.15/r	4602678819172646912	0.5
F/hp-only/m0.15/rho	4607182418800017408	1.0
F/hp-only/m0.15/s_lp_bare	4597814931575086775	0.23999999999999996
F/hp-only/m0.15/s_hp_bare	4600517091351509075	0.38000000000000006
F/hp-only/m0.15/relief_lp	4581300590409609824	0.01957936937991389
F/hp-only/m0.15/relief_hp	4587733563586278672	0.05254645711941397
F/hp-only/m0.15/min_phi_lp_bare	4604366713655588519	0.6873939318099546
F/hp-only/m0.15/min_phi_lp_lim	4604543068936875578	0.7069733011898685
F/hp-only/m0.15/min_phi_hp_bare	4605941987745789977	0.862284488313665
F/hp-only/m0.15/min_phi_hp_lim	4606415284155195242	0.914830945433079
F/hp-only/m0.15/fuel_removed	4577870684258730677	0.01165224596962964
F/hp-only/m0.15/Tt4_peak_bare	4655149901027050085	1690.54273571833
F/hp-only/m0.15/Tt4_peak_lim	4654232898175466466	1482.040426961838
F/hp-only/m0.15/nu_hp_end	4606807590875647914	0.9583857408092531
F/hp-only/m0.15/nu_hp_end_bare	4606812395339237770	0.9589191434190962
F/hp-only/m0.15/s_eng	4590429028186199163	0.08
F/hp-only/m0.15/n_engaged	101	101
F/hp-only/m0.25/margin	4598175219545276416	0.25
F/hp-only/m0.25/r	4602678819172646912	0.5
F/hp-only/m0.25/rho	4607182418800017408	1.0
F/hp-only/m0.25/s_lp_bare	4597814931575086775	0.23999999999999996
F/hp-only/m0.25/s_hp_bare	4600517091351509075	0.38000000000000006
F/hp-only/m0.25/relief_lp	4576240340222962432	0.008824049896863695
F/hp-only/m0.25/relief_hp	4585128431179479728	0.03446971974300561
F/hp-only/m0.25/min_phi_lp_bare	4604366713655588519	0.6873939318099546
F/hp-only/m0.25/min_phi_lp_lim	4604446193631243347	0.6962179817068183
F/hp-only/m0.25/min_phi_hp_bare	4605941987745789977	0.862284488313665
F/hp-only/m0.25/min_phi_hp_lim	4606252463379770308	0.8967542080566706
F/hp-only/m0.25/fuel_removed	4571156011005520932	0.003908322321886568
F/hp-only/m0.25/Tt4_peak_bare	4655149901027050085	1690.54273571833
F/hp-only/m0.25/Tt4_peak_lim	4654485242824020913	1539.4169571820933
F/hp-only/m0.25/nu_hp_end	4606811540122782964	0.9588241953191798
F/hp-only/m0.25/nu_hp_end_bare	4606812395339237770	0.9589191434190962
F/hp-only/m0.25/s_eng	4594212051873190380	0.14
F/hp-only/m0.25/n_engaged	49	49
F/hp-only/m0.35/margin	4599976659396224614	0.35
F/hp-only/m0.35/r	4602678819172646912	0.5
F/hp-only/m0.35/rho	4607182418800017408	1.0
F/hp-only/m0.35/s_lp_bare	4597814931575086775	0.23999999999999996
F/hp-only/m0.35/s_hp_bare	4600517091351509075	0.38000000000000006
F/hp-only/m0.35/relief_lp	4562989070978138624	0.0011592827564222974
F/hp-only/m0.35/relief_hp	4580571560678954240	0.01705003940300731
F/hp-only/m0.35/min_phi_lp_bare	4604366713655588519	0.6873939318099546
F/hp-only/m0.35/min_phi_lp_lim	4604377155546368200	0.6885532145663769
F/hp-only/m0.35/min_phi_hp_bare	4605941987745789977	0.862284488313665
F/hp-only/m0.35/min_phi_hp_lim	4606095560847994049	0.8793345277166723
F/hp-only/m0.35/fuel_removed	4562999417223835700	0.0011615262408346651
F/hp-only/m0.35/Tt4_peak_bare	4655149901027050085	1690.54273571833
F/hp-only/m0.35/Tt4_peak_lim	4654774437804897707	1605.1722829037851
F/hp-only/m0.35/nu_hp_end	4606812182904444052	0.9588955584191745
F/hp-only/m0.35/nu_hp_end_bare	4606812395339237770	0.9589191434190962
F/hp-only/m0.35/s_eng	4596373779694328217	0.19999999999999998
F/hp-only/m0.35/n_engaged	26	26
F/hp-only/m0.42/margin	4601237667291888353	0.42
F/hp-only/m0.42/r	4602678819172646912	0.5
F/hp-only/m0.42/rho	4607182418800017408	1.0
F/hp-only/m0.42/s_lp_bare	4597814931575086775	0.23999999999999996
F/hp-only/m0.42/s_hp_bare	4600517091351509075	0.38000000000000006
F/hp-only/m0.42/relief_lp	0	0.0
F/hp-only/m0.42/relief_hp	4573828970370336128	0.006226745002125056
F/hp-only/m0.42/min_phi_lp_bare	4604366713655588519	0.6873939318099546
F/hp-only/m0.42/min_phi_lp_lim	4604366713655588519	0.6873939318099546
F/hp-only/m0.42/min_phi_hp_bare	4605941987745789977	0.862284488313665
F/hp-only/m0.42/min_phi_hp_lim	4605998073278732580	0.86851123331579
F/hp-only/m0.42/fuel_removed	4554409775011403577	0.00031301737282906115
F/hp-only/m0.42/Tt4_peak_bare	4655149901027050085	1690.54273571833
F/hp-only/m0.42/Tt4_peak_lim	4654958079234094825	1646.927509623982
F/hp-only/m0.42/nu_hp_end	4606812340274089764	0.9589130299595792
F/hp-only/m0.42/nu_hp_end_bare	4606812395339237770	0.9589191434190962
F/hp-only/m0.42/s_eng	4598715651500560875	0.27999999999999997
F/hp-only/m0.42/n_engaged	15	15
F/hp-only/m0.45/margin	4601778099247172813	0.45
F/hp-only/m0.45/r	4602678819172646912	0.5
F/hp-only/m0.45/rho	4607182418800017408	1.0
F/hp-only/m0.45/s_lp_bare	4597814931575086775	0.23999999999999996
F/hp-only/m0.45/s_hp_bare	4600517091351509075	0.38000000000000006
F/hp-only/m0.45/relief_lp	0	0.0
F/hp-only/m0.45/relief_hp	4566686745715244800	0.0019690513060907078
F/hp-only/m0.45/min_phi_lp_bare	4604366713655588519	0.6873939318099546
F/hp-only/m0.45/min_phi_lp_lim	4604366713655588519	0.6873939318099546
F/hp-only/m0.45/min_phi_hp_bare	4605941987745789977	0.862284488313665
F/hp-only/m0.45/min_phi_hp_lim	4605959723383246744	0.8642535396197557
F/hp-only/m0.45/fuel_removed	4547879762171677546	0.00011182647936740028
F/hp-only/m0.45/Tt4_peak_bare	4655149901027050085	1690.54273571833
F/hp-only/m0.45/Tt4_peak_lim	4655032879056738283	1663.9350202209268
F/hp-only/m0.45/nu_hp_end	4606812375746362698	0.9589169681729939
F/hp-only/m0.45/nu_hp_end_bare	4606812395339237770	0.9589191434190962
F/hp-only/m0.45/s_eng	4599436227440940155	0.32
F/hp-only/m0.45/n_engaged	11	11
F/hp-only/m0.48/margin	4602318531202457272	0.48
F/hp-only/m0.48/r	4602678819172646912	0.5
F/hp-only/m0.48/rho	4607182418800017408	1.0
F/hp-only/m0.48/s_lp_bare	4597814931575086775	0.23999999999999996
F/hp-only/m0.48/s_hp_bare	4600517091351509075	0.38000000000000006
F/hp-only/m0.48/relief_lp	0	0.0
F/hp-only/m0.48/relief_hp	0	0.0
F/hp-only/m0.48/min_phi_lp_bare	4604366713655588519	0.6873939318099546
F/hp-only/m0.48/min_phi_lp_lim	4604366713655588519	0.6873939318099546
F/hp-only/m0.48/min_phi_hp_bare	4605941987745789977	0.862284488313665
F/hp-only/m0.48/min_phi_hp_lim	4605941987745789977	0.862284488313665
F/hp-only/m0.48/fuel_removed	4514773966012239058	7.062919659635297e-07
F/hp-only/m0.48/Tt4_peak_bare	4655149901027050085	1690.54273571833
F/hp-only/m0.48/Tt4_peak_lim	4655150214351353313	1690.6139774167607
F/hp-only/m0.48/nu_hp_end	4606812395211425165	0.9589191292290465
F/hp-only/m0.48/nu_hp_end_bare	4606812395339237770	0.9589191434190962
F/hp-only/m0.48/s_eng	4601597955262077995	0.4400000000000001
F/hp-only/m0.48/n_engaged	3	3
G/fast/m0.60/margin	4603579539098121011	0.6
G/fast/m0.60/r	4594572339843380019	0.15
G/fast/m0.60/rho	4607182418800017408	1.0
G/fast/m0.60/s_lp_bare	4594212051873190380	0.14
G/fast/m0.60/s_hp_bare	4594212051873190380	0.14
G/fast/m0.60/relief_lp	4578929843917883968	0.013489595095170448
G/fast/m0.60/relief_hp	4583930800718009056	0.028704744517386582
G/fast/m0.60/min_phi_lp_bare	4604384508051011892	0.6893695065607859
G/fast/m0.60/min_phi_lp_lim	4604506011521899869	0.7028591016559563
G/fast/m0.60/min_phi_hp_bare	4605438663763886986	0.8064043009581934
G/fast/m0.60/min_phi_hp_lim	4605697213117311521	0.83510904547558
G/fast/m0.60/fuel_removed	4554778518256823281	0.0003330069842177311
G/fast/m0.60/Tt4_peak_bare	4655985216575601100	1880.471502147254
G/fast/m0.60/Tt4_peak_lim	4655449112061760944	1758.5754484137105
G/fast/m0.60/nu_hp_end	4606813636124452011	0.9590568982504427
G/fast/m0.60/nu_hp_end_bare	4606813643228871747	0.9590576869994795
G/fast/m0.60/s_eng	4591870180066957722	0.1
G/fast/m0.60/n_engaged	9	9
G/fast/m0.70/margin	4604480259023595110	0.7
G/fast/m0.70/r	4594572339843380019	0.15
G/fast/m0.70/rho	4607182418800017408	1.0
G/fast/m0.70/s_lp_bare	4594212051873190380	0.14
G/fast/m0.70/s_hp_bare	4594212051873190380	0.14
G/fast/m0.70/relief_lp	4572331413810426624	0.004927821741586014
G/fast/m0.70/relief_hp	4578246896871875008	0.012304870821609692
G/fast/m0.70/min_phi_lp_bare	4604384508051011892	0.6893695065607859
G/fast/m0.70/min_phi_lp_lim	4604428893923330202	0.6942973283023719
G/fast/m0.70/min_phi_hp_bare	4605438663763886986	0.8064043009581934
G/fast/m0.70/min_phi_hp_lim	4605549496187181073	0.8187091717798031
G/fast/m0.70/fuel_removed	4545104162015410639	7.42100828752042e-05
G/fast/m0.70/Tt4_peak_bare	4655985216575601100	1880.471502147254
G/fast/m0.70/Tt4_peak_lim	4655754538652965024	1828.0214150338797
G/fast/m0.70/nu_hp_end	4606813641536876889	0.9590574991503146
G/fast/m0.70/nu_hp_end_bare	4606813643228871747	0.9590576869994795
G/fast/m0.70/s_eng	4593311331947716281	0.12000000000000001
G/fast/m0.70/n_engaged	4	4
G/fast/m0.78/margin	4605200834963974390	0.78
G/fast/m0.78/r	4594572339843380019	0.15
G/fast/m0.78/rho	4607182418800017408	1.0
G/fast/m0.78/s_lp_bare	4594212051873190380	0.14
G/fast/m0.78/s_hp_bare	4594212051873190380	0.14
G/fast/m0.78/relief_lp	0	0.0
G/fast/m0.78/relief_hp	0	0.0
G/fast/m0.78/min_phi_lp_bare	4604384508051011892	0.6893695065607859
G/fast/m0.78/min_phi_lp_lim	4604384508051011892	0.6893695065607859
G/fast/m0.78/min_phi_hp_bare	4605438663763886986	0.8064043009581934
G/fast/m0.78/min_phi_hp_lim	4605438663763886986	0.8064043009581934
G/fast/m0.78/fuel_removed	4505323714296718292	1.6484549050205236e-07
G/fast/m0.78/Tt4_peak_bare	4655985216575601100	1880.471502147254
G/fast/m0.78/Tt4_peak_lim	4655986337526455975	1880.726376863118
G/fast/m0.78/nu_hp_end	4606813643094586453	0.9590576720908169
G/fast/m0.78/nu_hp_end_bare	4606813643228871747	0.9590576869994795
G/fast/m0.78/s_eng	4594932627813569659	0.16
G/fast/m0.78/n_engaged	1	1
G/slow/m0.2/margin	4596373779694328218	0.2
G/slow/m0.2/r	4611686018427387904	2.0
G/slow/m0.2/rho	4607182418800017408	1.0
G/slow/m0.2/s_lp_bare	4599436227440940155	0.32
G/slow/m0.2/s_hp_bare	4603939827068310653	0.6400000000000002
G/slow/m0.2/relief_lp	0	0.0
G/slow/m0.2/relief_hp	0	0.0
G/slow/m0.2/min_phi_lp_bare	4605029139501283261	0.7609379744096639
G/slow/m0.2/min_phi_lp_lim	4605029139501283261	0.7609379744096639
G/slow/m0.2/min_phi_hp_bare	4606377970296798692	0.9106882749601337
G/slow/m0.2/min_phi_hp_lim	4606377970296798692	0.9106882749601337
G/slow/m0.2/fuel_removed	4536164804534568441	1.878237758957087e-05
G/slow/m0.2/Tt4_peak_bare	4654211793131958844	1477.2416956491206
G/slow/m0.2/Tt4_peak_lim	4654212306981466496	1477.3585315003002
G/slow/m0.2/nu_hp_end	4606813699359788655	0.9590639187831139
G/slow/m0.2/nu_hp_end_bare	4606813699384903367	0.9590639215714071
G/slow/m0.2/s_eng	4604480259023595113	0.7000000000000003
G/slow/m0.2/n_engaged	18	18
G/deg/m0.05/margin	4587366580439587226	0.05
G/deg/m0.05/r	4602678819172646912	0.5
G/deg/m0.05/rho	4607182418800017408	1.0
G/deg/m0.05/s_lp_bare	4597814931575086775	0.23999999999999996
G/deg/m0.05/s_hp_bare	4600877379321698715	0.4000000000000001
G/deg/m0.05/relief_lp	4584628150380424896	0.0311241621781011
G/deg/m0.05/relief_hp	4589890004259862264	0.0725195403269615
G/deg/m0.05/min_phi_lp_bare	4604799708185174898	0.7354659814383082
G/deg/m0.05/min_phi_lp_lim	4605080049715549928	0.7665901436164093
G/deg/m0.05/min_phi_hp_bare	4605932210771652934	0.861199026133854
G/deg/m0.05/min_phi_hp_lim	4606585408721240101	0.9337185664608155
G/deg/m0.05/fuel_removed	4586566829234428910	0.044450611237884505
G/deg/m0.05/Tt4_peak_bare	4655171289185402739	1695.4058398939349
G/deg/m0.05/Tt4_peak_lim	4653184551418696693	1243.6739717361027
G/deg/m0.05/nu_hp_end	4606033646445139699	0.8724606481561906
G/deg/m0.05/nu_hp_end_bare	4606813663167209198	0.9590599005996105
G/deg/m0.05/s_eng	4585925428558828667	0.04
G/deg/m0.05/n_engaged	224	224
G/comp/gov/margin	4598175219545276416	0.25
G/comp/gov/r	4602678819172646912	0.5
G/comp/gov/rho	4607182418800017408	1.0
G/comp/gov/s_lp_bare	4597814931575086775	0.23999999999999996
G/comp/gov/s_hp_bare	4600877379321698715	0.4000000000000001
G/comp/gov/relief_lp	4576052434692441920	0.008498085761803886
G/comp/gov/relief_hp	4585311062651845440	0.03573698015326565
G/comp/gov/min_phi_lp_bare	4604799708185174898	0.7354659814383082
G/comp/gov/min_phi_lp_lim	4604876252136915343	0.7439640672001121
G/comp/gov/min_phi_hp_bare	4605932210771652934	0.861199026133854
G/comp/gov/min_phi_hp_lim	4606254100872656122	0.8969360062871197
G/comp/gov/fuel_removed	4571784680329852100	0.0044536060396584455
G/comp/gov/Tt4_peak_bare	4655171289185402739	1695.4058398939349
G/comp/gov/Tt4_peak_lim	4654223924282785795	1480.0000000000007
G/comp/gov/nu_hp_end	4606813547596169287	0.9590470696366616
G/comp/gov/nu_hp_end_bare	4606813663167209198	0.9590599005996105
G/comp/gov/s_eng	4594212051873190380	0.14
G/comp/gov/n_engaged	65	65
G/comp/govlag/margin	4598175219545276416	0.25
G/comp/govlag/r	4602678819172646912	0.5
G/comp/govlag/rho	4607182418800017408	1.0
G/comp/govlag/s_lp_bare	4597814931575086775	0.23999999999999996
G/comp/govlag/s_hp_bare	4600877379321698715	0.4000000000000001
G/comp/govlag/relief_lp	4576052434692441920	0.008498085761803886
G/comp/govlag/relief_hp	4585311062651845440	0.03573698015326565
G/comp/govlag/min_phi_lp_bare	4604799708185174898	0.7354659814383082
G/comp/govlag/min_phi_lp_lim	4604876252136915343	0.7439640672001121
G/comp/govlag/min_phi_hp_bare	4605932210771652934	0.861199026133854
G/comp/govlag/min_phi_hp_lim	4606254100872656122	0.8969360062871197
G/comp/govlag/fuel_removed	4572767488993004965	0.005306056669840774
G/comp/govlag/Tt4_peak_bare	4655171289185402739	1695.4058398939349
G/comp/govlag/Tt4_peak_lim	4654095847046775058	1450.8786081076291
G/comp/govlag/nu_hp_end	4606813435647987759	0.9590346408917919
G/comp/govlag/nu_hp_end_bare	4606813663167209198	0.9590599005996105
G/comp/govlag/s_eng	4594212051873190380	0.14
G/comp/govlag/n_engaged	219	219
H/m0.02/margin	4581421828931458171	0.02
H/m0.02/r	4602678819172646912	0.5
H/m0.02/rho	4607182418800017408	1.0
H/m0.02/s_lp_bare	4597814931575086775	0.23999999999999996
H/m0.02/s_hp_bare	4600877379321698715	0.4000000000000001
H/m0.02/relief_lp	4585196839717136016	0.034944399327924036
H/m0.02/relief_hp	4590302148316856960	0.07823918809618569
H/m0.02/min_phi_lp_bare	4604799708185174898	0.7354659814383082
H/m0.02/min_phi_lp_lim	4605114459352758747	0.7704103807662323
H/m0.02/min_phi_hp_bare	4605932210771652934	0.861199026133854
H/m0.02/min_phi_hp_lim	4606636926728364438	0.9394382142300397
H/m0.02/fuel_removed	4587944107778491182	0.05400740093126043
H/m0.02/Tt4_peak_bare	4655171289185402739	1695.4058398939349
H/m0.02/Tt4_peak_lim	4652482146271413866	1083.9655317481615
H/m0.02/nu_hp_end	4605549901273265597	0.8187541453696024
H/m0.02/nu_hp_end_bare	4606813663167209198	0.9590599005996105
H/m0.02/s_eng	4581421828931458171	0.02
H/m0.02/n_engaged	225	225
H/m0.55/margin	4603129179135383962	0.55
H/m0.55/r	4602678819172646912	0.5
H/m0.55/rho	4607182418800017408	1.0
H/m0.55/s_lp_bare	4597814931575086775	0.23999999999999996
H/m0.55/s_hp_bare	4600877379321698715	0.4000000000000001
H/m0.55/relief_lp	0	0.0
H/m0.55/relief_hp	0	0.0
H/m0.55/min_phi_lp_bare	4604799708185174898	0.7354659814383082
H/m0.55/min_phi_lp_lim	4604799708185174898	0.7354659814383082
H/m0.55/min_phi_hp_bare	4605932210771652934	0.861199026133854
H/m0.55/min_phi_hp_lim	4605932210771652934	0.861199026133854
H/m0.55/fuel_removed	0	0.0
H/m0.55/Tt4_peak_bare	4655171289185402739	1695.4058398939349
H/m0.55/Tt4_peak_lim	4655171289185402739	1695.4058398939349
H/m0.55/nu_hp_end	4606813663167209198	0.9590599005996105
H/m0.55/nu_hp_end_bare	4606813663167209198	0.9590599005996105
H/m0.55/s_eng	9221120237041090560	nan
H/m0.55/n_engaged	0	0
H/m0.60/margin	4603579539098121011	0.6
H/m0.60/r	4602678819172646912	0.5
H/m0.60/rho	4607182418800017408	1.0
H/m0.60/s_lp_bare	4597814931575086775	0.23999999999999996
H/m0.60/s_hp_bare	4600877379321698715	0.4000000000000001
H/m0.60/relief_lp	0	0.0
H/m0.60/relief_hp	0	0.0
H/m0.60/min_phi_lp_bare	4604799708185174898	0.7354659814383082
H/m0.60/min_phi_lp_lim	4604799708185174898	0.7354659814383082
H/m0.60/min_phi_hp_bare	4605932210771652934	0.861199026133854
H/m0.60/min_phi_hp_lim	4605932210771652934	0.861199026133854
H/m0.60/fuel_removed	0	0.0
H/m0.60/Tt4_peak_bare	4655171289185402739	1695.4058398939349
H/m0.60/Tt4_peak_lim	4655171289185402739	1695.4058398939349
H/m0.60/nu_hp_end	4606813663167209198	0.9590599005996105
H/m0.60/nu_hp_end_bare	4606813663167209198	0.9590599005996105
H/m0.60/s_eng	9221120237041090560	nan
H/m0.60/n_engaged	0	0
N/bare/npts	226	226
N/bare/s_end	4616752568008179703	4.499999999999992
N/bare/mf_end	4582403389825004051	0.02340547345026962
N/bare/mf_sched_end	4582403389825004051	0.02340547345026962
N/gov/npts	226	226
N/gov/s_end	4616752568008179703	4.499999999999992
N/gov/mf_end	4582403389825004051	0.02340547345026962
N/gov/mf_sched_end	4582403389825004051	0.02340547345026962
N/govlag/npts	226	226
N/govlag/s_end	4616752568008179703	4.499999999999992
N/govlag/mf_end	4582403389811065076	0.023405473401909085
N/govlag/mf_sched_end	4582403389825004051	0.02340547345026962
N/accel/npts	226	226
N/accel/s_end	4616752568008179703	4.499999999999992
N/accel/mf_end	4582403389825004051	0.02340547345026962
N/accel/mf_sched_end	4582403389825004051	0.02340547345026962
N/accel_deg/npts	226	226
N/accel_deg/s_end	4616752568008179703	4.499999999999992
N/accel_deg/mf_end	4577827352933312575	0.011577078102181669
N/accel_deg/mf_sched_end	4582403389825004051	0.02340547345026962
N/both/npts	226	226
N/both/s_end	4616752568008179703	4.499999999999992
N/both/mf_end	4582403389825004051	0.02340547345026962
N/both/mf_sched_end	4582403389825004051	0.02340547345026962
