# call_index	kind	series	n	bits...
0	plot	x	3	0000000000000000	bfb146a0793cb800	bfd95f05871e8000
0	plot	y	3	406f400000000000	4071e1ffffffffff	4081435dfa5bb668
0	plot	style	0	tab:blue|--|1.8|0.7
1	plot	x	3	408f54133062e653	408f54d65baac6d2	408f573f1113ca22
1	plot	y	3	4097700000000000	40935ecdf22a00ac	408536a4514c529c
1	plot	style	0	tab:blue|--|1.8|0.7
2	plot	x	80	bfd95f05871e8000	40352b8894e75ab3	4045243932470d4e	404f7b04e1a81199	4054ce333e51a689	4059c53d8280b75b	405ea3a0002dddde	4061b525776aa766	40640d1088624f23	406659fc57dee2bf	40689c4e416e350c	406ad466401393a4	406d029f4df5b93a	406f274fbbe0eace	4070a164c0b80391	4071aaad434b7911	4072afa67399c897	4073b073989c085b	4074ad364ef88061	4075a60ea36dd75c	40769b1b2b3a598a	40778c791aaddd6e	40787a445a0ff83e	4079649798fff182	407a4b8c60702127	407b2f3b235b0bc6	407c0fbb4e4d9933	407ced2355df1e03	407dc788c42d95df	407e9f00457252f4	407f739db3c18653	408022ba1102ab1a	40808a4af321da9d	4080f08a519e6976	40815580a8b762e9	4081b93623c4fb4d	40821bb2a1306b4c	40827cfdb62e4334	4082dd1eb23fa1ec	40833c1ca27e5cd4	408399fe54b7d148	4083f6ca5a59cb76	408452870b34a806	4084ad3a88159678	408506eabd3ba845	40855f9d64aa23aa	4085b758085a60e7	40860e20044f4cd2	408663fa888c82de	4086b8ec9af2cc6b	40870cfb1903b0ad	4087602ab98da243	4087b2800e423a4f	408803ff8537d77c	408854ad6a57de97	4088a48de8bac4f6	4088f3a50bf2f7d6	408941f6c147a191	40898f86d8e03be8	4089dc5906e1ceae	408a2870e47eab49	408a73d1f0f967fa	408abe7f929bd0ba	408b087d17a27872	408b51cdb71d89a4	408b9a7491c76c27	408be274b2d1cbf4	408c29d110a98424	408c708c8db1e98f	408cb6a9f8f7e88c	408cfc2c0edd6299	408d411579bd31ff	408d8568d2883385	408dc928a15bb0a0	408e0c575e117f36	408e4ef770ca26f9	408e910b32715831	408ed294ed3cfacd	408f1396dd27193e	408f54133062e653
2	plot	y	80	4081435dfa5bb668	4081a353111cfb63	4082034827de405f	4082633d3e9f855a	4082c3325560ca56	408323276c220f51	4083831c82e3544d	4083e31199a49948	40844306b065de44	4084a2fbc727233f	408502f0dde8683a	408562e5f4a9ad36	4085c2db0b6af231	408622d0222c372d	408682c538ed7c28	4086e2ba4faec124	408742af6670061f	4087a2a47d314b1b	4088029993f29016	4088628eaab3d511	4088c283c1751a0d	40892278d8365f08	4089826deef7a404	4089e26305b8e8ff	408a42581c7a2dfa	408aa24d333b72f6	408b024249fcb7f2	408b623760bdfced	408bc22c777f41e8	408c22218e4086e4	408c8216a501cbdf	408ce20bbbc310da	408d4200d28455d6	408da1f5e9459ad2	408e01eb0006dfce	408e61e016c824c8	408ec1d52d8969c4	408f21ca444aaec0	408f81bf5b0bf3ba	408fe1b471cd38b6	409020d4c4473ed9	409050cf4fa7e156	409080c9db0883d4	4090b0c466692652	4090e0bef1c9c8d0	409110b97d2a6b4e	409140b4088b0dcb	409170ae93ebb049	4091a0a91f4c52c6	4091d0a3aaacf544	4092009e360d97c2	40923098c16e3a40	409260934ccedcbe	4092908dd82f7f3c	4092c088639021b9	4092f082eef0c437	4093207d7a5166b4	4093507805b20932	409380729112abb0	4093b06d1c734e2e	4093e067a7d3f0ab	4094106233349329	4094405cbe9535a6	4094705749f5d824	4094a051d5567aa2	4094d04c60b71d20	40950046ec17bf9e	409530417778621c	4095603c02d9049a	409590368e39a717	4095c031199a4994	4095f02ba4faec12	40962026305b8e90	40965020bbbc310e	4096801b471cd38c	4096b015d27d7609	4096e0105dde1886	4097100ae93ebb04	40974005749f5d82	4097700000000000
2	plot	style	0	tab:blue|--|1.8|0.7
3	plot	x	80	408f573f1113ca22	408f16c2bdd7fd0d	408ed5c0cdedde9c	408e943713223c01	408e5223517b0ac9	408e0f833ec26304	408dcc54820c946e	408d8894b3391753	408d44415a6e15cf	408cff57ef8e466a	408cb9d5d9a8cc5a	408c73b86e62cd5d	408c2cfcf15a67f2	408be5a09382afc4	408b9da072784ff6	408b54f997ce6d73	408b0ba8f8535c44	408ac1ab734cb48a	408a76fdd1aa4bc8	408a2b9cc52f8f19	4089df84e792b27c	408992b2b9911fb7	40894522a1f88560	4088f6d0eca3dba6	4088a7b9c96ba8c5	408857d94b08c266	4088072b65e8bb4a	4087b5abeef31e1e	408763569a3e8610	40871026f9b4947c	4086bc187ba3b03a	40866726693d66af	4086114be50030a0	4085ba83e90b44b5	408562c9455b0778	40850a169dec8c14	4084b06668c67a46	408455b2ebe58bd4	4083f9f63b0aaf46	40839d2a3568b518	40833f48832f40a1	4082e04a92f085ba	4082802996df2702	40821ede81e14f1a	4081bc620475df1e	408158ac896846b6	4080f3b6324f4d46	40808d76d3d2be6c	408025e5f1b38ee9	407f79f575234df2	407ea55806d41a92	407dcde0858f5d7e	407cf37b1740e59e	407c16130faf60ce	407b3592e4bcd364	407a51e421d1e8ca	40796aef5a61b91e	4078809c1b71bfdc	407792d0dc0fa50c	4076a172ec9c2126	4075ac6664cf9f00	4074b38e105a4800	4073b6cb59fdcff6	4072b5fe34fb9036	4071b10504ad40b0	4070a7bc8219cb30	406f33ff3ea47a0c	406d0f4ed0b94874	406ae115c2d722d8	4068a8fdc431c450	406666abdaa271fc	406419c00b25de60	4061c1d4fa2e36a4	405ebcff05b4fc48	4059de9c8807d5d0	4054e79243d8c500	404fadc2ecb64eb0	404556f73d554a30	40359104ab03d4c0	bd50000000000000
3	plot	y	80	408536a4514c529c	40850b374d074e53	4084dfca48c24a09	4084b45d447d45c0	408488f040384177	40845d833bf33d2e	4084321637ae38e4	408406a93369349b	4083db3c2f243052	4083afcf2adf2c09	40838462269a27bf	408358f522552376	40832d881e101f2d	4083021b19cb1ae4	4082d6ae1586169a	4082ab4111411251	40827fd40cfc0e08	4082546708b709be	408228fa04720575	4081fd8d002d012c	4081d21ffbe7fce3	4081a6b2f7a2f899	40817b45f35df450	40814fd8ef18f007	4081246bead3ebbe	4080f8fee68ee774	4080cd91e249e32b	4080a224de04dee2	408076b7d9bfda98	40804b4ad57ad64f	40801fddd135d206	407fe8e199e19b7a	407f9207915792e7	407f3b2d88cd8a54	407ee453804381c2	407e8d7977b97930	407e369f6f2f709d	407ddfc566a5680a	407d88eb5e1b5f78	407d3211559156e6	407cdb374d074e52	407c845d447d45c0	407c2d833bf33d2e	407bd6a93369349b	407b7fcf2adf2c09	407b28f522552376	407ad21b19cb1ae4	407a7b4111411251	407a246708b709be	4079cd8d002d012c	407976b2f7a2f899	40791fd8ef18f007	4078c8fee68ee774	40787224de04dee2	40781b4ad57ad64f	4077c470ccf0cdbd	40776d96c466c52a	407716bcbbdcbc98	4076bfe2b352b405	40766908aac8ab72	4076122ea23ea2e1	4075bb5499b49a4e	4075647a912a91bb	40750da088a08929	4074b6c680168096	40745fec778c7803	407409126f026f71	4073b238667866de	40735b5e5dee5e4b	40730484556455ba	4072adaa4cda4d27	407256d044504494	4071fff63bc63c02	4071a91c333c336f	407152422ab22adc	4070fb682228224a	4070a48e199e19b8	40704db411141125	406fedb411141126	406f3ffffffffffe
3	plot	style	0	tab:blue|--|1.8|0.7
4	scatter	x	1	0000000000000000
4	scatter	y	1	406f400000000000
4	scatter	style	0	tab:blue|0.7
5	scatter	x	1	bfb146a0793cb800
5	scatter	y	1	4071e1ffffffffff
5	scatter	style	0	tab:blue|0.7
6	scatter	x	1	bfd95f05871e8000
6	scatter	y	1	4081435dfa5bb668
6	scatter	style	0	tab:blue|0.7
7	scatter	x	1	408f54133062e653
7	scatter	y	1	4097700000000000
7	scatter	style	0	tab:blue|0.7
8	scatter	x	1	408f54d65baac6d2
8	scatter	y	1	40935ecdf22a00ac
8	scatter	style	0	tab:blue|0.7
9	scatter	x	1	408f573f1113ca22
9	scatter	y	1	408536a4514c529c
9	scatter	style	0	tab:blue|0.7
10	plot	x	3	0000000000000000	4021593efaaaa2a8	405210e89cb5dee0
10	plot	y	3	406f400000000000	4071e1ffffffffff	408265df2822668e
10	plot	style	0	tab:red|-|2.2|1.0
11	plot	x	3	408ff7bc919ccba6	40906d0324c91979	4090853cdc66a4b7
11	plot	y	3	4097700000000000	4092c41c75c051bd	40866507bd26aec2
11	plot	style	0	tab:red|-|2.2|1.0
12	plot	x	80	405210e89cb5dee0	4056f93007152557	405bc9bbff0307b7	406041b7bf06ead5	40629390809a3825	4064dacdb793a1aa	406717cf7515cd2c	40694af0c7e08b94	406b748813f401eb	406d94e762d77744	406fac5cad3e924a	4070dd990f5947f2	4071e0d729e93a44	4072e00a49d6838c	4073db52825499ce	4074d2ce6eb27f4c	4075c69b48f41e5e	4076b6d4febf4c2d	4077a39644c1f384	40788cf8a8b3219a	40797314a20d5650	407a5601a19d7fcc	407b35d61fff649c	407c12a7ab1de403	407cec8af2cb58fb	407dc393d4848b50	407e97d5666eeacf	407f696201a14d64	40801c25a5e28728	40808251200e1995	4080e73b9bfc11aa	40814aecf955bfa3	4081ad6cce80609c	40820ec26c1f403a	40826ef4e060babd	4082ce0afa19d9aa	40832c0b4bb3f783	408388fc2def91a9	4083e4e3c27f2ef9	40843fc7f67d0846	408499ae84bdea53	4084f29cf8039902	40854a98ad10cf1b	4085a1a6d4a0cdaa	4085f7cc7544490b	40864d0e6d255ffa	4086a17173b429a4	4086f4fa1b3d4b97	408747acd26bede7	4087998de5b84bf1	4087eaa180c40a1d	40883aebafa56422	40888a706022350c	4088d93362dbc873	408927386c6c5485	408974831676ed83	4089c116e0aab5d2	408a0cf731ba00e9	408a582758461385	408aa2aa8bc0210d	408aec83ed401b77	408b35b68851e1f5	408b7e4553b951d9	408bc633322db4f2	408c0d82f30d0149	408c5437530756f9	408c9a52fcc3225f	408cdfd8897a42d2	408d24ca81909057	408d692b5d241579	408dacfd84974dae	408df0435115b391	408e32ff0d12e692	408e7532f4c4ab29	408eb6e136980513	408ef80bf3a1a794	408f38b54009f450	408f78df2374be28	408fb88b996502f2	408ff7bc919ccba6
12	plot	y	80	408265df2822668e	4082c226dd183e5f	40831e6e920e1630	40837ab64703ee01	4083d6fdfbf9c5d1	40843345b0ef9da2	40848f8d65e57573	4084ebd51adb4d44	4085481ccfd12515	4085a46484c6fce6	408600ac39bcd4b6	40865cf3eeb2ac87	4086b93ba3a88458	40871583589e5c29	408771cb0d9433fa	4087ce12c28a0bca	40882a5a777fe39b	408886a22c75bb6c	4088e2e9e16b933d	40893f3196616b0e	40899b794b5742de	4089f7c1004d1ab0	408a5408b542f280	408ab0506a38ca51	408b0c981f2ea222	408b68dfd42479f3	408bc527891a51c4	408c216f3e102994	408c7db6f3060166	408cd9fea7fbd936	408d36465cf1b107	408d928e11e788d8	408deed5c6dd60a8	408e4b1d7bd3387a	408ea76530c9104a	408f03ace5bee81c	408f5ff49ab4bfec	408fbc3c4faa97bd	40900c42025037c7	40903a65dccb23af	40906889b7460f98	409096ad91c0fb80	4090c4d16c3be768	4090f2f546b6d351	409121192131bf39	40914f3cfbacab22	40917d60d627970a	4091ab84b0a282f2	4091d9a88b1d6edc	409207cc65985ac4	409235f0401346ac	409264141a8e3294	40929237f5091e7d	4092c05bcf840a65	4092ee7fa9fef64e	40931ca38479e236	40934ac75ef4ce1e	409378eb396fba07	4093a70f13eaa5ef	4093d532ee6591d8	40940356c8e07dc0	4094317aa35b69a8	40945f9e7dd65590	40948dc258514179	4094bbe632cc2d62	4094ea0a0d47194a	4095182de7c20532	40954651c23cf11b	409574759cb7dd04	4095a2997732c8ec	4095d0bd51adb4d4	4095fee12c28a0bc	40962d0506a38ca5	40965b28e11e788e	4096894cbb996476	4096b7709614505e	4096e594708f3c47	409713b84b0a2830	409741dc25851417	4097700000000000
12	plot	style	0	tab:red|-|2.2|1.0
13	plot	x	80	4090853cdc66a4b7	409063ffd5d8a314	4090427bcbf633e0	409020af8cc1bba8	408ffd33bce6297c	408fb872fe668823	408f731a49aa767c	408f2d26f91700d1	408ee69655352431	408e9f65940fb4f4	408e5791d88a05d2	408e0f1831aeeaf6	408dc5f599f7ae23	408d7c26f68a8250	408d31a9166ffd7e	408ce678b1bf17ce	408c9a9268bf2622	408c4df2c2ff3d9d	408c00962e626346	408bb278fe1fe061	408b639769b708c8	408b13ed8bd5b3da	408ac37761309b62	408a7230c74cc540	408a20157b390cef	4089cd211836d11b	4089794f1650b6eb	4089249ac8de60e1	4088ceff5cf3e177	40887877d7bb99ec	408820ff14b91c85	4087c88fc3f38d5e	40876f246805deb4	408714b754132497	4086b942a99d17f6	40865cc0563ab954	4085ff2a112cd8c6	4085a07958ce19a3	408540a76fdbd48e	4084dfad5a95024c	40847d83dbac1b5a	40841a2371089463	4083b5845054543f	40834f9e63512dbc	4082e86943f20c04	40827fdc38331c09	408215ee2dabcda8	4081aa95b4d50c60	40813dc8fbfd869a	4080cf7dc9e54307	40805fa977f91b1e	407fdc81d84bec8a	407ef6712475a018	407e0d08a99f559a	407d202f2b4d1608	407c2fca4af4e794	407b3bbe765e2a5e	407a43eed4a4da8e	4079483d31bffd76	40784889e866d934	407744b3ca2c7832	40763c9805a4508a	407530120a5d9e1c	40741efb6a7cfdea	4073092bb9b502f6	4071ee786956b1da	4070ceb4a129e566	406f53622966d068	406cfe77a905a59c	406a9e403629779c	4068324c298c5a9c	4065ba2544888d7c	4063354e299bfa50	4060a341c70b13b8	405c06e563ca7bf8	4056aa94ded49440	4051305155047338	40472d894a70e140	4037720506e4afc0	3d50000000000000
13	plot	y	80	40866507bd26aec2	408635c6d4ae4b55	40860685ec35e7e7	4085d74503bd847a	4085a8041b45210c	408578c332ccbd9f	408549824a545a32	40851a4161dbf6c4	4084eb0079639357	4084bbbf90eb2fea	40848c7ea872cc7c	40845d3dbffa690f	40842dfcd78205a1	4083febbef09a234	4083cf7b06913ec6	4083a03a1e18db59	408370f935a077ec	408341b84d28147e	4083127764afb111	4082e3367c374da4	4082b3f593beea36	408284b4ab4686c9	40825573c2ce235b	40822632da55bfee	4081f6f1f1dd5c80	4081c7b10964f913	4081987020ec95a6	4081692f38743238	408139ee4ffbcecb	40810aad67836b5e	4080db6c7f0b07f0	4080ac2b9692a483	40807ceaae1a4116	40804da9c5a1dda8	40801e68dd297a3b	407fde4fe9622d9a	407f7fce187166c0	407f214c47809fe5	407ec2ca768fd90a	407e6448a59f1230	407e05c6d4ae4b55	407da74503bd847a	407d48c332ccbd9e	407cea4161dbf6c4	407c8bbf90eb2fe9	407c2d3dbffa690f	407bcebbef09a234	407b703a1e18db59	407b11b84d28147e	407ab3367c374da4	407a54b4ab4686c9	4079f632da55bfee	407997b10964f913	4079392f38743239	4078daad67836b5e	40787c2b9692a483	40781da9c5a1dda8	4077bf27f4b116cd	407760a623c04ff2	4077022452cf8917	4076a3a281dec23d	40764520b0edfb62	4075e69edffd3487	4075881d0f0c6dad	4075299b3e1ba6d2	4074cb196d2adff7	40746c979c3a191c	40740e15cb495242	4073af93fa588b67	407351122967c48c	4072f2905876fdb1	4072940e878636d7	4072358cb6956ffc	4071d70ae5a4a921	4071788914b3e246	40711a0743c31b6c	4070bb8572d25491	40705d03a1e18db6	406ffd03a1e18db6	406f400000000002
13	plot	style	0	tab:red|-|2.2|1.0
14	scatter	x	1	0000000000000000
14	scatter	y	1	406f400000000000
14	scatter	style	0	tab:red|1.0
15	scatter	x	1	4021593efaaaa2a8
15	scatter	y	1	4071e1ffffffffff
15	scatter	style	0	tab:red|1.0
16	scatter	x	1	405210e89cb5dee0
16	scatter	y	1	408265df2822668e
16	scatter	style	0	tab:red|1.0
17	scatter	x	1	408ff7bc919ccba6
17	scatter	y	1	4097700000000000
17	scatter	style	0	tab:red|1.0
18	scatter	x	1	40906d0324c91979
18	scatter	y	1	4092c41c75c051bd
18	scatter	style	0	tab:red|1.0
19	scatter	x	1	4090853cdc66a4b7
19	scatter	y	1	40866507bd26aec2
19	scatter	style	0	tab:red|1.0
20	annotate	'  0'	2	0000000000000000	406f400000000000
21	annotate	'  2'	2	4021593efaaaa2a8	4071e1ffffffffff
22	annotate	'  3'	2	405210e89cb5dee0	408265df2822668e
23	annotate	'  4'	2	408ff7bc919ccba6	4097700000000000
24	annotate	'  5'	2	40906d0324c91979	4092c41c75c051bd
25	annotate	'  9'	2	4090853cdc66a4b7	40866507bd26aec2
