# slice R oracle (equil) — rungs 40+44 TwoSpoolTransient — key	u64 bits (or an integer)	repr
P/shaped/1500/M9	4607182418800017414	1.0000000000000013
P/shaped/1500/Pc_hp	4688998029257567326	305847.3109414036
P/shaped/1500/Pc_lp	4682837332674582908	117883.89331207232
P/shaped/1500/Phi_hp	13634828533302201629	-8.754539621983478e-14
P/shaped/1500/Phi_lp	4412324990837178405	9.850733654750828e-14
P/shaped/1500/Pt_hp	4688998029257566866	305847.31094137684
P/shaped/1500/Pt_lp	4682837332674583706	117883.89331208394
P/shaped/1500/Tt2	4643745586963694955	286.3754828060834
P/shaped/1500/Tt25	4645801516094770087	403.2415235519242
P/shaped/1500/Tt3	4649341121304680194	696.8895702014854
P/shaped/1500/Tt4	4654311885213007872	1500.0
P/shaped/1500/Tt45	4653251304555918984	1258.8518778937014
P/shaped/1500/Tt5	4652834285207011429	1164.032655801647
P/shaped/1500/branch_choked	1	1
P/shaped/1500/eta_hpc	4606101554889448489	0.88
P/shaped/1500/eta_hpt	4606461842859638129	0.92
P/shaped/1500/eta_lpc	4606281698874543309	0.9
P/shaped/1500/eta_lpt	4606281698874543309	0.9
P/shaped/1500/f	4582591370642928906	0.024057662926044755
P/shaped/1500/m_hp	4607182418799411003	0.9999999999326755
P/shaped/1500/m_imp	4607182418799742345	0.9999999999694619
P/shaped/1500/m_lp	4607182418799742245	0.9999999999694508
P/shaped/1500/mdot4	4607290764881665708	1.024057662894772
P/shaped/1500/mdot_air	4607182418799742345	0.9999999999694619
P/shaped/1500/n_hp	4607182418799674681	0.9999999999619497
P/shaped/1500/n_lp	4607182418799968072	0.9999999999945226
P/shaped/1500/nu_hp	4607182418799683289	0.9999999999629053
P/shaped/1500/nu_hpt	4607182418799683289	0.9999999999629053
P/shaped/1500/nu_lp	4607182418799968072	0.9999999999945226
P/shaped/1500/nu_lpt	4607182418799926858	0.9999999999899469
P/shaped/1500/phi_hp	4607182418799753730	0.9999999999707259
P/shaped/1500/phi_lp	4607182418799791581	0.9999999999749282
P/shaped/1500/pi_hpc	4618441417867985101	5.9999999995927285
P/shaped/1500/pi_hpt	4601480128964521705	0.4334593265773337
P/shaped/1500/pi_lpc	4613937818241328040	3.000000000113193
P/shaped/1500/pi_lpt	4604378127517645238	0.688661125055481
P/shaped/1500/pt4	4698529237748037388	1345394.6514009861
P/shaped/1500/slip	4607182418800159800	1.0000000000316174
P/shaped/1500/sp_thrust	4649627730615397869	729.47327639855
P/shaped/1500/tau_hpc	4610462024585205716	1.728218770881985
P/shaped/1500/tau_hpt	4605734372676205380	0.8392345852624676
P/shaped/1500/tau_lpc	4609020278146069127	1.4080867524018303
P/shaped/1500/tau_lpt	4606503978674089590	0.9246780151365346
P/shaped/1500/exit_noise	0	0
P/shaped/1500/passes	1	1
P/shaped/1500/powers_calls	4	4
P/shaped/1450/M9	4607182418800017642	1.000000000000052
P/shaped/1450/Pc_hp	4688817253101953508	295324.7537741943
P/shaped/1450/Pc_lp	4682550585917131124	113711.17880562489
P/shaped/1450/Phi_hp	13651901145929011928	-1.2105341951515952e-12
P/shaped/1450/Phi_lp	4421124879635161442	3.8356284285692197e-13
P/shaped/1450/Pt_hp	4688817253101946954	295324.7537738128
P/shaped/1450/Pt_lp	4682550585917134306	113711.1788056712
P/shaped/1450/Tt2	4643745586963694955	286.3754828060834
P/shaped/1450/Tt25	4645729239859396076	399.13309523087696
P/shaped/1450/Tt3	4649220395695235820	683.1646574317397
P/shaped/1450/Tt4	4654091982887452672	1450.0
P/shaped/1450/Tt45	4653058858881816957	1215.094797649973
P/shaped/1450/Tt5	4652652902746033152	1122.7910589880776
P/shaped/1450/branch_choked	1	1
P/shaped/1450/eta_hpc	4606101235373493673	0.8799645266030228
P/shaped/1450/eta_hpt	4606461842859638129	0.92
P/shaped/1450/eta_lpc	4606280406495147386	0.8998565170638095
P/shaped/1450/eta_lpt	4606281698874543309	0.9
P/shaped/1450/f	4582218146507399862	0.02276278158663799
P/shaped/1450/m_hp	4606993253814910131	0.9789984678081026
P/shaped/1450/m_imp	4606744758731904357	0.9514099715421876
P/shaped/1450/m_lp	4606744758731904293	0.9514099715421805
P/shaped/1450/mdot4	4606939825280707703	0.9730667089237518
P/shaped/1450/mdot_air	4606744758731904356	0.9514099715421875
P/shaped/1450/n_hp	4607050581605127104	0.985363131073079
P/shaped/1450/n_lp	4606951021238338024	0.9743097099181428
P/shaped/1450/nu_hp	4607005252514796807	0.9803305910960781
P/shaped/1450/nu_hpt	4607156204183876813	0.9970895929579001
P/shaped/1450/nu_lp	4606951021238338024	0.9743097099181428
P/shaped/1450/nu_lpt	4607107637507862089	0.9916976087637944
P/shaped/1450/phi_hp	4607124239446224718	0.9935407941861543
P/shaped/1450/phi_lp	4606970717629091933	0.9764964485698432
P/shaped/1450/pi_hpc	4618208232646056816	5.792889917683041
P/shaped/1450/pi_hpt	4601473739543083882	0.4331046424376185
P/shaped/1450/pi_lpc	4613713919336696357	2.9005689124690144
P/shaped/1450/pi_lpt	4604375745067589146	0.6883966199647518
P/shaped/1450/pt4	4698144868536836769	1255901.7205564159
P/shaped/1450/slip	4607127099424134066	0.993858315518642
P/shaped/1450/sp_thrust	4649384854250746076	701.8614305439655
P/shaped/1450/tau_hpc	4610387275658477961	1.7116211749781505
P/shaped/1450/tau_hpt	4605723220204471240	0.8379964121723953
P/shaped/1450/tau_lpc	4608955668158948561	1.393740453337433
P/shaped/1450/tau_lpt	4606498193859137750	0.9240357716612617
P/shaped/1450/exit_noise	1	1
P/shaped/1450/passes	80	80
P/shaped/1450/powers_calls	240	240
P/shaped/1400/M9	4607182418800016743	0.9999999999999262
P/shaped/1400/Pc_hp	4688636973823852649	284831.1186847748
P/shaped/1400/Pc_lp	4682265415221524520	109561.39901754318
P/shaped/1400/Phi_hp	4426576099877932550	8.628109153421344e-13
P/shaped/1400/Phi_lp	13642161381721493192	-2.656484702738867e-13
P/shaped/1400/Pt_hp	4688636973823857464	284831.11868505506
P/shaped/1400/Pt_lp	4682265415221522262	109561.39901751032
P/shaped/1400/Tt2	4643745586963694955	286.3754828060834
P/shaped/1400/Tt25	4645657321576752411	395.04501416681313
P/shaped/1400/Tt3	4649099730986140737	669.446668230121
P/shaped/1400/Tt4	4653872080561897472	1400.0
P/shaped/1400/Tt45	4652866698617649198	1171.4026121120073
P/shaped/1400/Tt5	4652471896336101970	1081.6349662832404
P/shaped/1400/branch_choked	1	1
P/shaped/1400/eta_hpc	4606100255064272368	0.8798556904161483
P/shaped/1400/eta_hpt	4606461842859638129	0.92
P/shaped/1400/eta_lpc	4606276554175153769	0.8994288236282958
P/shaped/1400/eta_lpt	4606281698874543309	0.9
P/shaped/1400/f	4581850517461677568	0.021487312114507162
P/shaped/1400/m_hp	4606803751522689729	0.9579594870038691
P/shaped/1400/m_imp	4606321182039571605	0.9043835118899489
P/shaped/1400/m_lp	4606321182039571680	0.9043835118899572
P/shaped/1400/mdot4	4606496216878159595	0.9238162826811424
P/shaped/1400/mdot_air	4606321182039571605	0.9043835118899489
P/shaped/1400/n_hp	4606916154307071838	0.9704387029291686
P/shaped/1400/n_lp	4606722436144356658	0.948931666475721
P/shaped/1400/nu_hp	4606826861696820564	0.9605252317461841
P/shaped/1400/nu_hpt	4607130519966079218	0.9942380719610624
P/shaped/1400/nu_lp	4606722436144356658	0.948931666475721
P/shaped/1400/nu_lpt	4607035733864069949	0.9837147006745465
P/shaped/1400/phi_hp	4607066592025958590	0.9871406448571844
P/shaped/1400/phi_lp	4606759570539219859	0.9530544124939858
P/shaped/1400/pi_hpc	4617976315588948390	5.586906192398976
P/shaped/1400/pi_hpt	4601467152110703289	0.4327389664825137
P/shaped/1400/pi_lpc	4613494857821290658	2.80328605718394
P/shaped/1400/pi_lpt	4604373126456508256	0.6881058957332975
P/shaped/1400/pt4	4697778586895153163	1170620.1301646258
P/shaped/1400/slip	4607073701663795941	0.9879299732195618
P/shaped/1400/sp_thrust	4649136158695736988	673.5880193395601
P/shaped/1400/tau_hpc	4610310657716272986	1.694608574271078
P/shaped/1400/tau_hpt	4605711688641574219	0.8367161515085767
P/shaped/1400/tau_lpc	4608891378156968032	1.3794652052470369
P/shaped/1400/tau_lpt	4606492173563880432	0.9233673846202901
P/shaped/1400/exit_noise	0	0
P/shaped/1400/passes	4	4
P/shaped/1400/powers_calls	13	13
P/shaped/1300/M9	4607182418800016892	0.9999999999999427
P/shaped/1300/Pc_hp	4688278024549207008	263937.52102106623
P/shaped/1300/Pc_lp	4681699768585432972	101330.1571199281
P/shaped/1300/Phi_hp	4435770752481405353	3.526955465972588e-12
P/shaped/1300/Phi_lp	4454561896598466349	6.469411567695355e-11
P/shaped/1300/Pt_hp	4688278024549227935	263937.52102228435
P/shaped/1300/Pt_lp	4681699768586010994	101330.15712833943
P/shaped/1300/Tt2	4643745586963694955	286.3754828060834
P/shaped/1300/Tt25	4645514554475711258	386.9296440427876
P/shaped/1300/Tt3	4648858660732299389	642.0401534021508
P/shaped/1300/Tt4	4653432275910787072	1300.0
P/shaped/1300/Tt45	4652483247825338173	1084.2159961126301
P/shaped/1300/Tt5	4652003666366646004	999.5858985876825
P/shaped/1300/branch_choked	1	1
P/shaped/1300/eta_hpc	4606096182104750150	0.879403501072155
P/shaped/1300/eta_hpt	4606461842859638129	0.92
P/shaped/1300/eta_lpc	4606261423408422597	0.8977489710677778
P/shaped/1300/eta_lpt	4606281698874543309	0.9
P/shaped/1300/f	4581131768807167322	0.018993651785895828
P/shaped/1300/m_hp	4606424934581717895	0.9159023580053692
P/shaped/1300/m_imp	4605517606738362003	0.8151687317476494
P/shaped/1300/m_lp	4605517606738362003	0.8151687317476494
P/shaped/1300/mdot4	4605657065483984691	0.8306517627852145
P/shaped/1300/mdot_air	4605517606738362003	0.8151687317476494
P/shaped/1300/n_hp	4606639428645976672	0.9397159828839214
P/shaped/1300/n_lp	4606273308738502808	0.8990685077788099
P/shaped/1300/nu_hp	4606466464807016962	0.9205131392398587
P/shaped/1300/nu_hpt	4607081445629638479	0.9887897261375914
P/shaped/1300/nu_lp	4606273308738502808	0.8990685077788099
P/shaped/1300/nu_lpt	4606901154406410036	0.9687733794209863
P/shaped/1300/phi_hp	4606954164659228496	0.9746586997430118
P/shaped/1300/phi_lp	4606341879960538088	0.906681442731835
P/shaped/1300/pi_hpc	4617517267522013699	5.179189605742525
P/shaped/1300/pi_hpt	4601453057049188573	0.4319565333911564
P/shaped/1300/pi_lpc	4613071977403524139	2.6154894265969424
P/shaped/1300/pi_lpt	4604367060390344208	0.6874324271008749
P/shaped/1300/pt4	4696944459566557228	1012492.8636791757
P/shaped/1300/slip	4606972583589328663	0.9767036117716285
P/shaped/1300/sp_thrust	4648619464610102502	614.8467026743135
P/shaped/1300/tau_hpc	4610151732763364389	1.6593201458897593
P/shaped/1300/tau_hpt	4605687334554633296	0.8340123047020231
P/shaped/1300/tau_lpc	4608763754180542356	1.3511269898226361
P/shaped/1300/tau_lpt	4606479348420970742	0.9219435077250455
P/shaped/1300/exit_noise	1	1
P/shaped/1300/passes	80	80
P/shaped/1300/powers_calls	240	240
P/shaped/1200/M9	4607182418800017535	1.0000000000000282
P/shaped/1200/Pc_hp	4687596136799750716	243195.21505983348
P/shaped/1200/Pc_lp	4681137646469284876	93150.20373775082
P/shaped/1200/Phi_hp	13670749697290479916	-2.206384035316239e-11
P/shaped/1200/Phi_lp	4431691661813470311	1.879423865698249e-12
P/shaped/1200/Pt_hp	4687596136799472155	243195.2150517263
P/shaped/1200/Pt_lp	4681137646469302546	93150.20373800796
P/shaped/1200/Tt2	4643745586963694955	286.3754828060834
P/shaped/1200/Tt25	4645372528454742380	378.85639944371974
P/shaped/1200/Tt3	4648617868672074320	614.6652655266898
P/shaped/1200/Tt4	4652992471259676672	1200.0
P/shaped/1200/Tt45	4651983457407953308	997.2884059802632
P/shaped/1200/Tt5	4651284855008123604	917.8665083188921
P/shaped/1200/branch_choked	1	1
P/shaped/1200/eta_hpc	4606089105271478200	0.8786178147481598
P/shaped/1200/eta_hpt	4606461842859638129	0.92
P/shaped/1200/eta_lpc	4606237094431368852	0.8950479120187134
P/shaped/1200/eta_lpt	4606281698874543309	0.9
P/shaped/1200/f	4580434892317798204	0.016575875773966006
P/shaped/1200/m_hp	4606049814425785482	0.8742556545936548
P/shaped/1200/m_imp	4604773011074778198	0.7325020067729706
P/shaped/1200/m_lp	4604773011074778207	0.7325020067729716
P/shaped/1200/mdot4	4604882375247553745	0.7446438690414202
P/shaped/1200/mdot_air	4604773011074778198	0.7325020067729706
P/shaped/1200/n_hp	4606352870890235437	0.9079016810530384
P/shaped/1200/n_lp	4605832527023876820	0.8501319069376572
P/shaped/1200/nu_hp	4606101752703597553	0.8800219617822888
P/shaped/1200/nu_hpt	4607037353029232499	0.9838944641189599
P/shaped/1200/nu_lp	4605832527023876820	0.8501319069376572
P/shaped/1200/nu_lpt	4606778280846280389	0.9551316738636265
P/shaped/1200/phi_hp	4606848620029980489	0.9629408919913455
P/shaped/1200/phi_lp	4605936122854115085	0.8616333545362252
P/shaped/1200/pi_hpc	4617067384932070613	4.779613597956275
P/shaped/1200/pi_hpt	4601436634401037409	0.4310448932860194
P/shaped/1200/pi_lpc	4612668675102164460	2.4363872262554107
P/shaped/1200/pi_lpt	4604360585359157476	0.6867135542300074
P/shaped/1200/pt4	4695723846594877170	870394.8117549105
P/shaped/1200/slip	4606876488162587092	0.9660348762386612
P/shaped/1200/sp_thrust	4648073919530032699	552.8254076865918
P/shaped/1200/tau_hpc	4609985561951304430	1.622422813575834
P/shaped/1200/tau_hpt	4605660865701199131	0.8310736716502193
P/shaped/1200/tau_lpc	4608636792678769340	1.3229358733207581
P/shaped/1200/tau_lpt	4606465104878451800	0.9203621568393698
P/shaped/1200/exit_noise	1	1
P/shaped/1200/passes	80	80
P/shaped/1200/powers_calls	240	240
P/shaped/1100/M9	4607182418800017081	0.9999999999999637
P/shaped/1100/Pc_hp	4686888044412765146	222587.01428130158
P/shaped/1100/Pc_lp	4680576874659764440	84989.89990315156
P/shaped/1100/Phi_hp	13670914536243690257	-2.2596463737104303e-11
P/shaped/1100/Phi_lp	4437553632130000564	4.8561308356281835e-12
P/shaped/1100/Pt_hp	4686888044412461600	222587.01427246723
P/shaped/1100/Pt_lp	4680576874659812497	84989.89990385088
P/shaped/1100/Tt2	4643745586963694955	286.3754828060834
P/shaped/1100/Tt25	4645230698881781674	370.7943216210648
P/shaped/1100/Tt3	4648377002629294504	587.2819668085331
P/shaped/1100/Tt4	4652552666608566272	1100.0
P/shaped/1100/Tt45	4651220836875730860	910.5884892903173
P/shaped/1100/Tt5	4650568294335155807	836.4029913735102
P/shaped/1100/branch_choked	1	1
P/shaped/1100/eta_hpc	4606078781330191853	0.8774716270160617
P/shaped/1100/eta_hpt	4606461842859638129	0.92
P/shaped/1100/eta_lpc	4606204719805174513	0.8914536064772546
P/shaped/1100/eta_lpt	4606281698874543309	0.9
P/shaped/1100/f	4579359393500899118	0.014234744840922877
P/shaped/1100/m_hp	4605680505021269117	0.8332540741831874
P/shaped/1100/m_imp	4604086877409719264	0.6563258674810832
P/shaped/1100/m_lp	4604086877409719271	0.656325867481084
P/shaped/1100/mdot4	4604171028351006441	0.6656684987371736
P/shaped/1100/mdot_air	4604086877409719263	0.6563258674810831
P/shaped/1100/n_hp	4606055739955120139	0.8749135205036976
P/shaped/1100/n_lp	4605396949652228154	0.8017731042366514
P/shaped/1100/nu_hp	4605732034923525211	0.8389750425773274
P/shaped/1100/nu_hpt	4606999678735061786	0.9797117772364772
P/shaped/1100/nu_lp	4605396949652228154	0.8017731042366514
P/shaped/1100/nu_lpt	4606666388682822376	0.9427091482490058
P/shaped/1100/phi_hp	4606753536487586123	0.9523844981884307
P/shaped/1100/phi_lp	4605548449993148823	0.8185930209095201
P/shaped/1100/pi_hpc	4616628060011187046	4.389414683991026
P/shaped/1100/pi_hpt	4601417637463417665	0.42999035140887903
P/shaped/1100/pi_lpc	4612284848418523997	2.2659339375981475
P/shaped/1100/pi_lpt	4604354216031604621	0.6860064168199514
P/shaped/1100/pt4	4694633094321520584	743414.5348186428
P/shaped/1100/slip	4606783020421887259	0.9556578724601964
P/shaped/1100/sp_thrust	4647276446839261184	487.08162965171505
P/shaped/1100/tau_hpc	4609811837918234051	1.5838483292867387
P/shaped/1100/tau_hpt	4605631448601741390	0.827807717536652
P/shaped/1100/tau_lpc	4608510006788014416	1.2947837502980128
P/shaped/1100/tau_lpt	4606448603723934434	0.9185301606715621
P/shaped/1100/exit_noise	1	1
P/shaped/1100/passes	80	80
P/shaped/1100/powers_calls	240	240
census/P/shaped/close_bracket_fails	0	0
census/P/shaped/close_calls	983	983
census/P/shaped/close_nonreal_propagated	0	0
census/P/shaped/eig_complex	0	0
census/P/shaped/eig_real	0	0
census/P/shaped/hi_wall_literal	0	0
census/P/shaped/hi_wall_map	983	983
census/P/shaped/illinois_calls	983	983
census/P/shaped/illinois_evals	8103	8103
census/P/shaped/illinois_exhausted	0	0
census/P/shaped/instant_calls	6	6
census/P/shaped/integrate_calls	0	0
census/P/shaped/match_calls	0	0
census/P/shaped/powers_calls	977	977
P/flat/1500/M9	4607182418800017414	1.0000000000000013
P/flat/1500/Pc_hp	4688998029257566899	305847.31094137876
P/flat/1500/Pc_lp	4682837332674583768	117883.89331208484
P/flat/1500/Phi_hp	13617839465531249700	-6.280430598287422e-15
P/flat/1500/Phi_lp	13619232625186757442	-7.653452212896302e-15
P/flat/1500/Pt_hp	4688998029257566866	305847.31094137684
P/flat/1500/Pt_lp	4682837332674583706	117883.89331208394
P/flat/1500/Tt2	4643745586963694955	286.3754828060834
P/flat/1500/Tt25	4645801516094770305	403.2415235519366
P/flat/1500/Tt3	4649341121304680093	696.8895702014739
P/flat/1500/Tt4	4654311885213007872	1500.0
P/flat/1500/Tt45	4653251304555918984	1258.8518778937014
P/flat/1500/Tt5	4652834285207011429	1164.032655801647
P/flat/1500/branch_choked	1	1
P/flat/1500/eta_hpc	4606101554889448489	0.88
P/flat/1500/eta_hpt	4606461842859638129	0.92
P/flat/1500/eta_lpc	4606281698874543309	0.9
P/flat/1500/eta_lpt	4606281698874543309	0.9
P/flat/1500/f	4582591370642928906	0.024057662926044755
P/flat/1500/m_hp	4607182418799409802	0.9999999999325422
P/flat/1500/m_imp	4607182418799741833	0.999999999969405
P/flat/1500/m_lp	4607182418799741833	0.999999999969405
P/flat/1500/mdot4	4607290764881665445	1.0240576628947136
P/flat/1500/mdot_air	4607182418799741832	0.9999999999694049
P/flat/1500/n_hp	4607182418799806015	0.9999999999765307
P/flat/1500/n_lp	4607182418800032498	1.0000000000033507
P/flat/1500/nu_hp	4607182418799814762	0.9999999999775018
P/flat/1500/nu_hpt	4607182418799814762	0.9999999999775018
P/flat/1500/nu_lp	4607182418800032498	1.0000000000033507
P/flat/1500/nu_lpt	4607182418800006374	0.999999999998775
P/flat/1500/phi_hp	4607182418799621195	0.9999999999560115
P/flat/1500/phi_lp	4607182418799711653	0.9999999999660544
P/flat/1500/pi_hpc	4618441417867984021	5.999999999591769
P/flat/1500/pi_hpt	4601480128964521705	0.4334593265773337
P/flat/1500/pi_lpc	4613937818241328736	3.000000000113502
P/flat/1500/pi_lpt	4604378127517645238	0.688661125055481
P/flat/1500/pt4	4698529237748037059	1345394.6514009095
P/flat/1500/slip	4607182418800133821	1.0000000000258489
P/flat/1500/sp_thrust	4649627730615397812	729.4732763985435
P/flat/1500/tau_hpc	4610462024585205348	1.7282187708819032
P/flat/1500/tau_hpt	4605734372676205380	0.8392345852624676
P/flat/1500/tau_lpc	4609020278146069322	1.4080867524018736
P/flat/1500/tau_lpt	4606503978674089590	0.9246780151365346
P/flat/1500/exit_noise	0	0
P/flat/1500/passes	4	4
P/flat/1500/powers_calls	13	13
P/flat/1450/M9	4607182418800017464	1.0000000000000124
P/flat/1450/Pc_hp	4688817253099990075	295324.75365990744
P/flat/1450/Pc_lp	4682550585914382600	113711.1787656286
P/flat/1450/Phi_hp	4449397662952795003	2.8590820507247954e-11
P/flat/1450/Phi_lp	13661702501946226579	-5.483651504479516e-12
P/flat/1450/Pt_hp	4688817253100145337	295324.7536689449
P/flat/1450/Pt_lp	4682550585914336746	113711.17876496134
P/flat/1450/Tt2	4643745586963694955	286.3754828060834
P/flat/1450/Tt25	4645729239858703105	399.1330951914861
P/flat/1450/Tt3	4649220395693966414	683.1646572874249
P/flat/1450/Tt4	4654091982887452672	1450.0
P/flat/1450/Tt45	4653058858881804995	1215.0947976472532
P/flat/1450/Tt5	4652652902746018089	1122.7910589846526
P/flat/1450/branch_choked	1	1
P/flat/1450/eta_hpc	4606101554889448489	0.88
P/flat/1450/eta_hpt	4606461842859638129	0.92
P/flat/1450/eta_lpc	4606281698874543309	0.9
P/flat/1450/eta_lpt	4606281698874543309	0.9
P/flat/1450/f	4582218146470033012	0.022762781456995687
P/flat/1450/m_hp	4606993748929157079	0.9790534365317808
P/flat/1450/m_imp	4606746495451349416	0.9516027861337095
P/flat/1450/m_lp	4606746495451349416	0.9516027861337095
P/flat/1450/mdot4	4606941601531606968	0.9732639123883393
P/flat/1450/mdot_air	4606746495451349415	0.9516027861337094
P/flat/1450/n_hp	4607079180906304892	0.988538291338656
P/flat/1450/n_lp	4607022678169291836	0.9822652273800325
P/flat/1450/nu_hp	4607033705750475815	0.9834895348336702
P/flat/1450/nu_hpt	4607183781317452503	1.0003025396455791
P/flat/1450/nu_lp	4607022678169291836	0.9822652273800325
P/flat/1450/nu_lpt	4607180573255463371	0.9997951033943137
P/flat/1450/phi_hp	4607095996273043645	0.990405172070744
P/flat/1450/phi_lp	4606901249610429913	0.9687839491904767
P/flat/1450/pi_hpc	4618208598853532026	5.793215175259656
P/flat/1450/pi_hpt	4601473739543068845	0.43310464243678376
P/flat/1450/pi_lpc	4613714876239079277	2.900993862492149
P/flat/1450/pi_lpt	4604375745067587142	0.6883966199645293
P/flat/1450/pt4	4698145961705552330	1256156.2437320822
P/flat/1450/slip	4607171206091805069	0.9987551393174258
P/flat/1450/sp_thrust	4649385064681226395	701.8853537198332
P/flat/1450/tau_hpc	4610387275657610348	1.7116211747855017
P/flat/1450/tau_hpt	4605723220204454344	0.8379964121705195
P/flat/1450/tau_lpc	4608955668158329093	1.3937404531998834
P/flat/1450/tau_lpt	4606498193859130992	0.9240357716605114
P/flat/1450/exit_noise	1	1
P/flat/1450/passes	80	80
P/flat/1450/powers_calls	240	240
P/flat/1400/M9	4607182418800017365	0.9999999999999952
P/flat/1400/Pc_hp	4688636973819860267	284831.11845238757
P/flat/1400/Pc_lp	4682265415215060288	109561.39892347623
P/flat/1400/Phi_hp	4391249670507041766	3.742066975966889e-15
P/flat/1400/Phi_lp	4393556105653436021	5.561523493385018e-15
P/flat/1400/Pt_hp	4688636973819860288	284831.1184523888
P/flat/1400/Pt_lp	4682265415215060336	109561.39892347693
P/flat/1400/Tt2	4643745586963694955	286.3754828060834
P/flat/1400/Tt25	4645657321575121731	395.0450140741197
P/flat/1400/Tt3	4649099730983446638	669.4466679238374
P/flat/1400/Tt4	4653872080561897472	1400.0
P/flat/1400/Tt45	4652866698617594856	1171.4026120996514
P/flat/1400/Tt5	4652471896336043356	1081.634966269913
P/flat/1400/branch_choked	1	1
P/flat/1400/eta_hpc	4606101554889448489	0.88
P/flat/1400/eta_hpt	4606461842859638129	0.92
P/flat/1400/eta_lpc	4606281698874543309	0.9
P/flat/1400/eta_lpt	4606281698874543309	0.9
P/flat/1400/f	4581850517373207948	0.02148731180756651
P/flat/1400/m_hp	4606805690262199300	0.9581747303280967
P/flat/1400/m_imp	4606327635963803689	0.9051000414181135
P/flat/1400/m_lp	4606327635963803689	0.9051000414181135
P/flat/1400/mdot4	4606502809477373708	0.9245482082251057
P/flat/1400/mdot_air	4606327635963803688	0.9051000414181134
P/flat/1400/n_hp	4606972104359494473	0.976650406572028
P/flat/1400/n_lp	4606860813080722939	0.9642945925588146
P/flat/1400/nu_hp	4606882240193077915	0.966673479907587
P/flat/1400/nu_hpt	4607185130477794839	1.0006021134207737
P/flat/1400/nu_lp	4606860813080722939	0.9642945925588146
P/flat/1400/nu_lpt	4607179182998914855	0.9996407539112838
P/flat/1400/phi_hp	4607012026102512398	0.9810826104001948
P/flat/1400/phi_lp	4606629499473253963	0.9386136232666983
P/flat/1400/pi_hpc	4617977728949045478	5.588161508336475
P/flat/1400/pi_hpt	4601467152110684241	0.4327389664814563
P/flat/1400/pi_lpc	4613498439928682538	2.8048768324251983
P/flat/1400/pi_lpt	4604373126456515774	0.6881058957341322
P/flat/1400/pt4	4697782570323323183	1171547.5943094005
P/flat/1400/slip	4607160252977947867	0.9975390993978651
P/flat/1400/sp_thrust	4649137023622059956	673.6863500780805
P/flat/1400/tau_hpc	4610310657714572021	1.6946085738933878
P/flat/1400/tau_hpt	4605711688641494724	0.836716151499751
P/flat/1400/tau_lpc	4608891378155510316	1.379465204923359
P/flat/1400/tau_lpt	4606492173563865682	0.9233673846186525
P/flat/1400/exit_noise	0	0
P/flat/1400/passes	8	8
P/flat/1400/powers_calls	25	25
P/flat/1300/M9	4607182418800017094	0.9999999999999651
P/flat/1300/Pc_hp	4688278024544446852	263937.5207439887
P/flat/1300/Pc_lp	4681699768578656956	101330.15702132409
P/flat/1300/Phi_hp	13673537231513831121	-3.303786795571747e-11
P/flat/1300/Phi_lp	4439611667276532455	6.518598387546064e-12
P/flat/1300/Pt_hp	4688278024544248957	263937.5207324697
P/flat/1300/Pt_lp	4681699768578716865	101330.15702219588
P/flat/1300/Tt2	4643745586963694955	286.3754828060834
P/flat/1300/Tt25	4645514554474000112	386.9296439455202
P/flat/1300/Tt3	4648858660729180653	642.0401530475916
P/flat/1300/Tt4	4653432275910787072	1300.0
P/flat/1300/Tt45	4652483247825346510	1084.2159961145258
P/flat/1300/Tt5	4652003666366633775	999.5858985862923
P/flat/1300/branch_choked	1	1
P/flat/1300/eta_hpc	4606101554889448489	0.88
P/flat/1300/eta_hpt	4606461842859638129	0.92
P/flat/1300/eta_lpc	4606281698874543309	0.9
P/flat/1300/eta_lpt	4606281698874543309	0.9
P/flat/1300/f	4581131768696982792	0.018993651403616446
P/flat/1300/m_hp	4606432330080231428	0.9167234232781998
P/flat/1300/m_imp	4605539699720554580	0.8176215454989326
P/flat/1300/m_lp	4605539699720554580	0.8176215454989326
P/flat/1300/mdot4	4605679578089772657	0.8331511641142254
P/flat/1300/mdot_air	4605539699720554580	0.8176215454989326
P/flat/1300/n_hp	4606745736302458873	0.9515185036759696
P/flat/1300/n_lp	4606530203656755758	0.9275895730941721
P/flat/1300/nu_hp	4606570600094044572	0.9320744785732589
P/flat/1300/nu_hpt	4607187861835792571	1.0012085967282889
P/flat/1300/nu_lp	4606530203656755758	0.9275895730941721
P/flat/1300/nu_lpt	4607177966413450259	0.9995056857918619
P/flat/1300/phi_hp	4606853043994360268	0.9634320507028007
P/flat/1300/phi_lp	4606114593152843366	0.881447538022212
P/flat/1300/pi_hpc	4617522494971115242	5.183832513224596
P/flat/1300/pi_hpt	4601453057049160503	0.4319565333895982
P/flat/1300/pi_lpc	4613084408007473718	2.62100972368287
P/flat/1300/pi_lpt	4604367060390327668	0.6874324270990386
P/flat/1300/pt4	4696970629268927069	1015539.4180026759
P/flat/1300/slip	4607139078446625639	0.9951882541769067
P/flat/1300/sp_thrust	4648623100920391686	615.2601032920654
P/flat/1300/tau_hpc	4610151732761116119	1.659320145390543
P/flat/1300/tau_hpt	4605687334554646430	0.8340123047034813
P/flat/1300/tau_lpc	4608763754179012709	1.3511269894829863
P/flat/1300/tau_lpt	4606479348420944674	0.9219435077221514
P/flat/1300/exit_noise	1	1
P/flat/1300/passes	80	80
P/flat/1300/powers_calls	240	240
P/flat/1200/M9	4607182418800017047	0.9999999999999599
P/flat/1200/Pc_hp	4687596136794637890	243195.21491103066
P/flat/1200/Pc_lp	4681137646465337576	93150.20368031005
P/flat/1200/Phi_hp	13647754763845422454	-6.413368518091318e-13
P/flat/1200/Phi_lp	4414462172320050771	1.3727788078780946e-13
P/flat/1200/Pt_hp	4687596136794629697	243195.21491079222
P/flat/1200/Pt_lp	4681137646465338918	93150.20368032958
P/flat/1200/Tt2	4643745586963694955	286.3754828060834
P/flat/1200/Tt25	4645372528453744541	378.85639938699916
P/flat/1200/Tt3	4648617868670352334	614.6652653309227
P/flat/1200/Tt4	4652992471259676672	1200.0
P/flat/1200/Tt45	4651983457407851640	997.2884059687049
P/flat/1200/Tt5	4651284855008009265	917.8665083058933
P/flat/1200/branch_choked	1	1
P/flat/1200/eta_hpc	4606101554889448489	0.88
P/flat/1200/eta_hpt	4606461842859638129	0.92
P/flat/1200/eta_lpc	4606281698874543309	0.9
P/flat/1200/eta_lpt	4606281698874543309	0.9
P/flat/1200/f	4580434892253828818	0.016575875552027615
P/flat/1200/m_hp	4606065543672941017	0.8760019518288643
P/flat/1200/m_imp	4604815004781589870	0.7371642447921383
P/flat/1200/m_lp	4604815004781589870	0.7371642447921383
P/flat/1200/mdot4	4604925065035359191	0.749383387575217
P/flat/1200/mdot_air	4604815004781589869	0.7371642447921382
P/flat/1200/n_hp	4606502469227569263	0.9245104329084038
P/flat/1200/n_lp	4606187786422271868	0.8895736233189235
P/flat/1200/nu_hp	4606246757195271826	0.8961206943153732
P/flat/1200/nu_hpt	4607190945889731573	1.001893394266742
P/flat/1200/nu_lp	4606187786422271868	0.8895736233189235
P/flat/1200/nu_lpt	4607177418322618022	0.9994448354857084
P/flat/1200/phi_hp	4606709816718877308	0.9475306288032495
P/flat/1200/phi_lp	4605639228214441965	0.8286714280509365
P/flat/1200/pi_hpc	4617078134034780092	4.789160719013974
P/flat/1200/pi_hpt	4601436634401007334	0.4310448932843499
P/flat/1200/pi_lpc	4612692587711931369	2.44700655823225
P/flat/1200/pi_lpt	4604360585359135924	0.6867135542276146
P/flat/1200/pt4	4695771433969381073	875934.7112726812
P/flat/1200/slip	4607116612069546786	0.9926939852656214
P/flat/1200/sp_thrust	4648082450887684624	553.7953107595113
P/flat/1200/tau_hpc	4609985561950071208	1.6224228133020038
P/flat/1200/tau_hpt	4605660865701112375	0.8310736716405874
P/flat/1200/tau_lpc	4608636792677877341	1.3229358731226946
P/flat/1200/tau_lpt	4606465104878430476	0.9203621568370024
P/flat/1200/exit_noise	0	0
P/flat/1200/passes	6	6
P/flat/1200/powers_calls	19	19
P/flat/1100/M9	4607182418800017620	1.000000000000047
P/flat/1100/Pc_hp	4686888044411068664	222587.01423192746
P/flat/1100/Pc_lp	4680576874658466156	84989.89988425904
P/flat/1100/Phi_hp	4417750724858201403	2.202926178154051e-13
P/flat/1100/Phi_lp	13650415496750255168	-9.105097328168982e-13
P/flat/1100/Pt_hp	4686888044411071661	222587.01423201468
P/flat/1100/Pt_lp	4680576874658456704	84989.89988412149
P/flat/1100/Tt2	4643745586963694955	286.3754828060834
P/flat/1100/Tt25	4645230698881453149	370.7943216023903
P/flat/1100/Tt3	4648377002628721361	587.2819667433743
P/flat/1100/Tt4	4652552666608566272	1100.0
P/flat/1100/Tt45	4651220836875647257	910.5884892808127
P/flat/1100/Tt5	4650568294335070452	836.4029913638064
P/flat/1100/branch_choked	1	1
P/flat/1100/eta_hpc	4606101554889448489	0.88
P/flat/1100/eta_hpt	4606461842859638129	0.92
P/flat/1100/eta_lpc	4606281698874543309	0.9
P/flat/1100/eta_lpt	4606281698874543309	0.9
P/flat/1100/f	4579359393454657364	0.01423474476070622
P/flat/1100/m_hp	4605706754008602559	0.8361682971942556
P/flat/1100/m_imp	4604149154448324161	0.6632400076975459
P/flat/1100/m_lp	4604149154448324161	0.6632400076975459
P/flat/1100/mdot4	4604234191886886120	0.6726810599222093
P/flat/1100/mdot_air	4604149154448324161	0.6632400076975459
P/flat/1100/n_hp	4606240302827451120	0.8954041155389785
P/flat/1100/n_lp	4605830573783052461	0.849915053644073
P/flat/1100/nu_hp	4605909016579280791	0.8586239534929402
P/flat/1100/nu_hpt	4607194383791645855	1.0026567618390698
P/flat/1100/nu_lp	4605830573783052461	0.849915053644073
P/flat/1100/nu_lpt	4607176235462300534	0.9993135116097693
P/flat/1100/phi_hp	4606586543921189766	0.9338445989729827
P/flat/1100/phi_lp	4605204080697263384	0.7803603487829234
P/flat/1100/pi_hpc	4616645344308049630	4.404766223464064
P/flat/1100/pi_hpt	4601417637463404633	0.4299903514081556
P/flat/1100/pi_lpc	4612320630167375459	2.2818242261726467
P/flat/1100/pi_lpt	4604354216031598606	0.6860064168192836
P/flat/1100/pt4	4694700367130164656	751246.1204871442
P/flat/1100/slip	4607091060067350774	0.9898571431492929
P/flat/1100/sp_thrust	4647307835651355206	488.86587704511874
P/flat/1100/tau_hpc	4609811837917801887	1.583848329190779
P/flat/1100/tau_hpt	4605631448601663563	0.8278077175280115
P/flat/1100/tau_lpc	4608510006787720737	1.294783750232803
P/flat/1100/tau_lpt	4606448603723924805	0.9185301606704931
P/flat/1100/exit_noise	0	0
P/flat/1100/passes	5	5
P/flat/1100/powers_calls	16	16
census/P/flat/close_bracket_fails	0	0
census/P/flat/close_calls	559	559
census/P/flat/close_nonreal_propagated	0	0
census/P/flat/eig_complex	0	0
census/P/flat/eig_real	0	0
census/P/flat/hi_wall_literal	559	559
census/P/flat/hi_wall_map	0	0
census/P/flat/illinois_calls	559	559
census/P/flat/illinois_evals	1133	1133
census/P/flat/illinois_exhausted	0	0
census/P/flat/instant_calls	6	6
census/P/flat/integrate_calls	0	0
census/P/flat/match_calls	0	0
census/P/flat/powers_calls	553	553
Q/1500/nu_lp	4607182418799968240	0.9999999999945413
Q/1500/nu_hp	4607182418799682644	0.9999999999628337
Q/1500/pi_lpc	4613937818241328640	3.0000000001134595
Q/1500/pi_hpc	4618441417867983948	5.999999999591704
Q/1500/mdot_air	4607182418799741607	0.9999999999693799
Q/1500/slip	4607182418800160206	1.0000000000317075
Q/1200/nu_lp	4605832527023816362	0.850131906930945
Q/1200/nu_hp	4606101752703400047	0.8800219617603612
Q/1200/pi_lpc	4612668675102171379	2.4363872262584834
Q/1200/pi_hpc	4617067384931832760	4.779613597745019
Q/1200/mdot_air	4604773011074493350	0.7325020067413461
Q/1200/slip	4606876488162735201	0.9660348762551046
census/Q/close_bracket_fails	0	0
census/Q/close_calls	0	0
census/Q/close_nonreal_propagated	0	0
census/Q/eig_complex	0	0
census/Q/eig_real	0	0
census/Q/hi_wall_literal	0	0
census/Q/hi_wall_map	0	0
census/Q/illinois_calls	0	0
census/Q/illinois_evals	0	0
census/Q/illinois_exhausted	0	0
census/Q/instant_calls	0	0
census/Q/integrate_calls	0	0
census/Q/match_calls	2	2
census/Q/powers_calls	0	0
R/flat/1500/J/00	13835108640650157243	-2.022464416102222
R/flat/1500/J/01	13804831430607340429	-0.020130329154088456
R/flat/1500/J/10	13810675314005613422	-0.04956074519559804
R/flat/1500/J/11	13835227608474198608	-2.075296743078333
R/flat/1500/bc	4562243782661004388	0.0009976741139092965
R/flat/1500/eig/0/lo	13854261658587339498	-40.44980828911305
R/flat/1500/eig/0/hi	13835226437612450376	-2.074776776009717
R/flat/1500/eig/1/lo	13845254735535012392	-10.112942706325228
R/flat/1500/eig/1/hi	13835226210949106006	-2.0746761172642136
R/flat/1500/eig/2/lo	13835260845350281825	-2.090056881116013
R/flat/1500/eig/2/hi	13835075403774074027	-2.007704278064542
R/flat/1500/eig/3/lo	13835227877374921507	-2.0754161589878932
R/flat/1500/eig/3/hi	13824328201559480974	-0.40437346731088375
R/flat/1500/eig/4/lo	13835227665372277846	-2.0753220109013837
R/flat/1500/eig/4/hi	13815321332771987552	-0.10109795298206015
R/flat/1500/eig/5/lo	13835227619405966296	-2.0753015977584077
R/flat/1500/eig/5/hi	13804857215791001600	-0.02021978948094727
R/flat/1200/J/00	13832737046572438878	-1.4846325380215926
R/flat/1200/J/01	13801058135904900836	-0.011332041674943345
R/flat/1200/J/10	13806645454961757281	-0.026423990421289626
R/flat/1200/J/11	13832808084055981454	-1.5004060279896723
R/flat/1200/bc	4554159275381328635	0.0002994377606723578
R/flat/1200/eig/0/lo	13852423052510222287	-29.69286318445648
R/flat/1200/eig/0/hi	13832807127383223280	-1.500193603965041
R/flat/1200/eig/1/lo	13843416078062800518	-7.423415465123645
R/flat/1200/eig/1/hi	13832806945658515016	-1.5001532529739894
R/flat/1200/eig/2/lo	13832858209346867257	-1.5115360784011627
R/flat/1200/eig/2/hi	13832686921281553075	-1.4735024876101022
R/flat/1200/eig/3/lo	13832808308154856226	-1.5004557879357852
R/flat/1200/eig/3/hi	13822391712813195568	-0.2968767476582057
R/flat/1200/eig/4/lo	13832808131334135514	-1.500416525848712
R/flat/1200/eig/4/hi	13813384653503488712	-0.07422112904203992
R/flat/1200/eig/5/lo	13832808093133677594	-1.5004080436431253
R/flat/1200/eig/5/hi	13803082820588344128	-0.014844309726763094
R/flat/950/J/00	13831146272743557576	-1.1314097916625645
R/flat/950/J/01	13797711795206723892	-0.006669782953599591
R/flat/950/J/10	13802885963701074872	-0.014502817463009396
R/flat/950/J/11	13831140684832398749	-1.1301690261369466
R/flat/950/bc	4546765886176476618	9.673064469394653e-05
R/flat/950/eig/0/lo	13850434550761971906	-22.628285823128643
R/flat/950/eig/0/hi	13831140279554020632	-1.130079036259593
R/flat/950/eig/1/lo	13841427446465980542	-5.657155796094342
R/flat/950/eig/1/hi	13831140203677805710	-1.1300621883554274
R/flat/950/eig/2/lo	13831187860504311366	-1.1406441295688565
R/flat/950/eig/2/hi	13831099097071644958	-1.1209346882306543
R/flat/950/eig/3/lo	13831140781221825242	-1.1301904288890712
R/flat/950/eig/3/hi	13820691952775715052	-0.22626055558038816
R/flat/950/eig/4/lo	13831140705120907563	-1.1301735310908707
R/flat/950/eig/4/hi	13811684875404103968	-0.05656598462920415
R/flat/950/eig/5/lo	13831140688725984484	-1.1301698906866529
R/flat/950/eig/5/hi	13801047293653507840	-0.011313233366919473
R/flow_press/1500/J/00	13834589693857387369	-1.8960028724734121
R/flow_press/1500/J/01	4605961825491227385	0.8644869204877913
R/flow_press/1500/J/10	13815768265829597831	-0.10730039511987331
R/flow_press/1500/J/11	13831511453496098739	-1.2124962075867927
R/flow_press/1500/bc	13814720504675087087	-0.09275978814430251
R/flow_press/1500/eig/0/lo	13853898505131926928	-37.86944779201724
R/flow_press/1500/eig/0/hi	13831739379130536432	-1.2631058650377973
R/flow_press/1500/eig/1/lo	13844866630412612378	-9.423529517743692
R/flow_press/1500/eig/1/hi	13831765838621296620	-1.2689810522101608
R/flow_press/1500/eig/2/lo	13833748784900210488	-1.7092835752991515
R/flow_press/1500/eig/2/hi	13832352362453275620	-1.3992155047610533
R/flow_press/1500/eig/3/lo	13831408355963055440	-1.189603956593448
R/flow_press/1500/eig/3/hi	13824287117168826646	-0.4020928254880273
R/flow_press/1500/eig/4/lo	13831492695465646860	-1.2083310881259335
R/flow_press/1500/eig/4/hi	13815167656269142512	-0.09896526308452969
R/flow_press/1500/eig/5/lo	13831507951085915346	-1.2117185163013358
R/flow_press/1500/eig/5/hi	13804718268726114272	-0.01973772001019103
R/flow_press/1200/J/00	13833224190911025063	-1.5928003102244277
R/flow_press/1200/J/01	4603362675352642587	0.5759232876563404
R/flow_press/1200/J/10	13811578757286853227	-0.05582964227231887
R/flow_press/1200/J/11	13830479112243555122	-0.9916352010089666
R/flow_press/1200/bc	13808166678723029702	-0.03215359112615128
R/flow_press/1200/eig/0/lo	13853026054530515928	-31.835156710298037
R/flow_press/1200/eig/0/hi	13830610681723441448	-1.0124846951994844
R/flow_press/1200/eig/1/lo	13843998676600614016	-7.940866913758441
R/flow_press/1200/eig/1/hi	13830620973093384662	-1.0147698383726627
R/flow_press/1200/eig/2/lo	13832956931542247467	-1.5334568092716931
R/flow_press/1200/eig/2/hi	13830784043317951765	-1.0509787019617012
R/flow_press/1200/eig/3/lo	13830391797811712003	-0.9819413517475372
R/flow_press/1200/eig/3/hi	13822956953543249842	-0.3282539113063151
R/flow_press/1200/eig/4/lo	13830463203399833180	-0.9898689645494403
R/flow_press/1200/eig/4/hi	13813902396174598144	-0.08140625197074769
R/flow_press/1200/eig/5/lo	13830476142995355044	-0.9913055482372113
R/flow_press/1200/eig/5/hi	13803715208531107696	-0.016257655873999466
R/flow_press/950/J/00	13832000655534261729	-1.3211208808792139
R/flow_press/950/J/01	4600464246948891098	0.37706654637454806
R/flow_press/950/J/10	13805675356345967822	-0.023058284735644467
R/flow_press/950/J/11	13828966184485920353	-0.8236664778969037
R/flow_press/950/bc	13799537701137700977	-0.008694507790590418
R/flow_press/950/eig/0/lo	13851500591377045177	-26.415622898456352
R/flow_press/950/eig/0/hi	13829027385874985568	-0.8304611970248281
R/flow_press/950/eig/1/lo	13842486828348258744	-6.5980759221551395
R/flow_press/950/eig/1/hi	13829033995025550180	-0.8311949601378328
R/flow_press/950/eig/2/lo	13831918962731903927	-1.302981434854457
R/flow_press/950/eig/2/hi	13829129570090635958	-0.8418059239216606
R/flow_press/950/eig/3/lo	13828938030312688694	-0.8205407367607964
R/flow_press/950/eig/3/hi	13821859804724616253	-0.26734991731195007
R/flow_press/950/eig/4/lo	13828961012133171487	-0.8230922313855763
R/flow_press/950/eig/4/hi	13812837675945402872	-0.06663029055528813
R/flow_press/950/eig/5/lo	13828965218071904994	-0.8235591843877865
R/flow_press/950/eig/5/hi	13802203252501566176	-0.013318502317909375
R/press_flow/1500/J/00	13834473581272035279	-1.8702206993320833
R/press_flow/1500/J/01	4608103437924154834	1.2045073275474931
R/press_flow/1500/J/10	13815023118488883001	-0.09695939843987568
R/press_flow/1500/J/11	13831992676508233720	-1.319349181197138
R/press_flow/1500/bc	13816451941852530777	-0.11678830589542723
R/press_flow/1500/eig/0/lo	13853823931182866177	-37.33956801419664
R/press_flow/1500/eig/0/hi	13832284716805573632	-1.3841951536421675
R/press_flow/1500/eig/1/lo	13844784552059631583	-9.277729074059549
R/press_flow/1500/eig/1/hi	13832323125530517512	-1.3927236037980055
R/press_flow/1500/eig/2/lo	13833233128890134500	-1.5947849402646108
R/press_flow/1500/eig/2/hi	13833233128890134500	-1.5947849402646108
R/press_flow/1500/eig/3/lo	13831878324987030135	-1.2939580428489117
R/press_flow/1500/eig/3/hi	13824239243053186116	-0.3994352782146431
R/press_flow/1500/eig/4/lo	13831971139092138398	-1.3145669141491463
R/press_flow/1500/eig/4/hi	13815119236371155936	-0.09829330201459596
R/press_flow/1500/eig/5/lo	13831988629819203112	-1.3184506357300823
R/press_flow/1500/eig/5/hi	13804678790517710688	-0.019600752460376625
R/press_flow/1200/J/00	13833330724783267396	-1.6164555817976103
R/press_flow/1200/J/01	4605412771122325564	0.8035296402752077
R/press_flow/1200/J/10	13810689274040493032	-0.0496576123965225
R/press_flow/1200/J/11	13830856811169896666	-1.06713641089805
R/press_flow/1200/bc	13809283250385177388	-0.03990136342590342
R/press_flow/1200/eig/0/lo	13853115176579718651	-32.303563667166564
R/press_flow/1200/eig/0/hi	13830971868992599752	-1.092684379683691
R/press_flow/1200/eig/1/lo	13844095497454455869	-8.05372221343543
R/press_flow/1200/eig/1/hi	13830985414589746754	-1.0956921064506706
R/press_flow/1200/eig/2/lo	13832942747566947383	-1.5303073340799196
R/press_flow/1200/eig/2/hi	13831244788386216679	-1.1532846586157406
R/press_flow/1200/eig/3/lo	13830807777014614411	-1.056248641260569
R/press_flow/1200/eig/3/hi	13823063688398486487	-0.3341788859970029
R/press_flow/1200/eig/4/lo	13830847682744058830	-1.0651094931893001
R/press_flow/1200/eig/4/hi	13814006407336021852	-0.08284969679863025
R/press_flow/1200/eig/5/lo	13830855100708025310	-1.0667566120675853
R/press_flow/1200/eig/5/hi	13803797843826707136	-0.01654435464844073
R/press_flow/950/J/00	13832262613068856362	-1.3792871381554144
R/press_flow/950/J/01	4602950652106352353	0.5301795181851184
R/press_flow/950/J/10	13804965576968773797	-0.020595742838879123
R/press_flow/950/J/11	13829421731434740313	-0.8742423490346695
R/press_flow/950/bc	13800820287818058363	-0.010919441014981537
R/press_flow/950/eig/0/lo	13851827648840917796	-27.577564424110406
R/press_flow/950/eig/0/hi	13829495395363667056	-0.8824206880325516
R/press_flow/950/eig/1/lo	13842812528762358986	-6.887356001246369
R/press_flow/950/eig/1/hi	13829503514007514532	-0.8833220385653715
R/press_flow/950/eig/2/lo	13832160673156450996	-1.3566519305792726
R/press_flow/950/eig/2/hi	13829625611259551044	-0.8968775566108111
R/press_flow/950/eig/3/lo	13829388655439222854	-0.8705701758560813
R/press_flow/950/eig/3/hi	13822079214396863561	-0.2795296008096711
R/press_flow/950/eig/4/lo	13829415619475328557	-0.8735637852282189
R/press_flow/950/eig/4/hi	13813054758826381696	-0.06964292071422129
R/press_flow/950/eig/5/lo	13829420588217229634	-0.8741154263944184
R/press_flow/950/eig/5/hi	13802549873569547808	-0.013919794021805265
R/tilted/1500/J/00	13834523696802990024	-1.8813485826035379
R/tilted/1500/J/01	4607322167483905410	1.0310304413027045
R/tilted/1500/J/10	13815418267302656379	-0.10244318982993221
R/tilted/1500/J/11	13831723600774194733	-1.2596023661375384
R/tilted/1500/bc	13815647328117888727	-0.10562204721881173
R/tilted/1500/eig/0/lo	13853856191649426606	-37.56879241586408
R/tilted/1500/eig/0/hi	13831985616760695824	-1.3177816023442155
R/tilted/1500/eig/1/lo	13844820394056941235	-9.341397251118314
R/tilted/1500/eig/1/hi	13832017891472775040	-1.3249480280369141
R/tilted/1500/eig/2/lo	13833123648788592378	-1.570475474370538
R/tilted/1500/eig/2/hi	13833123648788592378	-1.570475474370538
R/tilted/1500/eig/3/lo	13831612814457183394	-1.2350028621456564
R/tilted/1500/eig/3/hi	13824265074661180927	-0.4008692205125896
R/tilted/1500/eig/4/lo	13831703114766636656	-1.255053558682814
R/tilted/1500/eig/4/hi	13815142506259323808	-0.09861623658490126
R/tilted/1500/eig/5/lo	13831719764455134078	-1.258750532187349
R/tilted/1500/eig/5/hi	13804697400779444704	-0.019665319776224766
R/tilted/1200/J/00	13833278097506864552	-1.6047699790004604
R/tilted/1200/J/01	4604293648537073666	0.679282074122739
R/tilted/1200/J/10	13811183173458532297	-0.05308472805749848
R/tilted/1200/J/11	13830667226451494451	-1.0250401470006067
R/tilted/1200/bc	13808729580117268986	-0.036059504179139126
R/tilted/1200/eig/0/lo	13853082610914636040	-32.07217069957011
R/tilted/1200/eig/0/hi	13830771840028784216	-1.0482690274397068
R/tilted/1200/eig/1/lo	13844062995080884310	-7.9979931999224245
R/tilted/1200/eig/1/hi	13830783674653821216	-1.0508968420804834
R/tilted/1200/eig/2/lo	13832958962279836692	-1.533907723597399
R/tilted/1200/eig/2/hi	13830986361678522312	-1.0959024024036683
R/tilted/1200/eig/3/lo	13830620405065487782	-1.0146437108427135
R/tilted/1200/eig/3/hi	13823012735500261872	-0.3313504319579854
R/tilted/1200/eig/4/lo	13830658614754405965	-1.0231279661228598
R/tilted/1200/eig/4/hi	13813956037854909984	-0.08215067982777002
R/tilted/1200/eig/5/lo	13830665616378679518	-1.0246826390185144
R/tilted/1200/eig/5/hi	13803757737470198240	-0.016405207772096975
R/tilted/950/J/00	13832110747335924914	-1.3455661714850007
R/tilted/950/J/01	4601557287061278274	0.43774246135510364
R/tilted/950/J/10	13805338232014099679	-0.02188864975001514
R/tilted/950/J/11	13829160403645486600	-0.8452291361742832
R/tilted/950/bc	13800049070032516604	-0.009581591417311401
R/tilted/950/eig/0/lo	13851638048750368764	-26.903969588915047
R/tilted/950/eig/0/hi	13829226641154724432	-0.8525829769592495
R/tilted/950/eig/1/lo	13842623737350123355	-6.719675543073971
R/tilted/950/eig/1/hi	13829233860186831392	-0.853384450525315
R/tilted/950/eig/2/lo	13832020921356365325	-1.3256207973416878
R/tilted/950/eig/2/hi	13829340055604605778	-0.8651745103175961
R/tilted/950/eig/3/lo	13829130268242820740	-0.8418834343846844
R/tilted/950/eig/3/hi	13821951840624815203	-0.27245893608659894
R/tilted/950/eig/4/lo	13829154852412317637	-0.8446128254863586
R/tilted/950/eig/4/hi	13812928780430094192	-0.06789461926217455
R/tilted/950/eig/5/lo	13829159365919934748	-0.8451139254941924
R/tilted/950/eig/5/hi	13802348733946030560	-0.013570872394940758
R/steep/1500/J/00	13834337799708408674	-1.8400711356805108
R/steep/1500/J/01	4607910362019939674	1.1616358646754947
R/steep/1500/J/10	13815851409909229098	-0.10845425101447206
R/steep/1500/J/11	13831158165749080377	-1.134050569375246
R/steep/1500/bc	13817079121634537273	-0.1259843476549294
R/steep/1500/eig/0/lo	13853738231930978294	-36.73063820530653
R/steep/1500/eig/0/hi	13831476950834300464	-1.2048350776789327
R/steep/1500/eig/1/lo	13844696598212022216	-9.121491655307082
R/steep/1500/eig/1/hi	13831513337734106080	-1.2129145924707174
R/steep/1500/eig/2/lo	13832747982728744526	-1.4870608525278786
R/steep/1500/eig/2/hi	13832747982728744526	-1.4870608525278786
R/steep/1500/eig/3/lo	13831003057310819897	-1.0996095774811592
R/steep/1500/eig/3/hi	13824293645470512413	-0.40245521903018916
R/steep/1500/eig/4/lo	13831130781510956364	-1.1279700470398266
R/steep/1500/eig/4/hi	13815104160272713704	-0.09808407911944494
R/steep/1500/eig/5/lo	13831153074917755628	-1.1329201777450022
R/steep/1500/eig/5/hi	13804658715423814752	-0.019531102987049187
R/steep/1200/J/00	13833425177173482986	-1.6374282254672559
R/steep/1200/J/01	4605527572198589875	0.8162751200872463
R/steep/1200/J/10	13811911796792332538	-0.05814056806664954
R/steep/1200/J/11	13830043407203963655	-0.9432622243190004
R/steep/1200/bc	13810372377248809960	-0.04745869918054507
R/steep/1200/eig/0/lo	13853173600866379654	-32.71869319195598
R/steep/1200/eig/0/hi	13830312464111689216	-0.9731335417081368
R/steep/1200/eig/1/lo	13844152080471441010	-8.154233842650886
R/steep/1200/eig/1/hi	13830339809674057468	-0.9761695090043925
R/steep/1200/eig/2/lo	13833078925838240023	-1.5605449845284676
R/steep/1200/eig/2/hi	13830645182764621399	-1.0201454652577888
R/steep/1200/eig/3/lo	13829900906731354319	-0.9274414937479153
R/steep/1200/eig/3/hi	13823228114634748614	-0.34330637566453637
R/steep/1200/eig/4/lo	13830018514562985663	-0.940498586003251
R/steep/1200/eig/4/hi	13814135055562612888	-0.08463504958911228
R/steep/1200/eig/5/lo	13830038792769571738	-0.9427499191882476
R/steep/1200/eig/5/hi	13803896485697219648	-0.016886587385425367
R/steep/950/J/00	13832436648689358949	-1.417930808752794
R/steep/950/J/01	4603140789540425166	0.5512890139001969
R/steep/950/J/10	13805947591825913249	-0.024002791291754758
R/steep/950/J/11	13828694778518809072	-0.7935343625261435
R/steep/950/bc	13802153661211071177	-0.013232475142083715
R/steep/950/eig/0/lo	13852044792010247352	-28.349011932045613
R/steep/950/eig/0/hi	13828781285849293520	-0.8031386055364127
R/steep/950/eig/1/lo	13843028444848297364	-7.079128009242954
R/steep/950/eig/1/hi	13828789588609102144	-0.8040603970471594
R/steep/950/eig/2/lo	13832337726592656755	-1.3959656908721996
R/steep/950/eig/2/hi	13828892622712213458	-0.8154994804067377
R/steep/950/eig/3/lo	13828647547900209381	-0.7882907105024769
R/steep/950/eig/3/hi	13822246752139430094	-0.28882981377422545
R/steep/950/eig/4/lo	13828686521344283356	-0.7926176319984637
R/steep/950/eig/4/hi	13813211149043695444	-0.07181327096531948
R/steep/950/eig/5/lo	13828693248875591254	-0.7933645380141552
R/steep/950/eig/5/hi	13802797370409047968	-0.014349132599516257
R/lp_only/1500/J/00	13834781419093791491	-1.9385744268449236
R/lp_only/1500/J/01	4609226521011613887	1.453881868000323
R/lp_only/1500/J/10	13810375500961701501	-0.04748037429288574
R/lp_only/1500/J/11	13835146245855645083	-2.039164482093566
R/lp_only/1500/bc	13813010654863098628	-0.06903085527029523
R/lp_only/1500/eig/0/lo	13854020160913176320	-38.73386410831699
R/lp_only/1500/eig/0/hi	13835230968536914888	-2.0767889106750523
R/lp_only/1500/eig/1/lo	13844992718466506226	-9.647506894644696
R/lp_only/1500/eig/1/hi	13835248399293678941	-2.0845297216734893
R/lp_only/1500/eig/2/lo	13835007927761458972	-1.9888694544692447
R/lp_only/1500/eig/2/hi	13835007927761458972	-1.9888694544692447
R/lp_only/1500/eig/3/lo	13835127324463261150	-2.030761695900522
R/lp_only/1500/eig/3/hi	13824179478364848208	-0.3961176715620285
R/lp_only/1500/eig/4/lo	13835142240519162245	-2.0373857553797188
R/lp_only/1500/eig/4/hi	13815149078738486560	-0.09870744805609322
R/lp_only/1500/eig/5/lo	13835145476117969184	-2.038822649897284
R/lp_only/1500/eig/5/hi	13804715345048190784	-0.01972757646473089
R/lp_only/1200/J/00	13833290529112313267	-1.6075303499209042
R/lp_only/1200/J/01	4605863211920052006	0.8535386147618496
R/lp_only/1200/J/10	13806920176021902324	-0.02737712056604731
R/lp_only/1200/J/11	13832712829029784520	-1.4792551633306505
R/lp_only/1200/bc	13805764461276162423	-0.023367429564112165
R/lp_only/1200/eig/0/lo	13853091504316580130	-32.13536212104579
R/lp_only/1200/eig/0/hi	13832781485853837680	-1.4945000407029418
R/lp_only/1200/eig/1/lo	13844076394302182194	-8.019788198239983
R/lp_only/1200/eig/1/hi	13832793279313053368	-1.4971187146951888
R/lp_only/1200/eig/2/lo	13833001679071048894	-1.5433927566257775
R/lp_only/1200/eig/2/hi	13833001679071048894	-1.5433927566257775
R/lp_only/1200/eig/3/lo	13832694585515961526	-1.4752042895113795
R/lp_only/1200/eig/3/hi	13822908369295886142	-0.3255569438034519
R/lp_only/1200/eig/4/lo	13832709065284584664	-1.47841944401471
R/lp_only/1200/eig/4/hi	13813888415909050864	-0.08121223681198564
R/lp_only/1200/eig/5/lo	13832712109712638790	-1.4790954428392111
R/lp_only/1200/eig/5/hi	13803708685334856384	-0.016235023990648356
R/lp_only/950/J/00	13832029583346965193	-1.3275441456222998
R/lp_only/950/J/01	4602748874507255518	0.5077777045480294
R/lp_only/950/J/10	13803583090549541971	-0.015799279545557997
R/lp_only/950/J/11	13831058908368127175	-1.112011003435599
R/lp_only/950/bc	13799150327646340369	-0.008022521901156073
R/lp_only/950/eig/0/lo	13851536887900572790	-26.544574054085807
R/lp_only/950/eig/0/hi	13831087320940287248	-1.1183198617957864
R/lp_only/950/eig/1/lo	13842523280456413144	-6.6304518979704525
R/lp_only/950/eig/1/hi	13831091644268841812	-1.1192798335766456
R/lp_only/950/eig/2/lo	13831814128060334789	-1.2797034616234424
R/lp_only/950/eig/2/hi	13831274363654757579	-1.1598516874344564
R/lp_only/950/eig/3/lo	13831050352810120544	-1.1101112879381034
R/lp_only/950/eig/3/hi	13821860860860342231	-0.26740854462195557
R/lp_only/950/eig/4/lo	13831057180062677472	-1.11162724253483
R/lp_only/950/eig/4/hi	13812847092260769960	-0.06676096818188404
R/lp_only/950/eig/5/lo	13831058579511674075	-1.1119379826343934
R/lp_only/950/eig/5/hi	13802220523230840448	-0.013348462257428695
R/hp_only/1500/J/00	13835109746391358498	-2.022955463838586
R/hp_only/1500/J/01	13801631431725339737	-0.012326551393338091
R/hp_only/1500/J/10	13816286368575312070	-0.11449051508754157
R/hp_only/1500/J/11	13831734915184839525	-1.2621146699791208
R/hp_only/1500/bc	4564151171867847932	0.0014112732182763313
R/hp_only/1500/eig/0/lo	13854263068927138973	-40.459829356107754
R/hp_only/1500/eig/0/hi	13831731672235810048	-1.2613945906430786
R/hp_only/1500/eig/1/lo	13845256217011447007	-10.115574337122267
R/hp_only/1500/eig/1/hi	13831731325735189952	-1.261317652049783
R/hp_only/1500/eig/2/lo	13835113913090611285	-2.024805850017439
R/hp_only/1500/eig/2/hi	13831726581786333949	-1.2602642838002673
R/hp_only/1500/eig/3/lo	13831736396980086455	-1.2624436946193052
R/hp_only/1500/eig/3/hi	13824326194770198460	-0.40426206812753285
R/hp_only/1500/eig/4/lo	13831735188899656320	-1.2621754468774782
R/hp_only/1500/eig/4/hi	13815320543259376456	-0.10108699629357176
R/hp_only/1500/eig/5/lo	13831734966363095092	-1.262126033834659
R/hp_only/1500/eig/5/hi	13804856754997647040	-0.02021819078284781
R/hp_only/1200/J/00	13832724873374152908	-1.4819295450175103
R/hp_only/1200/J/01	13798709825587371361	-0.007535436319123207
R/hp_only/1200/J/10	13811369260352929289	-0.0543759652746268
R/hp_only/1200/J/11	13830628816572632759	-1.016511440623544
R/hp_only/1200/bc	4556194114745145205	0.00040974662361780513
R/hp_only/1200/eig/0/lo	13852407856810036862	-29.63887721254877
R/hp_only/1200/eig/0/hi	13830627527137121976	-1.016225128424976
R/hp_only/1200/eig/1/lo	13843400937751380656	-7.409968167252984
R/hp_only/1200/eig/1/hi	13830627373429415920	-1.0161909984581108
R/hp_only/1200/eig/2/lo	13832728830799178360	-1.4828082698938072
R/hp_only/1200/eig/2/hi	13830624859147607308	-1.0156327157472473
R/hp_only/1200/eig/3/lo	13830629328995298366	-1.0166252213118834
R/hp_only/1200/eig/3/hi	13822380820959403450	-0.2962721283151627
R/hp_only/1200/eig/4/lo	13830628914474950093	-1.0165331793049177
R/hp_only/1200/eig/4/hi	13813374104958247536	-0.07407473856950175
R/hp_only/1200/eig/5/lo	13830628834994731952	-1.0165155311512812
R/hp_only/1200/eig/5/hi	13803066042810947264	-0.014815204922438041
R/hp_only/950/J/00	13831113940137547633	-1.12423051093489
R/hp_only/950/J/01	13795571172734871287	-0.004813088926036483
R/hp_only/950/J/10	13805127807190051249	-0.02115859198560494
R/hp_only/950/J/11	13829109193235049263	-0.8395436384974796
R/hp_only/950/bc	4547142756115468456	0.00010183818477643941
R/hp_only/950/eig/0/lo	13850394136160758951	-22.48470431657611
R/hp_only/950/eig/0/hi	13829108345676709856	-0.8394495406191673
R/hp_only/950/eig/1/lo	13841387030313616412	-5.6212590417572095
R/hp_only/950/eig/1/hi	13829108234084676788	-0.8394371514147196
R/hp_only/950/eig/2/lo	13831115549145908489	-1.1245877825606974
R/hp_only/950/eig/2/hi	13829105975218327549	-0.839186366871672
R/hp_only/950/eig/3/lo	13829109491667149168	-0.8395767711163398
R/hp_only/950/eig/3/hi	13820639797993111472	-0.2248129695681178
R/hp_only/950/eig/4/lo	13829109251784239009	-0.8395501387633325
R/hp_only/950/eig/4/hi	13811632855679734160	-0.05620502528089155
R/hp_only/950/eig/5/lo	13829109204309225091	-0.8395448679779779
R/hp_only/950/eig/5/hi	13801005697549536128	-0.011241075628850572
census/R/close_bracket_fails	0	0
census/R/close_calls	63	63
census/R/close_nonreal_propagated	0	0
census/R/eig_complex	5	5
census/R/eig_real	121	121
census/R/hi_wall_literal	18	18
census/R/hi_wall_map	45	45
census/R/illinois_calls	63	63
census/R/illinois_evals	495	495
census/R/illinois_exhausted	0	0
census/R/instant_calls	63	63
census/R/integrate_calls	0	0
census/R/match_calls	21	21
census/R/powers_calls	0	0
S/tt2	4643745586963694955	286.3754828060834
S/pt2	4680086807681088516	77858.48677323764
S/v0	4643453651052699634	269.7808475368648
S/close/0/Tt2	4643745586963694955	286.3754828060834
S/close/0/Tt25	4645777325033861104	401.8664209439876
S/close/0/Tt3	4649264878965553529	688.2218197656758
S/close/0/eta_hpc	4606101108712705426	0.8799504644306799
S/close/0/eta_lpc	4606281192305152045	0.8999437594998249
S/close/0/f	4581232513127289232	0.019343178860269428
S/close/0/m_hp	4607301877075048980	1.0265250654844111
S/close/0/m_imp	4607257940083801061	1.0167690936211724
S/close/0/m_lp	4607257940083801091	1.016769093621179
S/close/0/mdot4	4607346514838608314	1.0364366400586804
S/close/0/mdot_air	4607257940083801060	1.0167690936211722
S/close/0/n_hp	4607190117406569352	1.0017094340502997
S/close/0/n_lp	4607182418800017408	1.0
S/close/0/phi_hp	4607293987748737138	1.0247732831403735
S/close/0/phi_lp	4607257940083801091	1.016769093621179
S/close/0/pi_hpc	4618228053765514454	5.810494608239614
S/close/0/pi_lpc	4613862197089554905	2.96641746257431
S/close/0/pt4	4698284088881766723	1288316.4830761708
S/close/0/tau_hpc	4610391520133738034	1.7125636378103875
S/close/0/tau_lpc	4608998653000187162	1.4032850054280233
S/inst/0/M9	4607182418800017925	1.0000000000001148
S/inst/0/Pc_hp	4688862499063468387	297958.41535975615
S/inst/0/Pc_lp	4682741340123141608	116487.01784094388
S/inst/0/Phi_hp	13813745658788419840	-0.07923108378381372
S/inst/0/Phi_lp	13814976158000825476	-0.09630769075126194
S/inst/0/Pt_hp	4688453051982776281	274125.4585248209
S/inst/0/Pt_lp	4681974026431734241	105321.13405001863
S/inst/0/Tt2	4643745586963694955	286.3754828060834
S/inst/0/Tt25	4645777325033861104	401.8664209439876
S/inst/0/Tt3	4649264878965553529	688.2218197656758
S/inst/0/Tt4	4653652178236342272	1350.0
S/inst/0/Tt45	4652673320755188490	1127.4335767749603
S/inst/0/Tt5	4652289264387181040	1040.109268803728
S/inst/0/branch_choked	1	1
S/inst/0/eta_hpc	4606101108712705426	0.8799504644306799
S/inst/0/eta_hpt	4606461842859638129	0.92
S/inst/0/eta_lpc	4606281192305152045	0.8999437594998249
S/inst/0/eta_lpt	4606281698874543309	0.9
S/inst/0/f	4581232513127289232	0.019343178860269428
S/inst/0/m_hp	4607301877075048980	1.0265250654844111
S/inst/0/m_imp	4607257940083801061	1.0167690936211724
S/inst/0/m_lp	4607257940083801091	1.016769093621179
S/inst/0/mdot4	4607346514838608314	1.0364366400586804
S/inst/0/mdot_air	4607257940083801060	1.0167690936211722
S/inst/0/n_hp	4607190117406569352	1.0017094340502997
S/inst/0/n_lp	4607182418800017408	1.0
S/inst/0/nu_hp	4607182418800017408	1.0
S/inst/0/nu_hpt	4607426030003305698	1.0540925533894598
S/inst/0/nu_lp	4607182418800017408	1.0
S/inst/0/nu_lpt	4607437664705052145	1.0566759761421702
S/inst/0/phi_hp	4607293987748737138	1.0247732831403735
S/inst/0/phi_lp	4607257940083801091	1.016769093621179
S/inst/0/pi_hpc	4618228053765514454	5.810494608239614
S/inst/0/pi_hpt	4601459138804709256	0.4322941386416166
S/inst/0/pi_lpc	4613862197089554905	2.96641746257431
S/inst/0/pi_lpt	4604369775150931242	0.6877338260718819
S/inst/0/pt4	4698284088881766723	1288316.4830761708
S/inst/0/slip	4607182418800017408	1.0
S/inst/0/sp_thrust	4649048642300144231	663.6385570758256
S/inst/0/tau_hpc	4610391520133738034	1.7125636378103875
S/inst/0/tau_hpt	4605697455747126337	0.8351359827962669
S/inst/0/tau_lpc	4608998653000187162	1.4032850054280233
S/inst/0/tau_lpt	4606484774647951982	0.922545939938187
S/close/1/Tt2	4643745586963694955	286.3754828060834
S/close/1/Tt25	4645540447483481529	388.40149112903924
S/close/1/Tt3	4649015144721025665	659.8303232345062
S/close/1/eta_hpc	4606100904566058889	0.8799277995999414
S/close/1/eta_lpc	4606275133496417342	0.8992710966039181
S/close/1/f	4581456270521988832	0.020119493271287037
S/close/1/m_hp	4606959629219327430	0.9752653877871402
S/close/1/m_imp	4606087152121126888	0.8784009714991017
S/close/1/m_lp	4606087152121126888	0.8784009714991017
S/close/1/mdot4	4606246336195349589	0.8960739539346699
S/close/1/mdot_air	4606087152121126888	0.8784009714991017
S/close/1/n_hp	4606985772837171973	0.9781679124349415
S/close/1/n_lp	4606461842859638129	0.92
S/close/1/phi_hp	4607155691673199821	0.9970326928425038
S/close/1/phi_lp	4606775146258157363	0.9547836646729365
S/close/1/pi_hpc	4618014000669653669	5.620377267826062
S/close/1/pi_lpc	4613153855740865395	2.6518507127306576
S/close/1/pt4	4697535477350654318	1114016.7784405607
S/close/1/tau_hpc	4610329695046497285	1.6988357107395597
S/close/1/tau_lpc	4608786900749949199	1.3562665606819484
S/inst/1/M9	4607182418800016538	0.9999999999999034
S/inst/1/Pc_hp	4688576846286215450	281331.23536242696
S/inst/1/Pc_lp	4681802312894318476	102822.37320998142
S/inst/1/Phi_hp	13805060840354512312	-0.020926254102162395
S/inst/1/Phi_lp	4581725921028689976	0.02105503139985407
S/inst/1/Pt_hp	4688456676735013895	274336.4468739633
S/inst/1/Pt_lp	4681980955575369867	105421.96636080944
S/inst/1/Tt2	4643745586963694955	286.3754828060834
S/inst/1/Tt25	4645540447483481529	388.40149112903924
S/inst/1/Tt3	4649015144721025665	659.8303232345062
S/inst/1/Tt4	4653652178236342272	1350.0
S/inst/1/Tt45	4652674642459571912	1127.7340975584684
S/inst/1/Tt5	4652291019067689766	1040.5082369602255
S/inst/1/branch_choked	1	1
S/inst/1/eta_hpc	4606100904566058889	0.8799277995999414
S/inst/1/eta_hpt	4606461842859638129	0.92
S/inst/1/eta_lpc	4606275133496417342	0.8992710966039181
S/inst/1/eta_lpt	4606281698874543309	0.9
S/inst/1/f	4581456270521988832	0.020119493271287037
S/inst/1/m_hp	4606959629219327430	0.9752653877871402
S/inst/1/m_imp	4606087152121126888	0.8784009714991017
S/inst/1/m_lp	4606087152121126888	0.8784009714991017
S/inst/1/mdot4	4606246336195349589	0.8960739539346699
S/inst/1/mdot_air	4606087152121126888	0.8784009714991017
S/inst/1/n_hp	4606985772837171973	0.9781679124349415
S/inst/1/n_lp	4606461842859638129	0.92
S/inst/1/nu_hp	4606822130829827768	0.96
S/inst/1/nu_hpt	4607236141570079346	1.0119288512538813
S/inst/1/nu_lp	4606461842859638129	0.92
S/inst/1/nu_lpt	4606930328552435481	0.9720123602851088
S/inst/1/phi_hp	4607155691673199821	0.9970326928425038
S/inst/1/phi_lp	4606775146258157363	0.9547836646729365
S/inst/1/pi_hpc	4618014000669653669	5.620377267826062
S/inst/1/pi_hpt	4601460175481404853	0.4323516857584438
S/inst/1/pi_lpc	4613153855740865395	2.6518507127306576
S/inst/1/pi_lpt	4604370145516756700	0.6877749449385777
S/inst/1/pt4	4697535477350654318	1114016.7784405607
S/inst/1/slip	4606807118831069867	0.9583333333333334
S/inst/1/sp_thrust	4648905249650104926	647.3367001403346
S/inst/1/tau_hpc	4610329695046497285	1.6988357107395597
S/inst/1/tau_hpt	4605699460821628003	0.8353585907840507
S/inst/1/tau_lpc	4608786900749949199	1.3562665606819484
S/inst/1/tau_lpt	4606485746855562078	0.9226538766655314
census/S/close_bracket_fails	0	0
census/S/close_calls	4	4
census/S/close_nonreal_propagated	0	0
census/S/eig_complex	0	0
census/S/eig_real	0	0
census/S/hi_wall_literal	0	0
census/S/hi_wall_map	4	4
census/S/illinois_calls	4	4
census/S/illinois_evals	34	34
census/S/illinois_exhausted	0	0
census/S/instant_calls	2	2
census/S/integrate_calls	0	0
census/S/match_calls	0	0
census/S/powers_calls	0	0
